country,year,iso_code,population,gdp,renewables_share_elec,fossil_share_elec,carbon_intensity_elec,solar_share_elec,wind_share_elec,hydro_share_elec,electricity_generation,renewable_growth,renewable_scaled,fossil_scaled,carbon_scaled,growth_scaled,transition_score,performance_group
Afghanistan,2000,AFG,20130334.0,11283794151.0,64.583,35.417,250.0,0.0,0.0,64.583,0.48,0.0,0.64583,0.35417000000000004,0.1913187216848292,0.48466749975497403,66.23684445420388,Emerging Improver
Afghanistan,2001,AFG,20284303.0,11021272927.0,72.464,27.536,217.39,0.0,0.0,72.464,0.69,7.881,0.72464,0.27536,0.16636310762826007,0.5329437420366558,72.31347843984332,Emerging Improver
Afghanistan,2002,AFG,21378123.0,18804871508.0,78.873,21.127,169.01,0.0,0.0,78.873,0.71,14.290000000000006,0.78873,0.21126999999999999,0.12933910860781192,0.5722030285210232,77.67336771262006,Transition Leader
Afghanistan,2003,AFG,22733053.0,21074343420.0,69.231,30.769,241.76,0.0,0.0,69.231,0.91,4.647999999999996,0.69231,0.30768999999999996,0.18501285661809722,0.5131395177888856,69.61037135138085,Emerging Improver
Afghanistan,2004,AFG,23560656.0,22332570533.0,70.886,29.114,227.85,0.0,0.0,70.886,0.79,6.302999999999997,0.7088599999999999,0.29114,0.17436788294355332,0.5232774674115456,71.02156493758434,Emerging Improver
Afghanistan,2005,AFG,24404575.0,25397686814.0,71.951,28.049,219.51,0.0,0.0,71.951,0.82,7.367999999999995,0.71951,0.28049,0.16798549038814742,0.5298012839360972,71.91798199933775,Emerging Improver
Afghanistan,2006,AFG,25424100.0,28704399925.0,71.111,28.889,255.56,0.0,0.0,71.111,0.9,6.528000000000006,0.71111,0.28889,0.1955736500550998,0.524655738508282,70.64709482624673,Emerging Improver
Afghanistan,2007,AFG,25909852.0,34507529735.0,74.257,25.743,227.72,0.0,0.0,74.257,1.01,9.674000000000007,0.7425700000000001,0.25743,0.17426839720827722,0.5439270312653142,73.35639553877279,Emerging Improver
Afghanistan,2008,AFG,26482631.0,36561043230.0,69.231,30.769,256.41,0.0,0.0,69.231,0.78,4.647999999999996,0.69231,0.30768999999999996,0.19622413370882824,0.5131395177888856,69.33008942411257,Emerging Improver
Afghanistan,2009,AFG,27466102.0,44358722212.0,87.64,12.36,112.36,0.0,0.0,87.64,0.89,23.057000000000002,0.8764000000000001,0.1236,0.08598628627402963,0.6259065960991865,84.82294178463707,Transition Leader
Afghanistan,2010,AFG,28284088.0,47399425562.0,85.227,14.773,136.36,0.0,0.0,85.227,0.88,20.644000000000005,0.8522700000000001,0.14773,0.10435288355577324,0.6111254042928551,82.69425897549849,Transition Leader
Afghanistan,2011,AFG,29347708.0,53326336000.0,77.922,22.078,194.81,0.0,0.0,77.922,0.77,13.338999999999999,0.77922,0.22078,0.1490832006856863,0.566377536018818,76.5217830231401,Transition Leader
Afghanistan,2012,AFG,30560036.0,59166900000.0,84.091,15.909,147.73,3.409,0.0,80.682,0.88,19.507999999999996,0.8409099999999999,0.15909,0.11305405901799925,0.6041666666666666,81.69074852455,Transition Leader
Afghanistan,2013,AFG,31622709.0,62993700000.0,80.18,19.82,180.18,2.703,0.0,77.477,1.11,15.597000000000008,0.8018000000000001,0.19820000000000002,0.1378872290926901,0.5802092521807312,78.36395805539371,Transition Leader
Afghanistan,2014,AFG,32792528.0,64346106000.0,86.207,13.793,129.31,2.586,0.0,83.621,1.16,21.623999999999995,0.86207,0.13793,0.09895769560426106,0.6171285406253062,83.50718571927307,Transition Leader
Afghanistan,2015,AFG,33831767.0,62783392000.0,87.288,12.712,118.64,2.542,0.0,84.746,1.18,22.705,0.87288,0.12712,0.09079221256275254,0.6237503675389591,84.45925019901557,Transition Leader
Afghanistan,2016,AFG,34700613.0,64372217488.0,87.603,12.397,115.7,3.306,0.0,84.298,1.21,23.019999999999996,0.87603,0.12397000000000001,0.08854230439573896,0.6256799470743899,84.73344159622236,Transition Leader
Afghanistan,2017,AFG,35688941.0,65169281649.0,86.508,13.492,126.98,3.175,0.0,83.333,1.26,21.924999999999997,0.86508,0.13492,0.09717460511815845,0.6189723610702734,83.76002028810014,Transition Leader
Afghanistan,2018,AFG,36743040.0,65996738862.0,82.906,17.094,153.85,3.419,0.0,79.487,1.17,18.323000000000008,0.8290600000000001,0.17094,0.11773754132484388,0.5969077722238558,80.75377805023675,Transition Leader
Afghanistan,2019,AFG,37856125.0,73085701943.0,87.671,12.329,116.44,4.11,0.0,83.562,1.46,23.088000000000008,0.8767100000000001,0.12329000000000001,0.08910860781192605,0.6260964912280702,84.7663321731229,Transition Leader
Afghanistan,2020,AFG,39068977.0,71417706295.0,89.831,10.169,93.22,5.932,0.0,83.898,1.18,25.248000000000005,0.89831,0.10169,0.0713389249418391,0.6393278937567383,86.70504528280509,Transition Leader
Afghanistan,2021,AFG,40000410.0,56638852656.0,87.736,12.264,113.21,7.547,0.0,80.189,1.06,23.153000000000006,0.87736,0.12264,0.08663676992775805,0.626494658433794,84.87310062831295,Transition Leader
Afghanistan,2022,AFG,40578847.0,53303471617.0,86.458,13.542,125.0,9.375,0.0,77.083,0.96,21.875,0.86458,0.13542,0.0956593608424146,0.6186660786043321,83.76330715800462,Transition Leader
Afghanistan,2023,AFG,41454762.0,,86.598,13.402,123.71,9.278,0.0,77.32,0.97,22.015,0.86598,0.13402,0.09467215623852088,0.619523669508968,83.88485113667149,Transition Leader
Afghanistan,2024,AFG,42647502.0,,86.869,13.131,131.31,11.111,0.0,75.758,0.99,22.286,0.86869,0.13131,0.10048824537773969,0.6211837204743703,83.92694967267205,Transition Leader
Albania,2000,ALB,3166147.0,14736835655.0,96.195,3.805,48.63,0.0,0.0,96.195,4.73,0.0,0.96195,0.03805,0.03721531774213298,0.48466749975497403,89.05662955277128,Transition Leader
Albania,2001,ALB,3147943.0,16103903904.0,95.393,4.607,51.49,0.0,0.0,95.393,3.69,-0.8019999999999925,0.9539300000000001,0.04607,0.03940400391820742,0.4797547290012742,88.44702083706393,Transition Leader
Albania,2002,ALB,3134095.0,17037279441.0,93.801,6.199,62.0,0.0,0.0,93.801,3.71,-2.3939999999999912,0.93801,0.061989999999999996,0.04744704297783764,0.4700026952857003,87.14446435483956,Transition Leader
Albania,2003,ALB,3118093.0,18171076149.0,97.897,2.103,36.33,0.0,0.0,97.897,5.23,1.7020000000000124,0.9789700000000001,0.021030000000000004,0.02780243663523938,0.495093354895619,90.46953940755331,Transition Leader
Albania,2004,ALB,3098662.0,19346601376.0,97.477,2.523,39.64,0.0,0.0,97.477,5.55,1.2820000000000107,0.97477,0.025230000000000002,0.03033549651034652,0.49252058218171135,90.115621319967,Transition Leader
Albania,2005,ALB,3076156.0,20562850324.0,98.701,1.299,33.4,0.0,0.0,98.701,5.39,2.5060000000000002,0.9870099999999999,0.01299,0.025560181217093178,0.5000183769479565,91.08187112379201,Transition Leader
Albania,2006,ALB,3050805.0,21889974405.0,98.214,1.786,35.71,0.0,0.0,98.214,5.04,2.0190000000000055,0.98214,0.01786,0.027327966205461,0.49703518572968736,90.70072863080878,Transition Leader
Albania,2007,ALB,3022887.0,23259283502.0,97.527,2.473,42.4,0.0,0.0,97.527,2.83,1.3320000000000078,0.9752700000000001,0.02473,0.03244765519774703,0.4928268646476527,90.09741158977111,Transition Leader
Albania,2008,ALB,2992933.0,25006230217.0,100.0,0.0,23.94,0.0,0.0,100.0,3.76,3.805000000000007,1.0,0.0,0.018320680788539243,0.5079755954131139,92.16161691148324,Transition Leader
Albania,2009,ALB,2961487.0,25821550979.0,100.0,0.0,23.08,0.0,0.0,100.0,5.2,3.805000000000007,1.0,0.0,0.01766254438594343,0.5079755954131139,92.17807032154812,Transition Leader
Albania,2010,ALB,2928731.0,26747818608.0,100.0,0.0,23.78,0.0,0.0,100.0,7.57,3.805000000000007,1.0,0.0,0.018198236806660953,0.5079755954131139,92.16467801103019,Transition Leader
Albania,2011,ALB,2911499.0,27431048326.0,98.568,1.432,33.41,0.0,0.0,98.568,4.19,2.3730000000000047,0.98568,0.01432,0.02556783396596057,0.4992036655885524,90.98965913467927,Transition Leader
Albania,2012,ALB,2910003.0,27819814441.0,100.0,0.0,23.31,0.0,0.0,100.0,4.72,3.805000000000007,1.0,0.0,0.017838557609893474,0.5079755954131139,92.17366999094936,Transition Leader
Albania,2013,ALB,2907571.0,28098562696.0,100.0,0.0,24.43,0.0,0.0,100.0,6.96,3.805000000000007,1.0,0.0,0.01869566548304151,0.5079755954131139,92.15224229412067,Transition Leader
Albania,2014,ALB,2903748.0,28597169040.0,100.0,0.0,23.31,0.0,0.0,100.0,4.72,3.805000000000007,1.0,0.0,0.017838557609893474,0.5079755954131139,92.17366999094936,Transition Leader
Albania,2015,ALB,2898634.0,29231663899.0,100.0,0.0,23.77,0.0,0.0,100.0,5.89,3.805000000000007,1.0,0.0,0.01819058405779356,0.5079755954131139,92.16486932975188,Transition Leader
Albania,2016,ALB,2897868.0,30200694449.0,100.0,0.0,23.14,0.0,0.0,100.0,7.78,3.805000000000007,1.0,0.0,0.01770846087914779,0.5079755954131139,92.17692240921802,Transition Leader
Albania,2017,ALB,2898245.0,31348975722.0,100.0,0.0,24.28,0.0,0.0,100.0,4.53,3.805000000000007,1.0,0.0,0.01858087425003061,0.5079755954131139,92.15511207494595,Transition Leader
Albania,2018,ALB,2894229.0,32609000823.0,100.0,0.0,23.39,0.0,0.0,100.0,8.55,3.805000000000007,1.0,0.0,0.01789977960083262,0.5079755954131139,92.17213944117589,Transition Leader
Albania,2019,ALB,2885011.0,33289747424.0,100.0,0.0,23.08,0.385,0.0,99.615,5.2,3.805000000000007,1.0,0.0,0.01766254438594343,0.5079755954131139,92.17807032154812,Transition Leader
Albania,2020,ALB,2871950.0,32130726850.0,100.0,0.0,24.48,0.565,0.0,99.435,5.31,3.805000000000007,1.0,0.0,0.018733929227378474,0.5079755954131139,92.15128570051225,Transition Leader
Albania,2021,ALB,2849641.0,34866976278.0,100.0,0.0,23.49,0.447,0.0,99.553,8.94,3.805000000000007,1.0,0.0,0.01797630708950655,0.5079755954131139,92.17022625395904,Transition Leader
Albania,2022,ALB,2827614.0,36171005594.0,100.0,0.0,24.39,2.296,0.0,97.704,6.97,3.805000000000007,1.0,0.0,0.018665054487571938,0.5079755954131139,92.15300756900741,Transition Leader
Albania,2023,ALB,2811660.0,,100.0,0.0,24.42,3.33,0.0,96.67,9.01,3.805000000000007,1.0,0.0,0.018688012734174118,0.5079755954131139,92.15243361284236,Transition Leader
Albania,2024,ALB,2791756.0,,100.0,0.0,25.18,4.077,0.0,95.923,8.34,3.805000000000007,1.0,0.0,0.019269621648095998,0.5079755954131139,92.1378933899943,Transition Leader
Algeria,2000,DZA,30903894.0,208554150552.0,0.197,99.803,638.58,0.0,0.0,0.197,25.4,0.0,0.00197,0.99803,0.48868923717399293,0.48466749975497403,20.17098156697479,Transition Laggard
Algeria,2001,DZA,31331226.0,223420294027.0,0.263,99.737,638.24,0.0,0.0,0.263,26.62,0.066,0.00263,0.99737,0.48842904371250156,0.48507179261001665,20.22315079633771,Transition Laggard
Algeria,2002,DZA,31750832.0,245360923720.0,0.217,99.783,637.98,0.0,0.0,0.217,27.65,0.01999999999999999,0.00217,0.99783,0.4882300722419493,0.4847900127413506,20.196298385071525,Transition Laggard
Algeria,2003,DZA,32175813.0,273568638765.0,0.879,99.121,634.09,0.0,0.0,0.879,29.57,0.6819999999999999,0.008790000000000001,0.9912099999999999,0.4852531529325334,0.4888451925904146,20.728749065542885,Transition Laggard
Algeria,2004,DZA,32628286.0,296773569597.0,0.8,99.2,634.56,0.0,0.0,0.8,31.25,0.603,0.008,0.9920000000000001,0.4856128321293008,0.4883612662942272,20.665098191180885,Transition Laggard
Algeria,2005,DZA,33109258.0,326854481030.0,1.622,98.378,629.31,0.0,0.0,1.622,33.91,1.425,0.016220000000000002,0.98378,0.4815951389739194,0.49339655003430366,21.334269776166572,Transition Laggard
Algeria,2006,DZA,33623505.0,345705309468.0,0.624,99.376,635.82,0.0,0.0,0.624,35.23,0.427,0.00624,0.9937600000000001,0.48657707848659243,0.4872831520141135,20.519220318046887,Transition Laggard
Algeria,2007,DZA,34189420.0,371665260161.0,0.592,99.408,635.92,0.0,0.0,0.592,37.19,0.39499999999999996,0.00592,0.9940800000000001,0.4866536059752663,0.487087131235911,20.495166819157003,Transition Laggard
Algeria,2008,DZA,34816963.0,395658515586.0,0.696,99.304,635.35,0.0,0.0,0.696,40.23,0.49899999999999994,0.00696,0.99304,0.48621739928982494,0.4877241987650691,20.578027999230414,Transition Laggard
Algeria,2009,DZA,35490442.0,418247711085.0,0.779,99.221,634.55,0.0,0.0,0.779,38.5,0.5820000000000001,0.00779,0.99221,0.4856051793804334,0.4882326276585318,20.65075993036714,Transition Laggard
Algeria,2010,DZA,36188237.0,450705801593.0,0.372,99.628,637.0,0.0,0.0,0.372,45.73,0.175,0.00372,0.99628,0.4874801028529448,0.4857394883857689,20.322289754462915,Transition Laggard
Algeria,2011,DZA,36903374.0,482028679734.0,0.976,99.024,633.35,0.0,0.0,0.976,51.22,0.7789999999999999,0.00976,0.99024,0.4846868495163463,0.4894393805743409,20.810019470706454,Transition Laggard
Algeria,2012,DZA,37646165.0,498417638719.0,1.08,98.92,632.75,0.0,0.0,1.08,57.4,0.883,0.0108,0.9892000000000001,0.4842276845843027,0.490076448103499,20.893454606944914,Transition Laggard
Algeria,2013,DZA,38414176.0,512373332647.0,0.551,99.449,636.0,0.0,0.0,0.551,59.89,0.35400000000000004,0.00551,0.99449,0.48671482796620547,0.48683597961383906,20.465268995052448,Transition Laggard
Algeria,2014,DZA,39205035.0,531843509827.0,0.389,99.611,637.0,0.0,0.0,0.389,64.27,0.192,0.0038900000000000002,0.99611,0.4874801028529448,0.485843624424189,20.334051795039215,Transition Laggard
Algeria,2015,DZA,40019528.0,551521739825.0,0.32,99.68,637.42,0.087,0.029,0.203,68.84,0.123,0.0032,0.9968000000000001,0.48780151830537527,0.48542095462118984,20.278276361683464,Transition Laggard
Algeria,2016,DZA,40850719.0,569170418715.0,0.479,99.521,636.4,0.127,0.042,0.31,71.04,0.282,0.00479,0.99521,0.4870209379209012,0.4863949328628835,20.407800544920722,Transition Laggard
Algeria,2017,DZA,41689302.0,577138830559.0,0.841,99.159,634.15,0.749,0.013,0.079,76.07,0.6439999999999999,0.008409999999999999,0.9915900000000001,0.4852990694257377,0.4886124179162991,20.70130953310104,Transition Laggard
Algeria,2018,DZA,42505033.0,584064441740.0,1.068,98.932,632.7,0.899,0.013,0.156,76.75,0.871,0.01068,0.9893200000000001,0.48418942083996575,0.490002940311673,20.88610858367595,Transition Laggard
Algeria,2019,DZA,43294551.0,589905104177.0,1.066,98.934,632.77,0.87,0.012,0.184,81.61,0.869,0.010660000000000001,0.98934,0.48424299008203747,0.4899906890130354,20.88338558314459,Transition Laggard
Algeria,2020,DZA,44042094.0,559819958223.0,1.109,98.891,632.61,1.033,0.013,0.063,79.37,0.9119999999999999,0.011090000000000001,0.9889100000000001,0.4841205461001592,0.490254091933745,20.916197726502194,Transition Laggard
Algeria,2021,DZA,44761099.0,578853830170.0,0.946,99.054,633.53,0.923,0.012,0.012,85.6,0.7489999999999999,0.00946,0.9905400000000001,0.4848245989959593,0.48925561109477606,20.785819191522656,Transition Laggard
Algeria,2022,DZA,45477391.0,595820067103.0,0.94,99.06,633.65,0.907,0.011,0.022,91.47,0.7429999999999999,0.0094,0.9906,0.48491643198236806,0.4892188571988631,20.779372058423746,Transition Laggard
Algeria,2023,DZA,46164222.0,,0.949,99.051,633.61,0.907,0.021,0.021,95.88,0.752,0.00949,0.99051,0.48488582098689853,0.48927398804273253,20.786364295968525,Transition Laggard
Algeria,2024,DZA,46814302.0,,1.069,98.931,632.94,1.027,0.021,0.021,96.36,0.8719999999999999,0.01069,0.98931,0.4843730868127832,0.49000906596099186,20.8822088190953,Transition Laggard
American Samoa,2000,ASM,56877.0,,0.0,100.0,647.06,0.0,0.0,0.0,0.17,0.0,0.0,1.0,0.4951787682135423,0.48466749975497403,19.890543290986056,Transition Laggard
American Samoa,2001,ASM,57072.0,,0.0,100.0,647.06,0.0,0.0,0.0,0.17,0.0,0.0,1.0,0.4951787682135423,0.48466749975497403,19.890543290986056,Transition Laggard
American Samoa,2002,ASM,57081.0,,0.0,100.0,666.67,0.0,0.0,0.0,0.18,0.0,0.0,1.0,0.5101858087425003,0.48466749975497403,19.515367277762103,Transition Laggard
American Samoa,2003,ASM,56988.0,,0.0,100.0,684.21,0.0,0.0,0.0,0.19,0.0,0.0,1.0,0.5236087302559079,0.48466749975497403,19.179794239926913,Transition Laggard
American Samoa,2004,ASM,56841.0,,0.0,100.0,684.21,0.0,0.0,0.0,0.19,0.0,0.0,1.0,0.5236087302559079,0.48466749975497403,19.179794239926913,Transition Laggard
American Samoa,2005,ASM,56638.0,,0.0,100.0,684.21,0.0,0.0,0.0,0.19,0.0,0.0,1.0,0.5236087302559079,0.48466749975497403,19.179794239926913,Transition Laggard
American Samoa,2006,ASM,56391.0,,0.0,100.0,684.21,0.0,0.0,0.0,0.19,0.0,0.0,1.0,0.5236087302559079,0.48466749975497403,19.179794239926913,Transition Laggard
American Samoa,2007,ASM,56134.0,,0.0,100.0,684.21,0.0,0.0,0.0,0.19,0.0,0.0,1.0,0.5236087302559079,0.48466749975497403,19.179794239926913,Transition Laggard
American Samoa,2008,ASM,55848.0,,0.0,100.0,684.21,0.0,0.0,0.0,0.19,0.0,0.0,1.0,0.5236087302559079,0.48466749975497403,19.179794239926913,Transition Laggard
American Samoa,2009,ASM,55542.0,,0.0,100.0,666.67,0.0,0.0,0.0,0.18,0.0,0.0,1.0,0.5101858087425003,0.48466749975497403,19.515367277762103,Transition Laggard
American Samoa,2010,ASM,55246.0,,0.0,100.0,687.5,0.0,0.0,0.0,0.16,0.0,0.0,1.0,0.5261264846332803,0.48466749975497403,19.116850380492604,Transition Laggard
American Samoa,2011,ASM,54917.0,,0.0,100.0,687.5,0.0,0.0,0.0,0.16,0.0,0.0,1.0,0.5261264846332803,0.48466749975497403,19.116850380492604,Transition Laggard
American Samoa,2012,ASM,54506.0,,0.0,100.0,687.5,0.0,0.0,0.0,0.16,0.0,0.0,1.0,0.5261264846332803,0.48466749975497403,19.116850380492604,Transition Laggard
American Samoa,2013,ASM,54026.0,,0.0,100.0,666.67,0.0,0.0,0.0,0.15,0.0,0.0,1.0,0.5101858087425003,0.48466749975497403,19.515367277762103,Transition Laggard
American Samoa,2014,ASM,53489.0,,0.0,100.0,666.67,0.0,0.0,0.0,0.15,0.0,0.0,1.0,0.5101858087425003,0.48466749975497403,19.515367277762103,Transition Laggard
American Samoa,2015,ASM,52896.0,,0.0,100.0,687.5,0.0,0.0,0.0,0.16,0.0,0.0,1.0,0.5261264846332803,0.48466749975497403,19.116850380492604,Transition Laggard
American Samoa,2016,ASM,52260.0,,0.0,100.0,647.06,0.0,0.0,0.0,0.17,0.0,0.0,1.0,0.4951787682135423,0.48466749975497403,19.890543290986056,Transition Laggard
American Samoa,2017,ASM,51605.0,,0.0,100.0,687.5,0.0,0.0,0.0,0.16,0.0,0.0,1.0,0.5261264846332803,0.48466749975497403,19.116850380492604,Transition Laggard
American Samoa,2018,ASM,50927.0,,0.0,100.0,687.5,0.0,0.0,0.0,0.16,0.0,0.0,1.0,0.5261264846332803,0.48466749975497403,19.116850380492604,Transition Laggard
American Samoa,2019,ASM,50230.0,,0.0,100.0,687.5,0.0,0.0,0.0,0.16,0.0,0.0,1.0,0.5261264846332803,0.48466749975497403,19.116850380492604,Transition Laggard
American Samoa,2020,ASM,49779.0,,0.0,100.0,647.06,0.0,0.0,0.0,0.17,0.0,0.0,1.0,0.4951787682135423,0.48466749975497403,19.890543290986056,Transition Laggard
American Samoa,2021,ASM,49249.0,,0.0,100.0,647.06,0.0,0.0,0.0,0.17,0.0,0.0,1.0,0.4951787682135423,0.48466749975497403,19.890543290986056,Transition Laggard
American Samoa,2022,ASM,48365.0,,5.556,94.444,611.11,5.556,0.0,0.0,0.18,5.556,0.05556,0.9444400000000001,0.4676671360352639,0.5187016073703813,24.42244570967412,Transition Laggard
American Samoa,2023,ASM,47544.0,,0.0,100.0,647.06,0.0,0.0,0.0,0.17,0.0,0.0,1.0,0.4951787682135423,0.48466749975497403,19.890543290986056,Transition Laggard
American Samoa,2024,ASM,46792.0,,5.556,94.444,611.11,5.556,0.0,0.0,0.18,5.556,0.05556,0.9444400000000001,0.4676671360352639,0.5187016073703813,24.42244570967412,Transition Laggard
Angola,2000,AGO,16194873.0,23512184116.0,63.194,36.806,256.94,0.0,0.0,63.194,1.44,0.0,0.6319400000000001,0.36806,0.19662972939880005,0.48466749975497403,65.27066926135461,Emerging Improver
Angola,2001,AGO,16747204.0,26015021059.0,62.195,37.805,262.2,0.0,0.0,62.195,1.64,-0.9990000000000023,0.62195,0.37805,0.20065507530304885,0.47854797608546507,64.47884275870575,Emerging Improver
Angola,2002,AGO,17327701.0,31389808151.0,64.773,35.227,250.0,0.0,0.0,64.773,1.76,1.5789999999999935,0.64773,0.35226999999999997,0.1913187216848292,0.4943399000294031,66.49593045832032,Emerging Improver
Angola,2003,AGO,17943718.0,35081368421.0,62.312,37.688,261.31,0.0,0.0,62.312,1.99,-0.882000000000005,0.62312,0.37688000000000005,0.19997398065385086,0.47926467705576786,64.57682063949024,Emerging Improver
Angola,2004,AGO,18600426.0,41307235678.0,78.125,21.875,160.71,0.0,0.0,78.125,2.24,14.930999999999997,0.78125,0.21875,0.1229873270478756,0.5761295697343918,77.44226036981898,Transition Leader
Angola,2005,AGO,19291160.0,51967661783.0,84.411,15.589,121.67,0.0,0.0,84.411,2.63,21.217,0.84411,0.15589,0.09311099546957267,0.6146354013525434,82.53835613354883,Transition Leader
Angola,2006,AGO,20015281.0,66749579296.0,85.235,14.765,117.45,0.0,0.0,85.235,2.98,22.040999999999997,0.85235,0.14765,0.08988153544753276,0.6196829363912575,83.18920565968054,Transition Leader
Angola,2007,AGO,20778570.0,87086353818.0,76.852,23.148,169.75,0.0,0.0,76.852,3.24,13.658000000000001,0.7685200000000001,0.23148,0.12990541202399902,0.5683316181515241,76.38853897167289,Transition Leader
Angola,2008,AGO,21578656.0,105593132748.0,77.778,22.222,162.96,0.0,0.0,77.778,4.05,14.584000000000003,0.77778,0.22222000000000003,0.12470919554303907,0.5740039694207586,77.15912965273539,Transition Leader
Angola,2009,AGO,22414775.0,115247846475.0,66.599,33.401,236.25,0.0,0.0,66.599,4.91,3.405000000000001,0.6659900000000001,0.33401000000000003,0.1807961919921636,0.5055253356855827,68.02237523547964,Emerging Improver
Angola,2010,AGO,23294822.0,126984175354.0,67.949,32.051,227.11,0.183,0.0,67.766,5.46,4.7549999999999955,0.67949,0.32051,0.17380157952736625,0.5137949622660002,69.13128494580585,Emerging Improver
Angola,2011,AGO,24218358.0,140477268750.0,71.025,28.975,208.48,0.177,0.0,70.848,5.66,7.831000000000003,0.71025,0.28975,0.15954450838741274,0.5326374595707145,71.6159491838754,Emerging Improver
Angola,2012,AGO,25177398.0,152476849129.0,70.984,29.016,207.25,0.13,0.0,70.855,7.72,7.789999999999992,0.7098399999999999,0.29016,0.1586032202767234,0.5323863079486425,71.61111411231154,Emerging Improver
Angola,2013,AGO,26165616.0,160032073258.0,58.037,41.963,289.57,0.123,0.0,57.914,8.15,-5.157000000000004,0.58037,0.41963,0.22160064895310394,0.4530775262177791,61.078346669439085,Emerging Improver
Angola,2014,AGO,27160767.0,167750415635.0,52.824,47.176,324.27,0.209,0.0,52.197,9.56,-10.370000000000005,0.52824,0.47176,0.24815568752295825,0.42114451631872973,56.807675556707,Mixed Performer
Angola,2015,AGO,28157802.0,169333972139.0,54.601,45.399,312.88,0.204,0.0,53.988,9.78,-8.593000000000004,0.54601,0.45399,0.23943920656299744,0.43202979515828677,58.25506676329937,Mixed Performer
Angola,2016,AGO,29183072.0,164965166058.0,58.561,41.439,286.89,0.182,0.0,57.924,10.98,-4.633000000000003,0.58561,0.41439000000000004,0.21954971225664258,0.45628736646084483,61.492167690496615,Emerging Improver
Angola,2017,AGO,30234836.0,164717711409.0,71.415,28.585,205.37,0.185,0.0,70.768,10.81,8.221000000000004,0.7141500000000001,0.28585,0.1571645034896535,0.5350264628050574,71.94528435483453,Emerging Improver
Angola,2018,AGO,31297160.0,162550037080.0,79.452,20.548,154.49,0.152,0.0,78.919,13.14,16.257999999999996,0.79452,0.20548,0.11822731725235705,0.5842583063804763,78.47939166439822,Transition Leader
Angola,2019,AGO,32375633.0,161408924528.0,73.198,26.802,186.47,0.126,0.0,72.756,15.82,10.00399999999999,0.73198,0.26802,0.1427008081302804,0.5459484955405273,73.54050722985089,Emerging Improver
Angola,2020,AGO,33451139.0,152308692850.0,75.61,24.39,171.33,0.119,0.0,75.193,16.81,12.415999999999997,0.7561,0.2439,0.13111454634504716,0.5607235616975399,75.49898976683691,Transition Leader
Angola,2021,AGO,34532427.0,153971902307.0,75.43,24.57,172.7,0.119,0.0,75.015,16.85,12.236000000000004,0.7543000000000001,0.2457,0.13216297293988,0.559620944820151,75.34823984880526,Transition Leader
Angola,2022,AGO,35635028.0,158346237030.0,75.563,24.437,172.16,2.253,0.0,73.021,17.31,12.369,0.75563,0.24437,0.13174972450104078,0.560435656179555,75.4505917301673,Transition Leader
Angola,2023,AGO,36749909.0,,74.032,25.968,183.49,2.476,0.0,71.238,15.75,10.837999999999994,0.74032,0.25968,0.14042028896779724,0.5510572870724296,74.1745520818915,Emerging Improver
Angola,2024,AGO,37885854.0,,73.701,26.299,185.38,2.822,0.0,70.558,15.59,10.50699999999999,0.7370099999999999,0.26299,0.14186665850373453,0.5490296971478976,73.90937899462509,Emerging Improver
Antigua and Barbuda,2000,ATG,74929.0,,0.0,100.0,666.67,0.0,0.0,0.0,0.15,0.0,0.0,1.0,0.5101858087425003,0.48466749975497403,19.515367277762103,Transition Laggard
Antigua and Barbuda,2001,ATG,76082.0,,0.0,100.0,647.06,0.0,0.0,0.0,0.17,0.0,0.0,1.0,0.4951787682135423,0.48466749975497403,19.890543290986056,Transition Laggard
Antigua and Barbuda,2002,ATG,77049.0,,0.0,100.0,684.21,0.0,0.0,0.0,0.19,0.0,0.0,1.0,0.5236087302559079,0.48466749975497403,19.179794239926913,Transition Laggard
Antigua and Barbuda,2003,ATG,77896.0,,0.0,100.0,666.67,0.0,0.0,0.0,0.21,0.0,0.0,1.0,0.5101858087425003,0.48466749975497403,19.515367277762103,Transition Laggard
Antigua and Barbuda,2004,ATG,78734.0,,0.0,100.0,636.36,0.0,0.0,0.0,0.22,0.0,0.0,1.0,0.48699032692543165,0.48466749975497403,20.09525432318882,Transition Laggard
Antigua and Barbuda,2005,ATG,79628.0,,0.0,100.0,666.67,0.0,0.0,0.0,0.24,0.0,0.0,1.0,0.5101858087425003,0.48466749975497403,19.515367277762103,Transition Laggard
Antigua and Barbuda,2006,ATG,80619.0,,0.0,100.0,653.85,0.0,0.0,0.0,0.26,0.0,0.0,1.0,0.5003749846945023,0.48466749975497403,19.760637878962054,Transition Laggard
Antigua and Barbuda,2007,ATG,81716.0,,0.0,100.0,655.17,0.0,0.0,0.0,0.29,0.0,0.0,1.0,0.5013851475449982,0.48466749975497403,19.735383807699655,Transition Laggard
Antigua and Barbuda,2008,ATG,82926.0,,0.0,100.0,666.67,0.0,0.0,0.0,0.3,0.0,0.0,1.0,0.5101858087425003,0.48466749975497403,19.515367277762103,Transition Laggard
Antigua and Barbuda,2009,ATG,84193.0,,0.0,100.0,666.67,0.0,0.0,0.0,0.33,0.0,0.0,1.0,0.5101858087425003,0.48466749975497403,19.515367277762103,Transition Laggard
Antigua and Barbuda,2010,ATG,85337.0,,0.0,100.0,666.67,0.0,0.0,0.0,0.33,0.0,0.0,1.0,0.5101858087425003,0.48466749975497403,19.515367277762103,Transition Laggard
Antigua and Barbuda,2011,ATG,86350.0,,0.0,100.0,666.67,0.0,0.0,0.0,0.33,0.0,0.0,1.0,0.5101858087425003,0.48466749975497403,19.515367277762103,Transition Laggard
Antigua and Barbuda,2012,ATG,87275.0,,0.0,100.0,666.67,0.0,0.0,0.0,0.33,0.0,0.0,1.0,0.5101858087425003,0.48466749975497403,19.515367277762103,Transition Laggard
Antigua and Barbuda,2013,ATG,88074.0,,0.0,100.0,666.67,0.0,0.0,0.0,0.33,0.0,0.0,1.0,0.5101858087425003,0.48466749975497403,19.515367277762103,Transition Laggard
Antigua and Barbuda,2014,ATG,88784.0,,0.0,100.0,647.06,0.0,0.0,0.0,0.34,0.0,0.0,1.0,0.4951787682135423,0.48466749975497403,19.890543290986056,Transition Laggard
Antigua and Barbuda,2015,ATG,89421.0,,2.857,97.143,628.57,2.857,0.0,0.0,0.35,2.857,0.02857,0.97143,0.4810288355577324,0.502168479858865,22.221006308939668,Transition Laggard
Antigua and Barbuda,2016,ATG,89980.0,,0.0,100.0,647.06,0.0,0.0,0.0,0.34,0.0,0.0,1.0,0.4951787682135423,0.48466749975497403,19.890543290986056,Transition Laggard
Antigua and Barbuda,2017,ATG,90483.0,,2.857,97.143,628.57,2.857,0.0,0.0,0.35,2.857,0.02857,0.97143,0.4810288355577324,0.502168479858865,22.221006308939668,Transition Laggard
Antigua and Barbuda,2018,ATG,90942.0,,2.778,97.222,638.89,2.778,0.0,0.0,0.36,2.778,0.02778,0.97222,0.4889264723888821,0.5016845535626776,21.968906493718112,Transition Laggard
Antigua and Barbuda,2019,ATG,91377.0,,2.778,97.222,638.89,2.778,0.0,0.0,0.36,2.778,0.02778,0.97222,0.4889264723888821,0.5016845535626776,21.968906493718112,Transition Laggard
Antigua and Barbuda,2020,ATG,91864.0,,5.714,94.286,628.57,5.714,0.0,0.0,0.35,5.714,0.05714,0.94286,0.4810288355577324,0.519669459962756,24.19772101049803,Transition Laggard
Antigua and Barbuda,2021,ATG,92358.0,,5.714,94.286,628.57,5.714,0.0,0.0,0.35,5.714,0.05714,0.94286,0.4810288355577324,0.519669459962756,24.19772101049803,Transition Laggard
Antigua and Barbuda,2022,ATG,92850.0,,5.556,94.444,611.11,5.556,0.0,0.0,0.36,5.556,0.05556,0.9444400000000001,0.4676671360352639,0.5187016073703813,24.42244570967412,Transition Laggard
Antigua and Barbuda,2023,ATG,93331.0,,5.556,94.444,611.11,5.556,0.0,0.0,0.36,5.556,0.05556,0.9444400000000001,0.4676671360352639,0.5187016073703813,24.42244570967412,Transition Laggard
Antigua and Barbuda,2024,ATG,93782.0,,8.108,91.892,594.6,8.108,0.0,0.0,0.37,8.108,0.08108000000000001,0.91892,0.4550324476551978,0.5343342644320298,26.5040027751005,Transition Laggard
Argentina,2000,ARG,37213986.0,536480965694.0,32.592,60.463,355.47,0.0,0.034,32.12,88.98,0.0,0.32592,0.60463,0.272032263989225,0.48466749975497403,46.76065589659398,Mixed Performer
Argentina,2001,ARG,37624817.0,514867255248.0,41.036,51.132,302.09,0.0,0.055,40.581,90.14,8.444000000000003,0.41036,0.51132,0.23118189053508018,0.536392482603156,53.84593997567033,Mixed Performer
Argentina,2002,ARG,38029345.0,460558541367.0,43.007,50.112,294.83,0.0,0.083,42.298,84.59,10.415,0.43007,0.50112,0.22562599485735274,0.5484661374105655,55.11079218972467,Mixed Performer
Argentina,2003,ARG,38424283.0,503104157615.0,37.754,54.024,316.39,0.0,0.087,36.711,92.07,5.161999999999999,0.37754,0.54024,0.24212532141545243,0.5162881015387631,51.39908848769513,Mixed Performer
Argentina,2004,ARG,38815915.0,550306327169.0,31.319,60.832,357.67,0.0,0.07,30.381,100.26,-1.2729999999999997,0.31319,0.60832,0.27371586874005144,0.47686954817210625,46.063796504080315,Mixed Performer
Argentina,2005,ARG,39216786.0,601050418142.0,33.296,60.208,357.16,0.0,0.066,32.359,105.75,0.7040000000000006,0.33296,0.60208,0.2733255785478144,0.4889799568754288,47.10315988943607,Mixed Performer
Argentina,2006,ARG,39622113.0,652296814311.0,34.506,58.688,349.91,0.0,0.062,33.518,113.43,1.9140000000000015,0.34506000000000003,0.5868800000000001,0.26777733561895434,0.4963919925512104,48.156546497794295,Mixed Performer
Argentina,2007,ARG,40016767.0,714725198062.0,28.497,65.116,388.04,0.0,0.053,27.502,113.52,-4.094999999999999,0.28497,0.65116,0.2969572670503245,0.4595829657943742,43.1647628106575,Mixed Performer
Argentina,2008,ARG,40424151.0,747157417513.0,26.618,67.32,400.62,0.0,0.033,25.593,121.91,-5.974,0.26617999999999997,0.6731999999999999,0.3065844251255051,0.4480728707242968,41.542782432726824,Mixed Performer
Argentina,2009,ARG,40854832.0,705920838368.0,29.308,64.004,382.36,0.0,0.033,28.303,122.32,-3.283999999999999,0.29308,0.64004,0.29261050569364516,0.46455086739194357,43.90980036853802,Mixed Performer
Argentina,2010,ARG,41288694.0,785785170150.0,27.595,66.683,401.59,0.0,0.024,26.476,126.0,-4.997,0.27595,0.66683,0.30732674176564223,0.4540576301087915,42.11519590749081,Mixed Performer
Argentina,2011,ARG,41730655.0,837742673804.0,25.183,69.874,419.88,0.0,0.023,24.087,129.49,-7.408999999999999,0.25183,0.6987399999999999,0.3213236194441043,0.4392825639517789,39.90169797317408,Transition Laggard
Argentina,2012,ARG,42161718.0,829147409948.0,22.783,72.511,432.14,0.007,0.272,21.438,136.02,-9.808999999999997,0.22783,0.7251099999999999,0.3307058895555283,0.4245810055865922,37.94736784491067,Transition Laggard
Argentina,2013,ARG,42582453.0,849088398588.0,24.934,70.613,422.23,0.014,0.323,23.499,139.45,-7.657999999999998,0.24934,0.70613,0.3231220154279417,0.4377572772713908,39.56195877337232,Transition Laggard
Argentina,2014,ARG,43024071.0,827750786191.0,24.931,71.091,424.14,0.014,0.448,23.401,138.54,-7.660999999999998,0.24931,0.7109099999999999,0.3245836904616138,0.4377389003234343,39.404591243311174,Transition Laggard
Argentina,2015,ARG,43477011.0,850356641236.0,23.676,71.483,426.56,0.007,0.406,22.239,145.42,-8.916,0.23676,0.7148300000000001,0.326435655687523,0.4300512104283054,38.7057267642365,Transition Laggard
Argentina,2016,ARG,43900312.0,832669278245.0,21.396,72.979,431.92,0.007,0.374,20.213,147.18,-11.195999999999998,0.21396,0.72979,0.3305375290804457,0.416084729981378,37.221682722709524,Transition Laggard
Argentina,2017,ARG,44288898.0,856142153676.0,23.13,72.687,425.38,0.014,0.419,21.695,145.61,-9.462,0.2313,0.72687,0.32553263132117055,0.4267066059002254,38.18603330547411,Transition Laggard
Argentina,2018,ARG,44654876.0,833736983405.0,23.995,71.324,414.29,0.075,0.961,21.992,146.78,-8.596999999999998,0.23995000000000002,0.71324,0.3170457328272316,0.4320052925610115,39.121186067734385,Transition Laggard
Argentina,2019,ARG,44973469.0,817053926667.0,24.927,69.025,397.62,0.573,3.583,19.709,139.53,-7.664999999999999,0.24927,0.69025,0.30428860046528716,0.437714397726159,40.426700954260205,Mixed Performer
Argentina,2020,ARG,45191960.0,735814250460.0,25.318,67.761,394.7,0.926,6.506,16.365,144.64,-7.273999999999997,0.25318,0.6776099999999999,0.30205399779600833,0.44010952660982067,40.971342954247106,Mixed Performer
Argentina,2021,ARG,45312282.0,812324184006.0,24.185,69.174,406.99,1.437,8.449,12.831,153.15,-8.407,0.24184999999999998,0.6917400000000001,0.31145922615403454,0.4331691659315887,39.88230683512297,Transition Laggard
Argentina,2022,ARG,45407904.0,854914363923.0,29.03,65.84,392.69,2.019,9.725,15.638,145.61,-3.5619999999999976,0.2903,0.6584000000000001,0.3005157952736623,0.46284793688130943,43.130324171378085,Mixed Performer
Argentina,2023,ARG,45538402.0,,34.767,59.202,350.9,2.208,9.747,21.197,148.56,2.1750000000000043,0.34767000000000003,0.59202,0.26853495775682623,0.49799078702342453,48.124437861430714,Mixed Performer
Argentina,2024,ARG,45696153.0,,34.385,58.763,344.83,2.603,10.603,19.454,152.51,1.7929999999999993,0.34385,0.58763,0.2638897391943186,0.49565078898363224,48.18151835489652,Mixed Performer
Argentina,2025,ARG,45851379.0,,34.58,58.394,346.0,3.356,12.158,17.14,153.15,1.9879999999999995,0.3458,0.58394,0.2647851108118036,0.4968452906008037,48.33755158871696,Mixed Performer
Armenia,2000,ARM,3125630.0,15244825874.0,21.626,46.54,280.28,0.0,0.0,21.626,5.78,0.0,0.21626,0.4654,0.21449124525529567,0.48466749975497403,47.84183136494222,Mixed Performer
Armenia,2001,ARM,3084350.0,16184137401.0,16.725,48.606,290.94,0.0,0.0,16.725,5.74,-4.901,0.16725,0.48606000000000005,0.2226490755479368,0.45464569244339903,44.955708497952564,Mixed Performer
Armenia,2002,ARM,3055636.0,18018113990.0,30.885,29.755,184.56,0.0,0.0,30.885,5.31,9.259,0.30885,0.29755,0.1412391330966083,0.5413848867980006,57.960794974554794,Mixed Performer
Armenia,2003,ARM,3038976.0,19928773567.0,36.981,28.679,179.25,0.0,0.0,36.981,5.3,15.355,0.36981,0.28679,0.13717552344802253,0.5787268450455748,61.02511458948305,Emerging Improver
Armenia,2004,ARM,3022544.0,21350959248.0,34.197,27.807,172.71,0.0,0.0,34.197,5.79,12.571000000000002,0.34197000000000005,0.27807,0.1321706256887474,0.5616730373419583,60.138029917910686,Emerging Improver
Armenia,2005,ARM,3006360.0,23626538545.0,28.783,30.099,184.21,0.0,0.0,28.783,6.08,7.157,0.28783000000000003,0.30099000000000004,0.14097128688624955,0.5285087719298246,56.952649406791124,Mixed Performer
Armenia,2006,ARM,2990371.0,25937834265.0,31.699,25.919,161.12,0.0,0.0,31.699,5.71,10.073,0.31699000000000005,0.25919000000000003,0.12330108975143872,0.5463711653435264,59.727940236366926,Mixed Performer
Armenia,2007,ARM,2974825.0,28610365796.0,32.275,26.279,162.26,0.0,0.0,32.275,5.67,10.648999999999997,0.32275,0.26279,0.12417350312232153,0.5498995393511712,59.870655512209524,Mixed Performer
Armenia,2008,ARM,2959996.0,29672467967.0,30.169,31.356,193.22,0.0,0.0,30.169,5.9,8.543,0.30169,0.31356,0.1478664136157708,0.5369989218857198,57.07847348789152,Mixed Performer
Armenia,2009,ARM,2945518.0,24704739187.0,36.765,21.14,134.19,0.0,0.0,36.765,5.44,15.139,0.36765000000000003,0.2114,0.10269223705154891,0.5774037047927081,63.67649964560189,Emerging Improver
Armenia,2010,ARM,2931083.0,24485670654.0,40.51,22.967,146.73,0.0,0.159,40.351,6.27,18.883999999999997,0.4051,0.22966999999999999,0.11228878413125994,0.6003442614917182,64.63469431909427,Emerging Improver
Armenia,2011,ARM,2923269.0,24860520809.0,34.119,33.148,203.88,0.0,0.0,34.119,7.21,12.492999999999999,0.34119,0.33148000000000005,0.1560242439084119,0.5611952366950896,58.17197245271605,Mixed Performer
Armenia,2012,ARM,2922529.0,26634064691.0,29.412,43.478,263.43,0.0,0.0,29.412,7.82,7.785999999999998,0.29412,0.43478,0.2015963634137382,0.5323618053513672,52.37021799492706,Mixed Performer
Armenia,2013,ARM,2922526.0,27542825799.0,28.705,42.323,256.34,0.0,0.0,28.705,7.49,7.078999999999997,0.28704999999999997,0.42323,0.19617056446675643,0.528030971282956,52.48220045757542,Mixed Performer
Armenia,2014,ARM,2922433.0,28536291283.0,26.162,43.692,264.28,0.0,0.0,26.162,7.53,4.535999999999998,0.26162,0.43692000000000003,0.20224684706746662,0.5124534450651769,50.864330499290986,Mixed Performer
Armenia,2015,ARM,2921179.0,29464863299.0,28.874,37.086,225.17,0.0,0.0,28.874,7.55,7.2479999999999976,0.28874,0.37085999999999997,0.17231694624709196,0.5290662060178379,54.46246943409028,Mixed Performer
Armenia,2016,ARM,2918796.0,29522321034.0,32.817,36.338,222.54,0.0,0.0,32.817,7.1,11.190999999999999,0.32817,0.36338000000000004,0.17030427329496756,0.5532196412819759,56.442137786855454,Mixed Performer
Armenia,2017,ARM,2914966.0,31741802974.0,29.88,38.114,231.08,0.0,0.0,29.88,7.53,8.253999999999998,0.2988,0.38114,0.17683972082772134,0.5352286092325786,54.53693611779564,Mixed Performer
Armenia,2018,ARM,2909971.0,33400320594.0,30.435,44.532,268.78,0.264,0.0,30.171,7.59,8.808999999999997,0.30435,0.44532,0.20569058405779353,0.538628344604528,52.45641056762308,Mixed Performer
Armenia,2019,ARM,2903975.0,35949092334.0,32.176,40.721,248.33,0.801,0.0,31.375,7.49,10.55,0.32176000000000005,0.40720999999999996,0.19004071262397454,0.5492931000686073,54.56972868542975,Mixed Performer
Armenia,2020,ARM,2890893.0,33378378959.0,25.131,41.492,251.31,1.832,0.0,23.298,7.64,3.504999999999999,0.25131000000000003,0.41491999999999996,0.1923212317864577,0.5061379006174654,51.20688771460053,Mixed Performer
Armenia,2021,ARM,2870339.0,35275596129.0,32.254,43.782,265.54,3.756,0.0,28.497,7.72,10.627999999999997,0.32254,0.43782,0.20321109342475818,0.5497709007154759,53.50968617511318,Mixed Performer
Armenia,2022,ARM,2880880.0,39721734780.0,34.109,39.271,240.89,5.263,0.0,28.846,9.88,12.483,0.34109,0.39271,0.184347067466634,0.5611339802019014,55.92873301636268,Mixed Performer
Armenia,2023,ARM,2943398.0,,27.977,43.006,262.43,8.902,0.0,19.075,8.65,6.350999999999999,0.27977,0.43006,0.2008310885269989,0.5235714985788493,51.87324526550776,Mixed Performer
Armenia,2024,ARM,2973843.0,,31.894,38.981,240.31,9.745,0.0,22.148,9.03,10.267999999999997,0.31894,0.38981000000000005,0.1839032080323252,0.5475656669606979,55.033554803602335,Mixed Performer
Armenia,2025,ARM,2952355.0,,38.992,34.053,211.93,11.008,0.0,27.984,9.72,17.365999999999996,0.38992,0.34053,0.1621847067466634,0.5910455258257375,59.945015218719476,Mixed Performer
Aruba,2000,ABW,88772.0,,0.0,100.0,653.85,0.0,0.0,0.0,0.78,0.0,0.0,1.0,0.5003749846945023,0.48466749975497403,19.760637878962054,Transition Laggard
Aruba,2001,ABW,90320.0,,0.0,100.0,654.32,0.0,0.0,0.0,0.81,0.0,0.0,1.0,0.5007346638912697,0.48466749975497403,19.751645899042867,Transition Laggard
Aruba,2002,ABW,91393.0,,0.0,100.0,658.54,0.0,0.0,0.0,0.82,0.0,0.0,1.0,0.5039641239133097,0.48466749975497403,19.67090939849187,Transition Laggard
Aruba,2003,ABW,92324.0,,0.0,100.0,654.76,0.0,0.0,0.0,0.84,0.0,0.0,1.0,0.5010713848414351,0.48466749975497403,19.74322787528873,Transition Laggard
Aruba,2004,ABW,93223.0,,0.0,100.0,655.17,0.0,0.0,0.0,0.87,0.0,0.0,1.0,0.5013851475449982,0.48466749975497403,19.735383807699655,Transition Laggard
Aruba,2005,ABW,94239.0,,0.0,100.0,659.34,0.0,0.0,0.0,0.91,0.0,0.0,1.0,0.5045763438227011,0.48466749975497403,19.655603900757082,Transition Laggard
Aruba,2006,ABW,95403.0,,0.0,100.0,659.34,0.0,0.0,0.0,0.91,0.0,0.0,1.0,0.5045763438227011,0.48466749975497403,19.655603900757082,Transition Laggard
Aruba,2007,ABW,96604.0,,0.0,100.0,659.57,0.0,0.0,0.0,0.94,0.0,0.0,1.0,0.5047523570466512,0.48466749975497403,19.65120357015833,Transition Laggard
Aruba,2008,ABW,97815.0,,0.0,100.0,659.34,0.0,0.0,0.0,0.91,0.0,0.0,1.0,0.5045763438227011,0.48466749975497403,19.655603900757082,Transition Laggard
Aruba,2009,ABW,99040.0,,3.158,96.842,642.11,0.0,3.158,0.0,0.95,3.158,0.03158,0.9684200000000001,0.4913906575241827,0.5040123003038323,22.170218066452918,Transition Laggard
Aruba,2010,ABW,100127.0,,11.702,88.298,585.11,0.0,11.702,0.0,0.94,11.702,0.11702,0.88298,0.44776998898004167,0.5563498480838969,29.17219799675741,Transition Laggard
Aruba,2011,ABW,100995.0,,11.828,88.172,580.65,0.0,11.828,0.0,0.93,11.828,0.11828,0.88172,0.4443568629851843,0.5571216798980692,29.34470362384143,Transition Laggard
Aruba,2012,ABW,101774.0,,15.217,84.783,554.35,0.0,15.217,0.0,0.92,15.217,0.15217,0.8478300000000001,0.4242301334639403,0.5778815054395766,32.192669244995145,Transition Laggard
Aruba,2013,ABW,102570.0,,15.957,84.043,553.19,0.0,15.957,0.0,0.94,15.957,0.15957000000000002,0.8404300000000001,0.4233424145953227,0.5824144859355092,32.726856924149565,Transition Laggard
Aruba,2014,ABW,103381.0,,17.021,82.979,542.55,1.064,15.957,0.0,0.94,17.021,0.17021,0.82979,0.4151998898004163,0.588932176810742,33.66658540715072,Transition Laggard
Aruba,2015,ABW,104200.0,,18.557,81.443,536.08,1.031,17.526,0.0,0.97,18.557,0.18556999999999998,0.81443,0.41024856128321296,0.5983411741644614,34.853103580386595,Transition Laggard
Aruba,2016,ABW,104989.0,,14.894,85.106,563.83,1.064,13.83,0.0,0.94,14.894,0.14894000000000002,0.8510599999999999,0.431484939390229,0.5759029207095953,31.787820325888205,Transition Laggard
Aruba,2017,ABW,105737.0,,14.433,85.567,567.01,1.031,13.402,0.0,0.97,14.433,0.14433,0.8556699999999999,0.43391851353006,0.5730789963736156,31.408022107352735,Transition Laggard
Aruba,2018,ABW,106447.0,,16.495,83.505,546.39,2.062,14.433,0.0,0.97,16.495,0.16495,0.83505,0.4181385453654953,0.5857100852690386,33.2291876448982,Transition Laggard
Aruba,2019,ABW,107089.0,,17.172,82.828,545.46,3.03,14.141,0.0,0.99,17.172,0.17172,0.82828,0.4174268397208278,0.589857149857885,33.71538625484758,Transition Laggard
Aruba,2020,ABW,107411.0,,17.172,82.828,545.46,3.03,14.141,0.0,0.99,17.172,0.17172,0.82828,0.4174268397208278,0.589857149857885,33.71538625484758,Transition Laggard
Aruba,2021,ABW,107565.0,,17.0,83.0,550.0,3.0,14.0,0.0,1.0,17.0,0.17,0.8300000000000001,0.4209011877066242,0.5888035381750466,33.50952337996009,Transition Laggard
Aruba,2022,ABW,107792.0,,17.0,83.0,550.0,3.0,14.0,0.0,1.0,17.0,0.17,0.8300000000000001,0.4209011877066242,0.5888035381750466,33.50952337996009,Transition Laggard
Aruba,2023,ABW,107946.0,,17.0,83.0,550.0,3.0,14.0,0.0,1.0,17.0,0.17,0.8300000000000001,0.4209011877066242,0.5888035381750466,33.50952337996009,Transition Laggard
Aruba,2024,ABW,108076.0,,17.0,83.0,550.0,3.0,14.0,0.0,1.0,17.0,0.17,0.8300000000000001,0.4209011877066242,0.5888035381750466,33.50952337996009,Transition Laggard
Australia,2000,AUS,19132472.0,692059312020.0,8.089,91.911,805.98,0.023,0.06,7.596,216.83,0.0,0.08089,0.91911,0.6167962532141545,0.48466749975497403,21.703506165970747,Transition Laggard
Australia,2001,AUS,19365438.0,713890072308.0,7.696,92.304,803.13,0.022,0.129,7.188,224.26,-0.3930000000000007,0.07696,0.9230400000000001,0.6146152197869474,0.48226011957267473,21.486121298916434,Transition Laggard
Australia,2002,AUS,19595356.0,747065694937.0,8.032,91.968,794.67,0.027,0.237,7.199,223.49,-0.057000000000000384,0.08032,0.91968,0.6081409942451328,0.48431833774380084,21.88045021002869,Transition Laggard
Australia,2003,AUS,19819449.0,774450991263.0,8.258,91.742,792.17,0.027,0.31,7.174,225.95,0.1689999999999987,0.08257999999999999,0.91742,0.6062278070282845,0.4857027344898559,22.084645841640725,Transition Laggard
Australia,2004,AUS,20046679.0,809792445090.0,8.454,91.546,792.83,0.031,0.349,6.845,229.23,0.3650000000000002,0.08454,0.91546,0.6067328884535326,0.4869033617563462,22.207628215006878,Transition Laggard
Australia,2005,AUS,20294490.0,840092380696.0,8.98,91.02,791.8,0.035,0.563,6.705,230.74,0.891,0.0898,0.9102,0.605944655320191,0.4901254532980496,22.591265416465966,Transition Laggard
Australia,2006,AUS,20590566.0,866678665246.0,8.883,91.117,790.5,0.042,0.908,6.282,237.99,0.7939999999999987,0.08882999999999999,0.91117,0.6049497979674299,0.4895312653141233,22.5490240305261,Transition Laggard
Australia,2007,AUS,20954545.0,911250727265.0,8.343,91.657,791.15,0.045,1.172,5.366,243.19,0.25399999999999956,0.08343,0.91657,0.6054472266438105,0.4862234146819563,22.16297055413408,Transition Laggard
Australia,2008,AUS,21370595.0,937889628737.0,7.792,92.208,791.51,0.057,1.41,4.817,245.38,-0.2970000000000006,0.07792,0.92208,0.6057227256030366,0.4828481819072822,21.77485458853332,Transition Laggard
Australia,2009,AUS,21783014.0,963129933389.0,8.067,91.933,785.11,0.116,1.777,5.058,249.9,-0.02200000000000024,0.08067,0.9193300000000001,0.600824966327905,0.48453273546995984,22.08756687385177,Transition Laggard
Australia,2010,AUS,22141583.0,993853968687.0,8.83,91.17,775.67,0.39,1.988,5.479,250.97,0.7409999999999997,0.0883,0.9117000000000001,0.5936007713970858,0.4892066059002254,22.796079803576237,Transition Laggard
Australia,2011,AUS,22479779.0,1024000293343.0,11.944,88.056,749.42,0.796,2.509,7.636,256.28,3.8550000000000004,0.11944,0.88056,0.5735123056201787,0.5082818778790552,25.452820527681357,Transition Laggard
Australia,2012,AUS,22852648.0,1062662906305.0,12.076,87.924,746.99,0.961,3.08,6.798,250.66,3.987,0.12076,0.8792400000000001,0.5716526876454022,0.5090904635891405,25.59063976270205,Transition Laggard
Australia,2013,AUS,23236271.0,1086068056518.0,14.237,85.763,726.16,1.543,3.711,7.649,249.56,6.148,0.14237,0.8576300000000001,0.5557120117546223,0.5223279917671273,27.484319582641348,Transition Laggard
Australia,2014,AUS,23595599.0,1113888062929.0,13.228,86.772,734.18,1.999,3.949,5.847,247.65,5.138999999999999,0.13228,0.86772,0.5618495163462716,0.5161472116044301,26.63277026540966,Transition Laggard
Australia,2015,AUS,23947997.0,1139303344945.0,14.095,85.905,729.71,2.441,4.658,5.547,253.99,6.006,0.14095000000000002,0.85905,0.5584287376025469,0.5214581495638537,27.318153803394136,Transition Laggard
Australia,2016,AUS,24329963.0,1169967279612.0,16.164,83.836,713.51,2.881,5.05,6.827,258.23,8.075000000000001,0.16164,0.83836,0.5460312844373699,0.5341321180045084,29.05959965913338,Transition Laggard
Australia,2017,AUS,24731044.0,1197832839959.0,15.133,84.867,718.08,3.444,5.101,5.213,258.97,7.043999999999999,0.15133,0.84867,0.5495285906697687,0.527816573556797,28.25883383660774,Transition Laggard
Australia,2018,AUS,25119700.0,1231576952488.0,18.844,81.156,688.42,4.695,6.191,6.591,262.63,10.755,0.18844000000000002,0.8115600000000001,0.5268305375290804,0.550548858178967,31.393869434457493,Transition Laggard
Australia,2019,AUS,25482714.0,1255505542015.0,20.782,79.218,670.1,6.882,7.322,5.273,265.9,12.693,0.20782,0.7921800000000001,0.5128107016040162,0.5624203665588552,33.08523795828242,Transition Laggard
Australia,2020,AUS,25743787.0,1232259790388.0,24.243,75.757,642.32,8.991,8.527,5.438,265.15,16.153999999999996,0.24242999999999998,0.7575700000000001,0.491551365250398,0.5836212388513182,36.01133445150982,Transition Laggard
Australia,2021,AUS,25956417.0,1296705194119.0,28.891,71.109,605.91,11.662,10.021,5.96,267.45,20.802,0.28891,0.71109,0.4636877066242194,0.6120932568852299,39.923806187672966,Transition Laggard
Australia,2022,AUS,26200987.0,1344251444393.0,32.039,67.961,577.86,13.755,11.011,6.104,272.92,23.950000000000003,0.32039,0.67961,0.4422217460511816,0.6313768009408998,42.63850836283395,Mixed Performer
Australia,2023,AUS,26451126.0,,34.81,65.19,556.7,16.473,11.669,5.522,273.11,26.721000000000004,0.3481,0.6519,0.4260285294477777,0.6483509752033716,44.96055139185613,Mixed Performer
Australia,2024,AUS,26713206.0,,35.077,64.923,553.83,17.828,11.625,4.563,281.64,26.988,0.35076999999999997,0.6492300000000001,0.4238321905228358,0.6499865235714986,45.20019309050158,Mixed Performer
Australia,2025,AUS,26974024.0,,38.618,61.382,525.18,19.589,13.7,4.268,286.34,30.529000000000003,0.38618,0.61382,0.40190706501775436,0.6716774478094678,48.19828509169816,Mixed Performer
Austria,2000,AUT,8012929.0,280410163017.0,72.837,27.163,203.39,0.0,0.117,70.154,59.64,0.0,0.7283700000000001,0.27163,0.15564925921390962,0.48466749975497403,72.08098101597687,Emerging Improver
Austria,2001,AUT,8042233.0,285335695766.0,69.269,30.731,229.09,0.016,0.164,66.35,60.98,-3.567999999999998,0.69269,0.30731,0.1753168238031101,0.4628111829853965,69.1206471497032,Emerging Improver
Austria,2002,AUT,8081640.0,291231427735.0,69.108,30.892,226.13,0.016,0.231,66.353,60.63,-3.728999999999999,0.69108,0.30892000000000003,0.1730516101383617,0.4618249534450652,69.06588404821694,Emerging Improver
Austria,2003,AUT,8122604.0,294489280951.0,60.79,39.21,282.39,0.017,0.638,57.288,57.97,-12.047000000000004,0.6079,0.3921,0.21610597526631564,0.41087180241105553,62.234427654507925,Emerging Improver
Austria,2004,AUT,8173496.0,303692479841.0,64.058,35.942,259.34,0.032,1.504,59.434,61.85,-8.778999999999996,0.64058,0.35942,0.1984663891269744,0.4308904243849848,64.93649663760041,Emerging Improver
Austria,2005,AUT,8229204.0,311441138652.0,63.508,36.492,254.0,0.031,2.066,57.636,64.37,-9.329,0.6350800000000001,0.36491999999999997,0.19437982123178646,0.4275213172596295,64.6581242280998,Emerging Improver
Austria,2006,AUT,8269901.0,323236897651.0,65.359,34.641,253.01,0.032,2.813,57.322,62.21,-7.478000000000009,0.65359,0.34641,0.19362219909391454,0.43885989414877974,65.95774343488384,Emerging Improver
Austria,2007,AUT,8296948.0,336303973991.0,68.709,31.291,232.69,0.032,3.247,58.969,62.83,-4.128,0.6870900000000001,0.31291,0.17807181339537162,0.4593808193668529,68.6643169556185,Emerging Improver
Austria,2008,AUT,8323250.0,342892519161.0,69.167,30.833,220.41,0.047,3.122,59.537,64.38,-3.6700000000000017,0.69167,0.30833,0.1686742377862128,0.462186366754876,69.21613955666783,Emerging Improver
Austria,2009,AUT,8345073.0,331119036991.0,71.258,28.742,195.89,0.076,2.945,61.773,66.21,-1.5790000000000077,0.71258,0.28742,0.14990969756336475,0.4749950994805449,71.13198405312406,Emerging Improver
Austria,2010,AUT,8365087.0,338832243101.0,66.337,33.663,226.78,0.133,3.037,56.561,67.82,-6.5,0.66337,0.33663,0.17354903881474226,0.44485077918259336,67.13623571737034,Emerging Improver
Austria,2011,AUT,8393272.0,349713455451.0,65.772,34.228,238.59,0.273,3.119,55.048,62.2,-7.064999999999998,0.6577200000000001,0.34228000000000003,0.1825869352271336,0.44138978731745565,66.5193734290835,Emerging Improver
Austria,2012,AUT,8431599.0,352093108730.0,74.771,25.229,185.87,0.495,3.583,63.875,68.65,1.9339999999999975,0.74771,0.25229,0.14224164319823682,0.49651450553758697,73.75427650310789,Emerging Improver
Austria,2013,AUT,8481411.0,352182904722.0,78.234,21.766,173.35,0.976,4.88,65.097,64.55,5.396999999999991,0.7823399999999999,0.21766,0.13266040161626055,0.5177276291286876,76.3898043965238,Transition Leader
Austria,2014,AUT,8547812.0,354511819035.0,81.56,18.44,150.45,1.284,6.255,66.629,61.55,8.722999999999999,0.8156,0.1844,0.1151356067099302,0.5381015387631088,79.12913291369837,Transition Leader
Austria,2015,AUT,8644037.0,358108266932.0,77.031,22.969,172.06,1.522,7.834,60.149,61.78,4.194000000000003,0.77031,0.22969,0.13167319701236685,0.5103584729981379,75.5821471696629,Transition Leader
Austria,2016,AUT,8737920.0,365232738553.0,78.742,21.258,154.62,1.696,8.062,61.616,64.87,5.905000000000001,0.78742,0.21258,0.11832680298763316,0.5208394589826522,77.09962181004896,Transition Leader
Austria,2017,AUT,8798779.0,373481694490.0,76.092,23.908,162.92,1.893,9.793,57.073,67.09,3.2549999999999955,0.76092,0.23908000000000001,0.12467858454756948,0.5046064882877584,75.10733271062713,Transition Leader
Austria,2018,AUT,8841653.0,382540042762.0,77.408,22.592,157.88,2.258,9.324,58.203,64.67,4.570999999999998,0.77408,0.22591999999999998,0.12082159911840333,0.5126678427913359,76.11427766390996,Transition Leader
Austria,2019,AUT,8880876.0,388344674039.0,77.295,22.705,152.78,2.405,10.539,57.759,70.69,4.457999999999998,0.77295,0.22704999999999997,0.11691869719603282,0.5119756444183083,76.13366723637381,Transition Leader
Austria,2020,AUT,8921402.0,363281092036.0,80.284,19.716,133.28,2.955,9.836,60.843,69.03,7.447000000000003,0.8028400000000001,0.19716,0.10199583690461614,0.5302852102322846,78.57478223086888,Transition Leader
Austria,2021,AUT,8967053.0,379835198584.0,79.121,20.879,135.29,4.17,10.109,58.122,66.67,6.283999999999992,0.79121,0.20879000000000003,0.10353403942696215,0.5231610800744878,77.73166521544327,Transition Leader
Austria,2022,AUT,9064678.0,398815419150.0,78.191,21.809,140.84,5.879,11.23,53.715,64.47,5.353999999999999,0.78191,0.21809,0.10778131504836538,0.517464226207978,76.98203051691054,Transition Leader
Austria,2023,AUT,9130434.0,,84.756,15.244,111.72,9.707,11.327,57.298,70.98,11.918999999999997,0.84756,0.15244,0.08549651034651647,0.5576791139860825,82.08137395112833,Transition Leader
Austria,2024,AUT,9120815.0,,86.224,13.776,103.48,10.373,11.648,58.252,78.47,13.387,0.86224,0.13776,0.0791906452797845,0.5666715671861218,83.25470737579722,Transition Leader
Austria,2025,AUT,9113578.0,,83.597,16.403,116.91,14.081,11.349,51.803,73.22,10.759999999999991,0.83597,0.16402999999999998,0.08946828700869353,0.5505794864255611,81.18018512116608,Transition Leader
Azerbaijan,2000,AZE,8174784.0,34255707098.0,8.137,91.863,617.77,0.0,0.0,8.137,18.68,0.0,0.08137000000000001,0.9186300000000001,0.47276386678094773,0.48466749975497403,25.333115826800913,Transition Laggard
Azerbaijan,2001,AZE,8251776.0,36862177017.0,6.804,93.196,648.73,0.0,0.0,6.804,18.96,-1.3330000000000002,0.06804,0.93196,0.49645677727439697,0.4765020092129766,23.818510706334724,Transition Laggard
Azerbaijan,2002,AZE,8326141.0,40295217200.0,10.707,89.293,623.66,0.0,0.0,10.707,18.68,2.5700000000000003,0.10707000000000001,0.8929300000000001,0.4772713358638423,0.5004104185043615,26.998572880969363,Transition Laggard
Azerbaijan,2003,AZE,8400528.0,44994637993.0,11.477,88.523,615.24,0.0,0.0,11.477,21.26,3.34,0.11477000000000001,0.88523,0.4708277213174973,0.5051271684798588,27.692414494260454,Transition Laggard
Azerbaijan,2004,AZE,8489874.0,50107477354.0,12.569,87.431,611.88,0.0,0.0,12.569,21.72,4.432,0.12569000000000002,0.87431,0.46825639769805316,0.5118163775360188,28.51223572058895,Transition Laggard
Azerbaijan,2005,AZE,8597248.0,64019175136.0,13.047,86.953,609.9,0.0,0.0,13.047,22.84,4.91,0.13047,0.86953,0.46674115342230926,0.5147444379104185,28.88083773309854,Transition Laggard
Azerbaijan,2006,AZE,8711380.0,87026407066.0,10.159,89.841,630.76,0.0,0.0,10.159,24.51,2.0220000000000002,0.10159000000000001,0.8984099999999999,0.48270478755969143,0.49705356267764383,26.483583751172368,Transition Laggard
Azerbaijan,2007,AZE,8828313.0,109944254894.0,10.724,89.276,631.07,0.0,0.0,10.724,21.82,2.5869999999999997,0.10724,0.89276,0.48294202277458065,0.5005145545427815,26.868567748777206,Transition Laggard
Azerbaijan,2008,AZE,8942637.0,123130002462.0,10.222,89.778,639.69,0.0,0.0,10.222,21.62,2.084999999999999,0.10221999999999999,0.89778,0.48953869229827357,0.49743947858473,26.356324871314108,Transition Laggard
Azerbaijan,2009,AZE,9046336.0,136020226283.0,12.149,87.851,629.18,0.0,0.0,12.149,18.85,4.011999999999999,0.12149,0.87851,0.4814956532386433,0.5092436048221112,27.890662741365585,Transition Laggard
Azerbaijan,2010,AZE,9146852.0,144296577620.0,18.265,81.735,588.65,0.0,0.0,18.265,18.67,10.128,0.18265,0.81735,0.4504790620790988,0.546708076056062,32.89764458886346,Transition Laggard
Azerbaijan,2011,AZE,9256156.0,145980469968.0,13.074,86.926,623.58,0.0,0.0,13.074,20.27,4.936999999999999,0.13074,0.86926,0.4772101138729032,0.5149098304420269,28.63779460980782,Transition Laggard
Azerbaijan,2012,AZE,9376179.0,149196415149.0,7.836,92.164,659.56,0.0,0.0,7.836,22.97,-0.30100000000000016,0.07836,0.92164,0.5047447042977837,0.48282367931000686,24.32533758220551,Transition Laggard
Azerbaijan,2013,AZE,9504417.0,157913964589.0,6.71,93.29,669.25,0.0,0.0,6.323,23.25,-1.4270000000000005,0.0671,0.9329000000000001,0.5121602179502878,0.47592619817700677,23.360887523897905,Transition Laggard
Azerbaijan,2014,AZE,9631136.0,162332395164.0,5.562,94.438,677.22,0.0,0.0,5.238,24.63,-2.575,0.05562,0.94438,0.5182594587976002,0.4688939527589924,22.41412282144488,Transition Laggard
Azerbaijan,2015,AZE,9752859.0,164036906588.0,6.96,93.04,663.82,0.0,0.0,6.593,24.57,-1.1770000000000005,0.0696,0.9304000000000001,0.5080047753152933,0.4774576105067137,23.63774477471837,Transition Laggard
Azerbaijan,2016,AZE,9868434.0,159010796104.0,8.41,91.59,651.51,0.161,0.08,7.807,24.85,0.2729999999999997,0.08410000000000001,0.9159,0.4985842414595323,0.486339802019014,24.876490993796903,Transition Laggard
Azerbaijan,2017,AZE,9968510.0,159255674569.0,7.762,92.238,658.96,0.165,0.083,7.143,24.22,-0.3750000000000009,0.07762,0.92238,0.5042855393657402,0.4823703812604136,24.2856172347627,Transition Laggard
Azerbaijan,2018,AZE,10039782.0,161644514845.0,7.76,92.24,661.76,0.159,0.318,6.964,25.13,-0.37700000000000067,0.0776,0.9224,0.5064283090486102,0.48235812996177596,24.230664223211384,Transition Laggard
Azerbaijan,2019,AZE,10110483.0,165653307401.0,6.898,93.102,667.82,0.154,0.385,5.973,25.95,-1.2390000000000008,0.06898,0.9310200000000001,0.5110658748622505,0.4770778202489464,23.51832043217793,Transition Laggard
Azerbaijan,2020,AZE,10181736.0,158697520949.0,5.126,94.874,680.0,0.194,0.388,4.155,25.75,-3.011,0.05126000000000001,0.9487399999999999,0.5203869229827354,0.46622316965598354,22.059274470271372,Transition Laggard
Azerbaijan,2021,AZE,10234372.0,167584576527.0,5.47,94.53,676.14,0.18,0.324,4.606,27.79,-2.6670000000000007,0.0547,0.9453,0.5174329619199216,0.4683303930216603,22.371131847326865,Transition Laggard
Azerbaijan,2022,AZE,10295307.0,175370552026.0,6.358,93.642,671.39,0.207,0.276,5.529,28.94,-1.7790000000000008,0.06358,0.93642,0.5137979062079099,0.47376996961677936,23.076401889053944,Transition Laggard
Azerbaijan,2023,AZE,10318209.0,,6.531,93.469,669.99,0.241,0.275,5.638,29.09,-1.6060000000000008,0.06530999999999999,0.9346899999999999,0.5127265213664749,0.47482970694893656,23.22288257007218,Transition Laggard
Azerbaijan,2024,AZE,10336577.0,,11.746,88.254,634.34,0.287,0.323,10.776,27.84,3.609,0.11746000000000001,0.8825400000000001,0.4854444716542182,0.5067749681466236,27.513112730843897,Transition Laggard
Azerbaijan,2025,AZE,10397712.0,,12.14,87.86,631.9,0.0,0.32,11.463,28.09,4.003,0.12140000000000001,0.8786,0.48357720093057427,0.5091884739782417,27.832397086409266,Transition Laggard
Bahamas,2000,BHS,323846.0,,0.0,100.0,658.82,0.0,0.0,0.0,1.7,0.0,0.0,1.0,0.5041784008815967,0.48466749975497403,19.66555247428469,Transition Laggard
Bahamas,2001,BHS,327847.0,,0.0,100.0,655.37,0.0,0.0,0.0,1.77,0.0,0.0,1.0,0.501538202522346,0.48466749975497403,19.73155743326596,Transition Laggard
Bahamas,2002,BHS,331625.0,,0.0,100.0,656.09,0.0,0.0,0.0,1.89,0.0,0.0,1.0,0.5020892004407984,0.48466749975497403,19.71778248530465,Transition Laggard
Bahamas,2003,BHS,335625.0,,0.0,100.0,660.0,0.0,0.0,0.0,2.0,0.0,0.0,1.0,0.5050814252479491,0.48466749975497403,19.64297686512588,Transition Laggard
Bahamas,2004,BHS,339794.0,,0.0,100.0,656.57,0.0,0.0,0.0,1.98,0.0,0.0,1.0,0.5024565323864333,0.48466749975497403,19.70859918666378,Transition Laggard
Bahamas,2005,BHS,343905.0,,0.0,100.0,660.29,0.0,0.0,0.0,2.09,0.0,0.0,1.0,0.5053033549651035,0.48466749975497403,19.637428622197024,Transition Laggard
Bahamas,2006,BHS,348386.0,,0.0,100.0,655.66,0.0,0.0,0.0,2.12,0.0,0.0,1.0,0.5017601322395004,0.48466749975497403,19.7260091903371,Transition Laggard
Bahamas,2007,BHS,353343.0,,0.0,100.0,657.78,0.0,0.0,0.0,2.25,0.0,0.0,1.0,0.5033825149993878,0.48466749975497403,19.685449621339917,Transition Laggard
Bahamas,2008,BHS,358133.0,,0.0,100.0,657.78,0.0,0.0,0.0,2.25,0.0,0.0,1.0,0.5033825149993878,0.48466749975497403,19.685449621339917,Transition Laggard
Bahamas,2009,BHS,362806.0,,0.0,100.0,658.88,0.0,0.0,0.0,2.14,0.0,0.0,1.0,0.504224317374801,0.48466749975497403,19.664404561954584,Transition Laggard
Bahamas,2010,BHS,367482.0,,0.0,100.0,656.72,0.0,0.0,0.0,2.01,0.0,0.0,1.0,0.5025713236194441,0.48466749975497403,19.705729405838508,Transition Laggard
Bahamas,2011,BHS,371738.0,,0.0,100.0,658.54,0.0,0.0,0.0,2.05,0.0,0.0,1.0,0.5039641239133097,0.48466749975497403,19.67090939849187,Transition Laggard
Bahamas,2012,BHS,375474.0,,0.0,100.0,657.9,0.0,0.0,0.0,1.9,0.0,0.0,1.0,0.5034743479857965,0.48466749975497403,19.683153796679697,Transition Laggard
Bahamas,2013,BHS,378957.0,,0.0,100.0,659.57,0.0,0.0,0.0,1.88,0.0,0.0,1.0,0.5047523570466512,0.48466749975497403,19.65120357015833,Transition Laggard
Bahamas,2014,BHS,382312.0,,0.0,100.0,656.25,0.0,0.0,0.0,1.92,0.0,0.0,1.0,0.5022116444226766,0.48466749975497403,19.714721385757695,Transition Laggard
Bahamas,2015,BHS,385355.0,,0.0,100.0,660.0,0.0,0.0,0.0,2.0,0.0,0.0,1.0,0.5050814252479491,0.48466749975497403,19.64297686512588,Transition Laggard
Bahamas,2016,BHS,388060.0,,0.0,100.0,659.9,0.0,0.0,0.0,1.97,0.0,0.0,1.0,0.5050048977592752,0.48466749975497403,19.64489005234273,Transition Laggard
Bahamas,2017,BHS,390496.0,,0.0,100.0,658.29,0.0,0.0,0.0,1.99,0.0,0.0,1.0,0.5037728051916248,0.48466749975497403,19.67569236653399,Transition Laggard
Bahamas,2018,BHS,392718.0,,0.0,100.0,660.0,0.0,0.0,0.0,2.0,0.0,0.0,1.0,0.5050814252479491,0.48466749975497403,19.64297686512588,Transition Laggard
Bahamas,2019,BHS,394684.0,,0.0,100.0,656.72,0.0,0.0,0.0,2.01,0.0,0.0,1.0,0.5025713236194441,0.48466749975497403,19.705729405838508,Transition Laggard
Bahamas,2020,BHS,395874.0,,0.493,99.507,655.17,0.493,0.0,0.0,2.03,0.493,0.00493,0.9950700000000001,0.5013851475449982,0.4876874448691561,20.076482984412383,Transition Laggard
Bahamas,2021,BHS,396381.0,,0.49,99.51,656.86,0.49,0.0,0.0,2.04,0.49,0.0049,0.9951000000000001,0.5026784621035876,0.48766906792119963,20.042074466228303,Transition Laggard
Bahamas,2022,BHS,397542.0,,0.976,99.024,653.66,0.976,0.0,0.0,2.05,0.976,0.00976,0.99024,0.5002295824660218,0.49064613349014996,20.439552440701704,Transition Laggard
Bahamas,2023,BHS,399452.0,,0.905,99.095,651.58,0.905,0.0,0.0,2.21,0.905,0.00905,0.99095,0.49863781070160407,0.4902112123885132,20.430222918287594,Transition Laggard
Bahamas,2024,BHS,401282.0,,0.889,99.111,653.33,0.889,0.0,0.0,2.25,0.889,0.00889,0.99111,0.49997704175339786,0.49011320199941194,20.38567198615623,Transition Laggard
Bahrain,2000,BHR,669589.0,11032289188.0,0.0,100.0,904.76,0.0,0.0,0.0,13.86,0.0,0.0,1.0,0.6923901065262642,0.48466749975497403,14.960259833168005,Transition Laggard
Bahrain,2001,BHR,699964.0,12074987722.0,0.0,100.0,904.93,0.0,0.0,0.0,14.62,0.0,0.0,1.0,0.6925202032570099,0.48466749975497403,14.957007414899362,Transition Laggard
Bahrain,2002,BHR,752205.0,13787453002.0,0.0,100.0,904.98,0.0,0.0,0.0,15.26,0.0,0.0,1.0,0.6925584670013469,0.48466749975497403,14.956050821290937,Transition Laggard
Bahrain,2003,BHR,811276.0,16535287306.0,0.0,100.0,904.46,0.0,0.0,0.0,15.7,0.0,0.0,1.0,0.6921605240602424,0.48466749975497403,14.96599939481855,Transition Laggard
Bahrain,2004,BHR,871446.0,19633464819.0,0.0,100.0,904.64,0.0,0.0,0.0,16.15,0.0,0.0,1.0,0.6922982735398555,0.48466749975497403,14.962555657828222,Transition Laggard
Bahrain,2005,BHR,932618.0,22873324996.0,0.0,100.0,904.49,0.0,0.0,0.0,19.37,0.0,0.0,1.0,0.6921834823068447,0.48466749975497403,14.965425438653494,Transition Laggard
Bahrain,2006,BHR,994626.0,26149797771.0,0.0,100.0,898.76,0.0,0.0,0.0,21.04,0.0,0.0,1.0,0.6877984572058283,0.48466749975497403,15.0750510661789,Transition Laggard
Bahrain,2007,BHR,1057419.0,30119518073.0,0.0,100.0,901.47,0.0,0.0,0.0,21.72,0.0,0.0,1.0,0.6898723521488919,0.48466749975497403,15.023203692602314,Transition Laggard
Bahrain,2008,BHR,1120718.0,33548850204.0,0.0,100.0,904.91,0.0,0.0,0.0,22.82,0.0,0.0,1.0,0.6925048977592752,0.48466749975497403,14.957390052342731,Transition Laggard
Bahrain,2009,BHR,1183616.0,35937223742.0,0.0,100.0,904.7,0.0,0.0,0.0,22.56,0.0,0.0,1.0,0.6923441900330599,0.48466749975497403,14.961407745498112,Transition Laggard
Bahrain,2010,BHR,1213248.0,39778047298.0,0.0,100.0,904.7,0.0,0.0,0.0,23.82,0.0,0.0,1.0,0.6923441900330599,0.48466749975497403,14.961407745498112,Transition Laggard
Bahrain,2011,BHR,1206733.0,43727144774.0,0.0,100.0,904.68,0.0,0.0,0.0,24.34,0.0,0.0,1.0,0.692328884535325,0.48466749975497403,14.961790382941484,Transition Laggard
Bahrain,2012,BHR,1216307.0,45357290589.0,0.0,100.0,904.72,0.0,0.0,0.0,24.77,0.0,0.0,1.0,0.6923594955307947,0.48466749975497403,14.961025108054743,Transition Laggard
Bahrain,2013,BHR,1257206.0,47813841200.0,0.0,100.0,904.67,0.0,0.0,0.0,25.91,0.0,0.0,1.0,0.6923212317864577,0.48466749975497403,14.961981701663168,Transition Laggard
Bahrain,2014,BHR,1312857.0,49894227022.0,0.037,99.963,904.26,0.037,0.0,0.0,27.26,0.037,0.00037,0.9996299999999999,0.6920074690828946,0.48489414877977066,14.9954255046242,Transition Laggard
Bahrain,2015,BHR,1369656.0,51134096686.0,0.035,99.965,904.53,0.035,0.0,0.0,28.49,0.035,0.00035000000000000005,0.99965,0.6922140933023142,0.48488189748113303,14.98887612965914,Transition Laggard
Bahrain,2016,BHR,1429609.0,52953446666.0,0.035,99.965,904.28,0.035,0.0,0.0,28.52,0.035,0.00035000000000000005,0.99965,0.6920227745806293,0.48488189748113303,14.993659097701261,Transition Laggard
Bahrain,2017,BHR,1482003.0,55226208950.0,0.034,99.966,904.55,0.034,0.0,0.0,29.23,0.034,0.00034,0.99966,0.692229398800049,0.4848757718318142,14.987801607475987,Transition Laggard
Bahrain,2018,BHR,1497634.0,56391482183.0,0.034,99.966,904.57,0.034,0.0,0.0,29.55,0.034,0.00034,0.99966,0.6922447042977838,0.4848757718318142,14.987418970032618,Transition Laggard
Bahrain,2019,BHR,1485675.0,57613480945.0,0.06,99.94,904.26,0.06,0.0,0.0,33.11,0.06,0.0006,0.9994,0.6920074690828946,0.4850350387141037,15.011338853639192,Transition Laggard
Bahrain,2020,BHR,1483081.0,54937336615.0,0.06,99.94,904.13,0.06,0.0,0.0,33.38,0.06,0.0006,0.9994,0.6919079833476185,0.4850350387141037,15.013825997021094,Transition Laggard
Bahrain,2021,BHR,1501762.0,56404169544.0,0.118,99.882,903.57,0.118,0.0,0.0,33.91,0.118,0.00118,0.99882,0.6914794294110445,0.4853903263745957,15.064669160342822,Transition Laggard
Bahrain,2022,BHR,1533460.0,58769760175.0,0.224,99.776,902.75,0.224,0.0,0.0,35.68,0.224,0.0022400000000000002,0.99776,0.6908519040039183,0.48603964520239146,15.153697077937917,Transition Laggard
Bahrain,2023,BHR,1569674.0,,0.24,99.76,902.59,0.24,0.0,0.0,37.47,0.24,0.0024,0.9976,0.6907294600220399,0.4861376555914927,15.16782833332139,Transition Laggard
Bahrain,2024,BHR,1607059.0,,0.264,99.736,902.24,0.264,0.0,0.0,37.95,0.264,0.00264,0.99736,0.6904616138116811,0.48628467117514457,15.19112972233514,Transition Laggard
Bangladesh,2000,BGD,134544303.0,200824294390.0,5.897,94.103,645.55,0.0,0.0,5.897,15.94,0.0,0.05897,0.9410299999999999,0.4940232031345659,0.48466749975497403,23.457632417960465,Transition Laggard
Bangladesh,2001,BGD,136805810.0,213164797419.0,5.639,94.361,647.3,0.0,0.0,5.639,17.38,-0.258,0.05639,0.9436100000000001,0.4953624341863597,0.48308708223071645,23.245645378801754,Transition Laggard
Bangladesh,2002,BGD,138933659.0,226285297151.0,5.541,94.459,647.49,0.0,0.0,5.541,18.95,-0.35599999999999987,0.05541000000000001,0.94459,0.4955078364148402,0.48248676859747136,23.174205618591063,Transition Laggard
Bangladesh,2003,BGD,140970355.0,242325893842.0,5.58,94.42,648.23,0.0,0.0,5.58,20.07,-0.31700000000000017,0.0558,0.9442,0.4960741398310273,0.4827256689209056,23.1870315380379,Transition Laggard
Bangladesh,2004,BGD,142902857.0,260372737862.0,4.815,95.185,653.0,0.0,0.0,4.815,25.13,-1.0819999999999999,0.048150000000000005,0.9518500000000001,0.49972450104077387,0.47803954719200237,22.566480681860686,Transition Laggard
Bangladesh,2005,BGD,144715789.0,280264340330.0,4.748,95.252,654.67,0.0,0.0,4.748,26.96,-1.149,0.04748,0.9525199999999999,0.5010025101016284,0.4776291286876409,22.488174177773903,Transition Laggard
Bangladesh,2006,BGD,146405983.0,303255436424.0,4.609,95.391,655.84,0.033,0.0,4.576,30.16,-1.2880000000000003,0.04609,0.95391,0.5018978817191135,0.4767776634323238,22.369617908507017,Transition Laggard
Bangladesh,2007,BGD,147989282.0,327072515722.0,2.452,97.548,673.12,0.065,0.0,2.388,30.99,-3.4450000000000003,0.02452,0.97548,0.5151218317619689,0.4635646378516123,20.546623773724964,Transition Laggard
Bangladesh,2008,BGD,149474264.0,349461394439.0,2.805,97.195,672.51,0.058,0.0,2.746,34.23,-3.092,0.028050000000000002,0.97195,0.514655014081058,0.4657269920611585,20.80252952889093,Transition Laggard
Bangladesh,2009,BGD,150873716.0,372693237092.0,1.262,98.738,681.98,0.081,0.0,1.182,37.23,-4.635,0.012620000000000001,0.98738,0.5219021672584793,0.4562751151622072,19.55377254597113,Transition Laggard
Bangladesh,2010,BGD,152201978.0,400087800634.0,2.031,97.969,675.23,0.171,0.0,1.86,40.86,-3.866,0.02031,0.97969,0.5167365617729889,0.4609857394883858,20.214972048001066,Transition Laggard
Bangladesh,2011,BGD,153591074.0,431418704062.0,2.216,97.784,672.55,0.136,0.0,2.081,44.22,-3.681,0.022160000000000003,0.97784,0.5146856250765275,0.4621189846123689,20.394244142272345,Transition Laggard
Bangladesh,2012,BGD,155070110.0,458456647637.0,1.872,98.128,673.8,0.185,0.0,1.687,48.62,-4.025,0.01872,0.98128,0.5156422186849516,0.46001176124669213,20.13232095157659,Transition Laggard
Bangladesh,2013,BGD,156532134.0,486135250102.0,2.006,97.994,673.79,0.244,0.0,1.762,53.34,-3.8910000000000005,0.020059999999999998,0.97994,0.5156345659360843,0.46083259825541506,20.225224825429116,Transition Laggard
Bangladesh,2014,BGD,157964931.0,516793803718.0,1.392,98.608,676.54,0.285,0.0,1.106,56.05,-4.505000000000001,0.01392,0.9860800000000001,0.5177390718746173,0.4570714495736548,19.747794946739386,Transition Laggard
Bangladesh,2015,BGD,159383179.0,552104723056.0,1.349,98.651,675.83,0.337,0.017,0.995,59.29,-4.548,0.01349,0.98651,0.5171957267050324,0.4568080466529452,19.731627532168368,Transition Laggard
Bangladesh,2016,BGD,160811934.0,589932630231.0,1.795,98.205,672.6,0.318,0.014,1.462,69.09,-4.102,0.01795,0.98205,0.5147238888208645,0.4595400862491424,20.102004073215525,Transition Laggard
Bangladesh,2017,BGD,162186146.0,630957812405.0,1.756,98.244,672.16,0.34,0.014,1.402,73.45,-4.141,0.01756,0.98244,0.5143871678706992,0.4593011859257081,20.083438592118146,Transition Laggard
Bangladesh,2018,BGD,163523109.0,678912369102.0,1.769,98.231,673.03,0.392,0.013,1.364,79.15,-4.128,0.01769,0.98231,0.5150529570221624,0.4593808193668529,20.075788364948732,Transition Laggard
Bangladesh,2019,BGD,164913060.0,717214595514.0,1.398,98.602,675.24,0.435,0.012,0.952,85.11,-4.4990000000000006,0.01398,0.98602,0.5167442145218563,0.45710820346956776,19.776817688997113,Transition Laggard
Bangladesh,2020,BGD,166298024.0,754358367084.0,1.463,98.537,678.91,0.538,0.012,0.913,85.46,-4.434,0.01463,0.9853700000000001,0.5195527733561895,0.4575063706752916,19.751576226224632,Transition Laggard
Bangladesh,2021,BGD,167658855.0,807308397444.0,1.411,98.589,679.04,0.638,0.01,0.763,95.65,-4.486000000000001,0.014110000000000001,0.98589,0.5196522590914656,0.4571878369107125,19.713111076374044,Transition Laggard
Bangladesh,2022,BGD,169384891.0,858143907016.0,1.555,98.445,676.48,0.851,0.01,0.694,102.25,-4.3420000000000005,0.01555,0.9844499999999999,0.517693155381413,0.4580699304126237,19.861720071654034,Transition Laggard
Bangladesh,2023,BGD,171466986.0,,1.708,98.292,682.72,1.062,0.0,0.645,100.73,-4.189,0.01708,0.98292,0.5224684706746664,0.45900715475840437,19.848195554509406,Transition Laggard
Bangladesh,2024,BGD,173562366.0,,1.887,98.113,695.7,1.199,0.0,0.688,101.74,-4.01,0.01887,0.9811300000000001,0.5324017387045427,0.4601036459864746,19.72371122218355,Transition Laggard
Bangladesh,2025,BGD,175686904.0,,2.137,97.863,696.13,1.509,0.0,0.629,103.4,-3.7600000000000002,0.02137,0.97863,0.5327308069058406,0.4616350583161815,19.888455702096707,Transition Laggard
Barbados,2000,BRB,262071.0,3452406154.0,0.0,100.0,658.23,0.0,0.0,0.0,0.79,0.0,0.0,1.0,0.5037268886984205,0.48466749975497403,19.6768402788641,Transition Laggard
Barbados,2001,BRB,262429.0,3330849682.0,0.0,100.0,650.6,0.0,0.0,0.0,0.83,0.0,0.0,1.0,0.4978878413125995,0.48466749975497403,19.82281646350962,Transition Laggard
Barbados,2002,BRB,264155.0,3319030722.0,0.0,100.0,662.79,0.0,0.0,0.0,0.86,0.0,0.0,1.0,0.5072165421819518,0.48466749975497403,19.589598941775815,Transition Laggard
Barbados,2003,BRB,265789.0,3362359775.0,0.0,100.0,666.67,0.0,0.0,0.0,0.87,0.0,0.0,1.0,0.5101858087425003,0.48466749975497403,19.515367277762103,Transition Laggard
Barbados,2004,BRB,267297.0,3369967163.0,0.0,100.0,662.92,0.0,0.0,0.0,0.89,0.0,0.0,1.0,0.5073160279172279,0.48466749975497403,19.587111798393913,Transition Laggard
Barbados,2005,BRB,268717.0,3466246054.0,0.0,100.0,656.57,0.0,0.0,0.0,0.99,0.0,0.0,1.0,0.5024565323864333,0.48466749975497403,19.70859918666378,Transition Laggard
Barbados,2006,BRB,270011.0,3622055423.0,0.0,100.0,656.86,0.0,0.0,0.0,1.02,0.0,0.0,1.0,0.5026784621035876,0.48466749975497403,19.70305094373492,Transition Laggard
Barbados,2007,BRB,271298.0,3642717925.0,0.0,100.0,657.14,0.0,0.0,0.0,1.05,0.0,0.0,1.0,0.5028927390718746,0.48466749975497403,19.697694019527745,Transition Laggard
Barbados,2008,BRB,272719.0,3618468400.0,0.0,100.0,657.14,0.0,0.0,0.0,1.05,0.0,0.0,1.0,0.5028927390718746,0.48466749975497403,19.697694019527745,Transition Laggard
Barbados,2009,BRB,274137.0,3446882402.0,0.0,100.0,663.55,0.0,0.0,0.0,1.07,0.0,0.0,1.0,0.5077981510958736,0.48466749975497403,19.57505871892777,Transition Laggard
Barbados,2010,BRB,275251.0,3418936167.0,0.0,100.0,660.19,0.0,0.0,0.0,1.03,0.0,0.0,1.0,0.5052268274764296,0.48466749975497403,19.63934180941387,Transition Laggard
Barbados,2011,BRB,276150.0,3406690000.0,0.0,100.0,663.46,0.0,0.0,0.0,1.04,0.0,0.0,1.0,0.5077292763560671,0.48466749975497403,19.57678058742293,Transition Laggard
Barbados,2012,BRB,276949.0,3415680000.0,0.0,100.0,654.87,0.0,0.0,0.0,1.13,0.0,0.0,1.0,0.5011555650789764,0.48466749975497403,19.7411233693502,Transition Laggard
Barbados,2013,BRB,277669.0,3412801000.0,0.0,100.0,653.47,0.0,0.0,0.0,1.01,0.0,0.0,1.0,0.5000841802375413,0.48466749975497403,19.767907990386078,Transition Laggard
Barbados,2014,BRB,278355.0,3416200000.0,0.971,99.029,650.49,0.971,0.0,0.0,1.03,0.971,0.00971,0.99029,0.4978036610750582,0.4906155052435558,20.49674105177688,Transition Laggard
Barbados,2015,BRB,278999.0,3448059000.0,0.962,99.038,644.23,0.962,0.0,0.0,1.04,0.962,0.00962,0.99038,0.49301304028407006,0.49056037439968636,20.610279608893546,Transition Laggard
Barbados,2016,BRB,279604.0,3528285767.0,1.905,98.095,638.1,1.905,0.0,0.0,1.05,1.905,0.01905,0.98095,0.48832190522835806,0.496336861707341,21.38000529490116,Transition Laggard
Barbados,2017,BRB,280177.0,3554020089.0,2.885,97.115,634.62,2.885,0.0,0.0,1.04,2.885,0.028849999999999997,0.97115,0.4856587486225052,0.5023399980397922,22.124631255034256,Transition Laggard
Barbados,2018,BRB,280719.0,3526291932.0,2.885,97.115,634.62,2.885,0.0,0.0,1.04,2.885,0.028849999999999997,0.97115,0.4856587486225052,0.5023399980397922,22.124631255034256,Transition Laggard
Barbados,2019,BRB,281216.0,3535586950.0,3.774,96.226,632.08,3.774,0.0,0.0,1.06,3.774,0.03774,0.96226,0.48371495041018736,0.5077857002842301,22.788311744008766,Transition Laggard
Barbados,2020,BRB,281706.0,3085224475.0,6.604,93.396,613.21,6.604,0.0,0.0,1.06,6.604,0.06604,0.93396,0.4692742132974165,0.5251212878565128,25.107363985412277,Transition Laggard
Barbados,2021,BRB,282157.0,3061072053.0,7.547,92.453,603.77,7.547,0.0,0.0,1.06,7.547,0.07547,0.9245300000000001,0.46205001836659726,0.5308977751641674,25.94041616829758,Transition Laggard
Barbados,2022,BRB,282324.0,3408005977.0,7.339,92.661,605.51,7.339,0.0,0.0,1.09,7.339,0.07339000000000001,0.92661,0.46338159666952367,0.5296236401058513,25.76321468484968,Transition Laggard
Barbados,2023,BRB,282347.0,,8.182,91.818,600.0,8.182,0.0,0.0,1.1,8.182,0.08182,0.91818,0.45916493204359005,0.5347875624816231,26.451890136134594,Transition Laggard
Barbados,2024,BRB,282476.0,,9.009,90.991,594.6,9.009,0.0,0.0,1.11,9.009,0.09009,0.90991,0.4550324476551978,0.5398534744682937,27.127390925644455,Transition Laggard
Belarus,2000,BLR,9991310.0,91419114455.0,0.115,99.885,518.01,0.0,0.0,0.115,26.1,0.0,0.00115,0.9988500000000001,0.3964200440798335,0.48466749975497403,22.42851139432877,Transition Laggard
Belarus,2001,BLR,9938068.0,94624119098.0,0.12,99.88,516.55,0.0,0.0,0.12,25.07,0.0049999999999999906,0.0012,0.9988,0.39530274274519406,0.4846981280015682,22.459903351393674,Transition Laggard
Belarus,2002,BLR,9873451.0,98263269227.0,0.113,99.887,515.5,0.0,0.0,0.113,26.46,-0.0020000000000000018,0.0011300000000000001,0.99887,0.3944992041141178,0.4846552484563364,22.4751486239921,Transition Laggard
Belarus,2003,BLR,9803175.0,103937865617.0,0.113,99.887,514.08,0.0,0.0,0.113,26.63,-0.0020000000000000018,0.0011300000000000001,0.99887,0.393412513774948,0.4846552484563364,22.502315882471343,Transition Laggard
Belarus,2004,BLR,9735089.0,114486408721.0,0.096,99.904,515.06,0.0,0.0,0.096,31.2,-0.019000000000000003,0.00096,0.99904,0.39416248316395247,0.4845511124179163,22.471804607169933,Transition Laggard
Belarus,2005,BLR,9667833.0,123858071551.0,0.129,99.871,512.6,0.0,0.0,0.129,30.96,0.013999999999999999,0.0012900000000000001,0.99871,0.3922799069425738,0.48475325884543763,22.54170120911722,Transition Laggard
Belarus,2006,BLR,9608041.0,134673942572.0,0.126,99.874,515.25,0.0,0.0,0.126,31.81,0.010999999999999996,0.00126,0.99874,0.39430788539243294,0.48473488189748115,22.488926093651397,Transition Laggard
Belarus,2007,BLR,9563135.0,144615680573.0,0.157,99.843,508.95,0.0,0.0,0.126,31.83,0.041999999999999996,0.00157,0.99843,0.3894866536059753,0.4849247770263648,22.630905315246086,Transition Laggard
Belarus,2008,BLR,9529357.0,157577029170.0,0.2,99.8,512.13,0.0,0.0,0.114,35.05,0.085,0.002,0.998,0.3919202277458063,0.4851881799470744,22.59981700556096,Transition Laggard
Belarus,2009,BLR,9507334.0,156010272888.0,0.362,99.638,534.08,0.0,0.0,0.132,30.37,0.247,0.00362,0.99638,0.40871801150973436,0.4861805351367245,22.291957739307506,Transition Laggard
Belarus,2010,BLR,9490752.0,166239903113.0,0.401,99.599,511.18,0.0,0.0,0.143,34.9,0.28600000000000003,0.0040100000000000005,0.99599,0.39119321660340395,0.48641943546015876,22.75706111681728,Transition Laggard
Belarus,2011,BLR,9472738.0,173120303880.0,0.435,99.565,509.16,0.0,0.0,0.124,32.19,0.32,0.00435,0.99565,0.3896473613321905,0.4866277075369989,22.81923157975022,Transition Laggard
Belarus,2012,BLR,9463075.0,175940441074.0,0.682,99.318,510.22,0.0,0.032,0.227,30.81,0.5670000000000001,0.0068200000000000005,0.99318,0.3904585527121342,0.48814074291874937,22.969847325977884,Transition Laggard
Belarus,2013,BLR,9464454.0,177632980571.0,0.952,99.048,505.87,0.0,0.032,0.444,31.51,0.837,0.009519999999999999,0.99048,0.3871296069548182,0.4897946682348329,23.239879849652038,Transition Laggard
Belarus,2014,BLR,9472704.0,180627882895.0,0.835,99.165,507.2,0.0,0.029,0.345,34.74,0.72,0.00835,0.99165,0.38814742255418144,0.48907796726453007,23.133483945113415,Transition Laggard
Belarus,2015,BLR,9487289.0,173709821418.0,0.997,99.003,506.89,0.029,0.088,0.323,34.09,0.882,0.00997,0.9900300000000001,0.3879101873392923,0.49007032245418014,23.251500153330397,Transition Laggard
Belarus,2016,BLR,9499066.0,169304543676.0,1.281,98.719,506.11,0.089,0.238,0.417,33.57,1.166,0.01281,0.98719,0.3873132729276356,0.49181000686072723,23.462918279720018,Transition Laggard
Belarus,2017,BLR,9495793.0,173606575679.0,2.26,97.74,499.86,0.261,0.29,1.159,34.51,2.1449999999999996,0.0226,0.9773999999999999,0.38253030488551487,0.49780701754385964,24.259847641020023,Transition Laggard
Belarus,2018,BLR,9480031.0,179054352755.0,2.077,97.923,501.15,0.462,0.256,0.821,38.99,1.962,0.02077,0.97923,0.3835175094894086,0.49668602371851417,24.1085526185425,Transition Laggard
Belarus,2019,BLR,9435415.0,181643469714.0,2.57,97.43,498.76,0.445,0.445,0.84,40.46,2.4549999999999996,0.0257,0.9743,0.3816885025101016,0.49970596883269625,24.495376969737904,Transition Laggard
Belarus,2020,BLR,9350943.0,180420997693.0,3.503,95.615,498.7,0.467,0.493,1.012,38.54,3.388,0.03503,0.9561499999999999,0.38164258601689727,0.5054211996471626,25.36255334428501,Transition Laggard
Belarus,2021,BLR,9251368.0,184521985376.0,3.079,82.909,433.21,0.436,0.412,0.897,41.25,2.964,0.03079,0.8290900000000001,0.3315247336843394,0.5028239243359797,29.604640522931202,Transition Laggard
Belarus,2022,BLR,9173240.0,175773799265.0,3.389,84.024,439.22,0.565,0.484,0.995,37.18,3.2739999999999996,0.033889999999999997,0.84024,0.33612403575364275,0.5047228756248162,29.34789224053117,Transition Laggard
Belarus,2023,BLR,9115679.0,,3.21,68.687,359.85,0.551,0.455,0.934,41.74,3.0949999999999998,0.032100000000000004,0.68687,0.27538416799314314,0.503626384396746,34.62154156612261,Transition Laggard
Belarus,2024,BLR,9056696.0,,3.077,62.68,329.55,0.567,0.436,0.873,45.82,2.9619999999999997,0.03077,0.6268,0.25219633892494187,0.502811673037342,36.64421662243658,Transition Laggard
Belarus,2025,BLR,8997601.0,,4.831,58.572,309.25,0.798,1.035,2.006,46.37,4.716,0.048310000000000006,0.58572,0.2366612587241337,0.5135560619425659,38.834659461035145,Transition Laggard
Belgium,2000,BEL,10251719.0,345706865981.0,1.268,40.56,269.6,0.0,0.024,0.556,82.79,0.0,0.01268,0.4056,0.20631810946491982,0.48466749975497403,42.41585975970161,Mixed Performer
Belgium,2001,BEL,10287005.0,349015220419.0,1.374,39.68,252.83,0.0,0.051,0.56,78.63,0.1060000000000001,0.013740000000000002,0.3968,0.19348444961430147,0.48531681858276976,43.00354103838401,Mixed Performer
Belgium,2002,BEL,10332975.0,355705534550.0,1.408,40.079,249.82,0.0,0.074,0.445,80.94,0.1399999999999999,0.014079999999999999,0.40079000000000004,0.1911809722052161,0.4855250906596099,42.976402054763746,Mixed Performer
Belgium,2003,BEL,10376262.0,358937085300.0,1.436,41.869,249.13,0.0,0.108,0.299,83.57,0.16799999999999993,0.01436,0.41869,0.190652932533366,0.4856966088405371,42.554475819273904,Mixed Performer
Belgium,2004,BEL,10421298.0,372499172102.0,1.809,41.129,247.62,0.0,0.169,0.386,82.91,0.5409999999999999,0.01809,0.41129,0.1894973674543896,0.48798147603645986,42.933187954187154,Mixed Performer
Belgium,2005,BEL,10478883.0,380840056202.0,2.501,41.088,241.05,0.0,0.273,0.344,84.38,1.2329999999999999,0.02501,0.41088,0.1844695114485123,0.4922204253650887,43.37491859426352,Mixed Performer
Belgium,2006,BEL,10548445.0,390874955040.0,3.552,40.473,231.58,0.0,0.444,0.432,83.34,2.284,0.03552,0.40473,0.17722235827109098,0.49865848279917674,44.174268285210374,Mixed Performer
Belgium,2007,BEL,10625488.0,404721960651.0,4.02,40.422,224.28,0.012,0.564,0.449,86.81,2.752,0.0402,0.40421999999999997,0.17163585159789396,0.5015252866803881,44.533483010258465,Mixed Performer
Belgium,2008,BEL,10709711.0,408290544814.0,5.321,39.815,218.28,0.048,0.771,0.494,83.06,4.053,0.05321,0.39815,0.16704420227745806,0.5094947564441831,45.37491628972629,Mixed Performer
Belgium,2009,BEL,10812936.0,399489943721.0,6.061,41.332,216.91,0.189,1.103,0.368,89.76,4.793,0.060610000000000004,0.41332,0.1659957756826252,0.5140277369401156,45.3488716620361,Mixed Performer
Belgium,2010,BEL,10936619.0,411261674695.0,7.061,41.412,212.81,0.623,1.397,0.333,93.04,5.793,0.07061,0.41412,0.162858148646994,0.5201533862589435,45.849197077709306,Mixed Performer
Belgium,2011,BEL,11038624.0,420934235947.0,9.364,36.615,192.88,1.355,2.599,0.224,89.28,8.096,0.09364000000000001,0.36615000000000003,0.1476062201542794,0.5342607566402039,48.447405845746076,Mixed Performer
Belgium,2012,BEL,11107522.0,424045845634.0,12.894,37.676,202.68,2.638,3.386,0.442,81.51,11.626,0.12894,0.37676000000000004,0.15510591404432472,0.555884298735666,49.55451662992687,Mixed Performer
Belgium,2013,BEL,11160277.0,425993254852.0,14.301,33.667,184.26,3.221,4.478,0.464,81.95,13.033,0.14301,0.33667,0.1410095506305865,0.5645030873272567,51.53090754414419,Mixed Performer
Belgium,2014,BEL,11210113.0,432717694183.0,17.149,35.52,189.89,4.059,6.489,0.407,71.2,15.881,0.17149,0.3552,0.14531804824292885,0.5819489365872783,52.21843284273595,Mixed Performer
Belgium,2015,BEL,11275332.0,441551470878.0,21.102,40.757,215.55,4.472,8.14,0.468,68.43,19.834,0.21102,0.40757,0.16495500183665973,0.6061636283446046,52.16502937925258,Mixed Performer
Belgium,2016,BEL,11332707.0,447144517813.0,16.902,31.479,158.7,3.677,6.429,0.439,84.31,15.634,0.16902,0.31479,0.12144912452552957,0.5804359012055278,53.71626040494467,Mixed Performer
Belgium,2017,BEL,11376583.0,454386396677.0,18.514,32.001,159.48,3.879,7.64,0.316,85.34,17.246,0.18514,0.32000999999999996,0.12204603893718623,0.5903104479074782,54.28315574518252,Mixed Performer
Belgium,2018,BEL,11428608.0,462533269863.0,23.23,38.053,186.95,5.28,10.248,0.393,73.87,21.962,0.2323,0.38053,0.14306814007591526,0.6191990100950701,54.328531649528166,Mixed Performer
Belgium,2019,BEL,11490623.0,472897988852.0,20.984,32.064,156.54,4.585,10.519,0.324,92.69,19.716,0.20984000000000003,0.32064,0.11979613077017263,0.6054408017249828,55.41510875662043,Mixed Performer
Belgium,2020,BEL,11540102.0,447544069854.0,26.56,34.443,166.61,5.788,14.509,0.306,88.29,25.291999999999998,0.2656,0.34442999999999996,0.12750244887963758,0.6395974223267666,57.091650112910564,Mixed Performer
Belgium,2021,BEL,11570843.0,474995824355.0,22.887,26.479,131.79,5.654,12.072,0.423,99.4,21.619,0.22887000000000002,0.26478999999999997,0.10085557732337455,0.6170979123787121,58.125779252596324,Mixed Performer
Belgium,2022,BEL,11641814.0,489678394377.0,25.898,27.584,139.4,7.294,13.092,0.286,94.33,24.63,0.25898,0.27584000000000003,0.10667931921146076,0.6355422424777026,59.03445065687901,Mixed Performer
Belgium,2023,BEL,11712891.0,,33.435,26.47,134.67,9.534,18.799,0.487,82.13,32.167,0.33435000000000004,0.2647,0.10305956899718378,0.6817112613937077,62.73392969597602,Emerging Improver
Belgium,2024,BEL,11738761.0,,35.232,23.655,126.96,11.262,18.498,0.724,76.01,33.964,0.35232,0.23655,0.09715929962042365,0.6927190532196412,64.37925330778404,Emerging Improver
Belgium,2025,BEL,11758601.0,,38.935,27.987,149.82,14.337,18.823,0.604,72.89,37.667,0.38935000000000003,0.27987,0.11465348353128443,0.7154023326472606,64.49519790142679,Emerging Improver
Belize,2000,BLZ,240809.0,,69.231,30.769,230.77,0.0,0.0,69.231,0.13,0.0,0.69231,0.30768999999999996,0.17660248561283215,0.48466749975497403,69.3935503560038,Emerging Improver
Belize,2001,BLZ,248393.0,,69.231,30.769,230.77,0.0,0.0,69.231,0.13,0.0,0.69231,0.30768999999999996,0.17660248561283215,0.48466749975497403,69.3935503560038,Emerging Improver
Belize,2002,BLZ,256019.0,,64.286,35.714,214.29,0.0,0.0,64.286,0.14,-4.944999999999993,0.64286,0.35714,0.16399075547936817,0.4543761638733706,66.28747357111635,Emerging Improver
Belize,2003,BLZ,263794.0,,37.5,62.5,437.5,0.0,0.0,37.5,0.16,-31.730999999999995,0.375,0.625,0.3348077629484511,0.29029452121924926,43.484223744577456,Mixed Performer
Belize,2004,BLZ,271695.0,,42.857,57.143,357.14,0.0,0.0,42.857,0.14,-26.373999999999995,0.42857,0.57143,0.2733102730500796,0.32310962462020976,48.72808754305116,Mixed Performer
Belize,2005,BLZ,279747.0,,43.75,56.25,375.0,0.0,0.0,43.75,0.16,-25.480999999999995,0.4375,0.5625,0.28697808252724377,0.328579829461923,49.00424537874775,Mixed Performer
Belize,2006,BLZ,287889.0,,85.714,14.286,95.24,0.0,0.0,85.714,0.21,16.483000000000004,0.85714,0.14286,0.07288478021305253,0.5856365774772126,83.39082915683187,Transition Leader
Belize,2007,BLZ,296117.0,,81.818,18.182,136.36,0.0,0.0,81.818,0.22,12.587000000000003,0.81818,0.18181999999999998,0.10435288355577324,0.5617710477310596,79.90854362707157,Transition Leader
Belize,2008,BLZ,304373.0,,95.238,4.762,47.62,0.0,0.0,95.238,0.21,26.007000000000005,0.95238,0.047619999999999996,0.036442390106526265,0.6439772615897286,90.89139917118277,Transition Leader
Belize,2009,BLZ,312619.0,,79.167,20.833,125.0,0.0,0.0,79.167,0.24,9.936000000000007,0.79167,0.20833,0.0956593608424146,0.5455319513868471,78.29169524974233,Transition Leader
Belize,2010,BLZ,320256.0,,88.095,11.905,142.86,0.0,0.0,61.905,0.42,18.864000000000004,0.88095,0.11904999999999999,0.10932717031957881,0.6002217485053416,84.12714696959065,Transition Leader
Belize,2011,BLZ,327306.0,,93.939,6.061,90.91,0.0,0.0,75.758,0.33,24.708,0.93939,0.060610000000000004,0.06957113995347129,0.6360200431245712,89.16442214803179,Transition Leader
Belize,2012,BLZ,334421.0,,92.105,7.895,131.58,0.0,0.0,55.263,0.38,22.87400000000001,0.92105,0.07894999999999999,0.10069486959715931,0.6247856022738411,87.11741229417862,Transition Leader
Belize,2013,BLZ,341635.0,,94.595,5.405,108.11,0.0,0.0,70.27,0.37,25.364000000000004,0.94595,0.05405,0.08273386800538754,0.6400384690777223,89.28923033603114,Transition Leader
Belize,2014,BLZ,348934.0,,91.667,8.333,138.89,0.0,0.0,72.222,0.36,22.436000000000007,0.91667,0.08333,0.1062890290192237,0.6221025678721945,86.67451279260231,Transition Leader
Belize,2015,BLZ,356341.0,,91.667,8.333,138.89,0.0,0.0,66.667,0.36,22.436000000000007,0.91667,0.08333,0.1062890290192237,0.6221025678721945,86.67451279260231,Transition Leader
Belize,2016,BLZ,364717.0,,94.737,5.263,105.26,0.0,0.0,68.421,0.38,25.506,0.9473699999999999,0.05263,0.0805528345781805,0.6409083112809958,89.44200380476042,Transition Leader
Belize,2017,BLZ,373215.0,,95.0,5.0,100.0,0.0,0.0,67.5,0.4,25.769000000000005,0.9500000000000001,0.05,0.07652748867393168,0.6425193570518475,89.72460313892942,Transition Leader
Belize,2018,BLZ,380232.0,,92.683,7.317,146.34,0.0,0.0,60.976,0.41,23.452000000000012,0.92683,0.07317,0.11199032692543162,0.6283262275801236,87.23493524056606,Transition Leader
Belize,2019,BLZ,385833.0,,86.538,13.462,173.08,1.923,0.0,55.769,0.52,17.307000000000002,0.86538,0.13462,0.13245377739684094,0.5906841125159267,82.47171725281788,Transition Leader
Belize,2020,BLZ,390819.0,,88.636,11.364,159.09,2.273,0.0,54.545,0.44,19.405,0.8863599999999999,0.11364,0.12174758173135791,0.6035357247868274,84.19094632851845,Transition Leader
Belize,2021,BLZ,395355.0,,86.111,13.889,166.67,2.778,0.0,44.444,0.36,16.88000000000001,0.86111,0.13888999999999999,0.12754836537284192,0.5880684602567873,82.29891776953076,Transition Leader
Belize,2022,BLZ,402741.0,,87.234,12.766,170.21,2.128,0.0,51.064,0.47,18.003,0.87234,0.12766,0.1302574384718991,0.5949475644418308,83.00817750482999,Transition Leader
Belize,2023,BLZ,411112.0,,88.889,11.111,155.56,2.222,0.0,53.333,0.45,19.658,0.88889,0.11111000000000001,0.11904616138116812,0.6050855140644908,84.43352867643816,Transition Leader
Belize,2024,BLZ,417077.0,,87.234,12.766,170.21,2.128,0.0,51.064,0.47,18.003,0.87234,0.12766,0.1302574384718991,0.5949475644418308,83.00817750482999,Transition Leader
Benin,2000,BEN,7221618.0,12746225376.0,0.0,100.0,625.0,0.0,0.0,0.0,0.08,0.0,0.0,1.0,0.478296804212073,0.48466749975497403,20.312592391022786,Transition Laggard
Benin,2001,BEN,7445599.0,13306904218.0,0.0,100.0,666.67,0.0,0.0,0.0,0.06,0.0,0.0,1.0,0.5101858087425003,0.48466749975497403,19.515367277762103,Transition Laggard
Benin,2002,BEN,7675430.0,13793055302.0,0.0,100.0,666.67,0.0,0.0,0.0,0.06,0.0,0.0,1.0,0.5101858087425003,0.48466749975497403,19.515367277762103,Transition Laggard
Benin,2003,BEN,7913074.0,14127733603.0,0.0,100.0,625.0,0.0,0.0,0.0,0.08,0.0,0.0,1.0,0.478296804212073,0.48466749975497403,20.312592391022786,Transition Laggard
Benin,2004,BEN,8159098.0,14599811664.0,0.0,100.0,625.0,0.0,0.0,0.0,0.08,0.0,0.0,1.0,0.478296804212073,0.48466749975497403,20.312592391022786,Transition Laggard
Benin,2005,BEN,8426145.0,14703566396.0,0.0,100.0,636.36,0.0,0.0,0.0,0.11,0.0,0.0,1.0,0.48699032692543165,0.48466749975497403,20.09525432318882,Transition Laggard
Benin,2006,BEN,8693243.0,15130030225.0,0.0,100.0,666.67,0.0,0.0,0.0,0.15,0.0,0.0,1.0,0.5101858087425003,0.48466749975497403,19.515367277762103,Transition Laggard
Benin,2007,BEN,8953973.0,15874980420.0,0.0,100.0,636.36,0.0,0.0,0.0,0.22,0.0,0.0,1.0,0.48699032692543165,0.48466749975497403,20.09525432318882,Transition Laggard
Benin,2008,BEN,9228468.0,16519715795.0,0.0,100.0,652.17,0.0,0.0,0.0,0.23,0.0,0.0,1.0,0.4990893228847802,0.48466749975497403,19.792779424205108,Transition Laggard
Benin,2009,BEN,9509431.0,16780073808.0,0.0,100.0,692.31,0.0,0.0,0.0,0.13,0.0,0.0,1.0,0.5298074568384964,0.48466749975497403,19.0248260753622,Transition Laggard
Benin,2010,BEN,9797488.0,17023196060.0,0.0,100.0,636.36,0.0,0.0,0.0,0.11,0.0,0.0,1.0,0.48699032692543165,0.48466749975497403,20.09525432318882,Transition Laggard
Benin,2011,BEN,10093626.0,17416238625.0,0.0,100.0,700.0,0.0,0.0,0.0,0.1,0.0,0.0,1.0,0.5356924207175218,0.48466749975497403,18.877701978386565,Transition Laggard
Benin,2012,BEN,10397659.0,18305935000.0,0.0,100.0,600.0,0.0,0.0,0.0,0.05,0.0,0.0,1.0,0.45916493204359005,0.48466749975497403,20.79088919523486,Transition Laggard
Benin,2013,BEN,10708831.0,19651418479.0,0.0,100.0,615.39,0.0,0.0,0.0,0.13,0.0,0.0,1.0,0.4709425125505081,0.48466749975497403,20.496449682561906,Transition Laggard
Benin,2014,BEN,11030008.0,21043177203.0,0.0,100.0,647.06,0.0,0.0,0.0,0.34,0.0,0.0,1.0,0.4951787682135423,0.48466749975497403,19.890543290986056,Transition Laggard
Benin,2015,BEN,11360681.0,22279707949.0,0.0,100.0,625.0,0.0,0.0,0.0,0.32,0.0,0.0,1.0,0.478296804212073,0.48466749975497403,20.312592391022786,Transition Laggard
Benin,2016,BEN,11697845.0,23134706997.0,0.0,100.0,666.67,0.0,0.0,0.0,0.27,0.0,0.0,1.0,0.5101858087425003,0.48466749975497403,19.515367277762103,Transition Laggard
Benin,2017,BEN,12039777.0,24568275710.0,0.0,100.0,625.0,0.0,0.0,0.0,0.32,0.0,0.0,1.0,0.478296804212073,0.48466749975497403,20.312592391022786,Transition Laggard
Benin,2018,BEN,12383349.0,26346543293.0,0.0,100.0,631.58,0.0,0.0,0.0,0.19,0.0,0.0,1.0,0.4833323129668177,0.48466749975497403,20.186704672154168,Transition Laggard
Benin,2019,BEN,12726760.0,28155410176.0,1.852,98.148,611.11,1.852,0.0,0.0,0.54,1.852,0.018520000000000002,0.98148,0.4676671360352639,0.4960122022934431,21.85970463352005,Transition Laggard
Benin,2020,BEN,13070169.0,29239039610.0,1.01,98.99,595.96,1.01,0.0,0.0,0.99,1.01,0.0101,0.9899,0.45607322150116325,0.4908544055669901,21.56698554597577,Transition Laggard
Benin,2021,BEN,13413423.0,31331235336.0,1.77,98.23,584.07,1.77,0.0,0.0,1.13,1.77,0.0177,0.9823000000000001,0.4469741030978328,0.4955098990492992,22.320295908293666,Transition Laggard
Benin,2022,BEN,13759507.0,33290362034.0,2.02,97.98,595.96,2.02,0.0,0.0,0.99,2.02,0.0202,0.9798000000000001,0.45607322150116325,0.4970413113790062,22.26578913315601,Transition Laggard
Benin,2023,BEN,14111035.0,,3.0,97.0,590.0,3.0,0.0,0.0,1.0,3.0,0.03,0.97,0.4515121831761969,0.5030444477114574,23.057862136266937,Transition Laggard
Benin,2024,BEN,14462721.0,,3.96,96.04,584.16,3.96,0.0,0.0,1.01,3.96,0.0396,0.9604,0.44704297783763924,0.5089250710575322,23.833801619922003,Transition Laggard
Bermuda,2000,BMU,61569.0,,1.667,98.333,650.0,0.0,0.0,0.0,0.6,0.0,0.01667,0.98333,0.4974286763805559,0.48466749975497403,20.83449558681071,Transition Laggard
Bermuda,2001,BMU,61887.0,,1.639,98.361,639.34,0.0,0.0,0.0,0.61,-0.028000000000000025,0.016390000000000002,0.9836100000000001,0.4892708460879148,0.48449598157404683,21.01906857141283,Transition Laggard
Bermuda,2002,BMU,62163.0,,1.562,98.438,640.63,0.0,0.0,0.0,0.64,-0.10499999999999998,0.01562,0.98438,0.4902580506918085,0.4840243065764971,20.94111333135224,Transition Laggard
Bermuda,2003,BMU,62405.0,,1.515,98.485,651.52,0.0,0.0,0.0,0.66,-0.15200000000000014,0.015149999999999999,0.98485,0.49859189420839967,0.4837364010585122,20.70024866066769,Transition Laggard
Bermuda,2004,BMU,62576.0,,1.515,98.485,651.52,0.0,0.0,0.0,0.66,-0.15200000000000014,0.015149999999999999,0.98485,0.49859189420839967,0.4837364010585122,20.70024866066769,Transition Laggard
Bermuda,2005,BMU,62730.0,,1.449,98.551,652.17,0.0,0.0,0.0,0.69,-0.21799999999999997,0.014490000000000001,0.98551,0.4990893228847802,0.48333210820346956,20.64214855093254,Transition Laggard
Bermuda,2006,BMU,62855.0,,1.408,98.592,647.89,0.0,0.0,0.0,0.71,-0.2590000000000001,0.014079999999999999,0.98592,0.4958139463695359,0.4830809565813976,20.695665689482563,Transition Laggard
Bermuda,2007,BMU,63030.0,,1.37,98.63,643.84,0.0,0.0,0.0,0.73,-0.29699999999999993,0.013700000000000002,0.9863,0.49271458307824173,0.4828481819072822,20.74685815165319,Transition Laggard
Bermuda,2008,BMU,63319.0,,1.389,98.611,652.78,0.0,0.0,0.0,0.72,-0.278,0.01389,0.98611,0.4995561405656912,0.4829645692443399,20.588965024522814,Transition Laggard
Bermuda,2009,BMU,63587.0,,1.351,98.649,648.65,0.0,0.0,0.0,0.74,-0.31600000000000006,0.01351,0.98649,0.4963955552834578,0.48273179457022447,20.64168803646692,Transition Laggard
Bermuda,2010,BMU,63748.0,,1.351,98.649,648.65,0.0,0.0,0.0,0.74,-0.31600000000000006,0.01351,0.98649,0.4963955552834578,0.48273179457022447,20.64168803646692,Transition Laggard
Bermuda,2011,BMU,63753.0,,1.37,98.63,643.84,0.0,0.0,0.0,0.73,-0.29699999999999993,0.013700000000000002,0.9863,0.49271458307824173,0.4828481819072822,20.74685815165319,Transition Laggard
Bermuda,2012,BMU,63665.0,,1.429,98.571,642.86,0.0,0.0,0.0,0.7,-0.238,0.01429,0.98571,0.4919646136892372,0.483209595217093,20.806428586025465,Transition Laggard
Bermuda,2013,BMU,63593.0,,1.471,98.529,647.06,0.0,0.0,0.0,0.68,-0.19599999999999995,0.01471,0.98529,0.4951787682135423,0.4834668724884838,20.7551338819887,Transition Laggard
Bermuda,2014,BMU,63551.0,,1.515,98.485,651.52,0.0,0.0,0.0,0.66,-0.15200000000000014,0.015149999999999999,0.98485,0.49859189420839967,0.4837364010585122,20.70024866066769,Transition Laggard
Bermuda,2015,BMU,63482.0,,1.493,98.507,641.79,0.0,0.0,0.0,0.67,-0.17399999999999993,0.01493,0.9850700000000001,0.4911457695604261,0.483601636773498,20.871180312591814,Transition Laggard
Bermuda,2016,BMU,63466.0,,1.515,98.485,651.52,0.0,0.0,0.0,0.66,-0.15200000000000014,0.015149999999999999,0.98485,0.49859189420839967,0.4837364010585122,20.70024866066769,Transition Laggard
Bermuda,2017,BMU,63603.0,,1.493,98.507,641.79,0.0,0.0,0.0,0.67,-0.17399999999999993,0.01493,0.9850700000000001,0.4911457695604261,0.483601636773498,20.871180312591814,Transition Laggard
Bermuda,2018,BMU,63852.0,,1.562,98.438,640.63,0.0,0.0,0.0,0.64,-0.10499999999999998,0.01562,0.98438,0.4902580506918085,0.4840243065764971,20.94111333135224,Transition Laggard
Bermuda,2019,BMU,64130.0,,1.639,98.361,639.34,0.0,0.0,0.0,0.61,-0.028000000000000025,0.016390000000000002,0.9836100000000001,0.4892708460879148,0.48449598157404683,21.01906857141283,Transition Laggard
Bermuda,2020,BMU,64404.0,,1.695,98.305,644.07,0.0,0.0,0.0,0.59,0.028000000000000025,0.01695,0.9830500000000001,0.4928905963021918,0.48483901793590123,20.967320361483722,Transition Laggard
Bermuda,2021,BMU,64672.0,,1.695,98.305,644.07,0.0,0.0,0.0,0.59,0.028000000000000025,0.01695,0.9830500000000001,0.4928905963021918,0.48483901793590123,20.967320361483722,Transition Laggard
Bermuda,2022,BMU,64772.0,,1.587,98.413,650.79,0.0,0.0,0.0,0.63,-0.08000000000000007,0.01587,0.98413,0.4980332435410799,0.4841774478094678,20.76403062861502,Transition Laggard
Bermuda,2023,BMU,64721.0,,1.562,98.438,640.63,0.0,0.0,0.0,0.64,-0.10499999999999998,0.01562,0.98438,0.4902580506918085,0.4840243065764971,20.94111333135224,Transition Laggard
Bermuda,2024,BMU,64660.0,,1.639,98.361,639.34,0.0,0.0,0.0,0.61,-0.028000000000000025,0.016390000000000002,0.9836100000000001,0.4892708460879148,0.48449598157404683,21.01906857141283,Transition Laggard
Bhutan,2000,BTN,596871.0,,100.0,0.0,22.35,0.0,0.0,100.0,1.79,0.0,1.0,0.0,0.017103893718623732,0.48466749975497403,91.84241515335901,Transition Leader
Bhutan,2001,BTN,610801.0,,100.0,0.0,26.04,0.0,0.0,100.0,1.92,0.0,1.0,0.0,0.01992775805069181,0.48466749975497403,91.7718185450573,Transition Leader
Bhutan,2002,BTN,624417.0,,100.0,0.0,22.94,0.0,0.0,100.0,2.18,0.0,1.0,0.0,0.017555405901799926,0.48466749975497403,91.8311273487796,Transition Leader
Bhutan,2003,BTN,637667.0,,100.0,0.0,24.0,0.0,0.0,100.0,2.5,0.0,1.0,0.0,0.018366597281743603,0.48466749975497403,91.81084756428102,Transition Leader
Bhutan,2004,BTN,650559.0,,100.0,0.0,25.75,0.0,0.0,100.0,2.33,0.0,1.0,0.0,0.019705828333537408,0.48466749975497403,91.77736678798617,Transition Leader
Bhutan,2005,BTN,661875.0,,100.0,0.0,22.9,0.0,0.0,100.0,2.62,0.0,1.0,0.0,0.017524794906330354,0.48466749975497403,91.83189262366635,Transition Leader
Bhutan,2006,BTN,670803.0,,100.0,0.0,24.61,0.0,0.0,100.0,4.47,0.0,1.0,0.0,0.018833414962654584,0.48466749975497403,91.79917712225823,Transition Leader
Bhutan,2007,BTN,678643.0,,100.0,0.0,23.11,0.0,0.0,100.0,6.49,0.0,1.0,0.0,0.017685502632545612,0.48466749975497403,91.82787493051097,Transition Leader
Bhutan,2008,BTN,686359.0,,100.0,0.0,23.22,0.0,0.0,100.0,6.89,0.0,1.0,0.0,0.017769682870086935,0.48466749975497403,91.82577042457243,Transition Leader
Bhutan,2009,BTN,693994.0,,100.0,0.0,23.09,0.0,0.0,100.0,6.93,0.0,1.0,0.0,0.017670197134810824,0.48466749975497403,91.82825756795432,Transition Leader
Bhutan,2010,BTN,701638.0,,100.0,0.0,23.42,0.0,0.0,100.0,7.26,0.0,1.0,0.0,0.0179227378474348,0.48466749975497403,91.82194405013874,Transition Leader
Bhutan,2011,BTN,709387.0,,100.0,0.0,24.39,0.0,0.0,100.0,6.97,0.0,1.0,0.0,0.018665054487571938,0.48466749975497403,91.80338613413531,Transition Leader
Bhutan,2012,BTN,717288.0,,100.0,0.0,23.74,0.0,0.0,100.0,6.74,0.0,1.0,0.0,0.018167625811191378,0.48466749975497403,91.81582185104482,Transition Leader
Bhutan,2013,BTN,725282.0,,100.0,0.0,23.9,0.0,0.0,100.0,7.53,0.0,1.0,0.0,0.018290069793069668,0.48466749975497403,91.81276075149786,Transition Leader
Bhutan,2014,BTN,733151.0,,100.0,0.0,23.78,0.0,0.0,100.0,7.15,0.0,1.0,0.0,0.018198236806660953,0.48466749975497403,91.81505657615809,Transition Leader
Bhutan,2015,BTN,740623.0,,100.0,0.0,23.29,0.0,0.0,100.0,7.73,0.0,1.0,0.0,0.017823252112158686,0.48466749975497403,91.82443119352064,Transition Leader
Bhutan,2016,BTN,747878.0,,100.0,0.0,24.11,0.0,0.0,100.0,7.88,0.0,1.0,0.0,0.018450777519284926,0.48466749975497403,91.80874305834249,Transition Leader
Bhutan,2017,BTN,754343.0,,100.0,0.0,23.53,0.0,0.0,100.0,7.65,0.0,1.0,0.0,0.018006918084976124,0.48466749975497403,91.81983954420019,Transition Leader
Bhutan,2018,BTN,759766.0,,100.0,0.0,23.22,0.0,0.0,100.0,6.89,0.0,1.0,0.0,0.017769682870086935,0.48466749975497403,91.82577042457243,Transition Leader
Bhutan,2019,BTN,764830.0,,100.0,0.0,24.28,0.0,0.0,100.0,8.65,0.0,1.0,0.0,0.01858087425003061,0.48466749975497403,91.80549064007384,Transition Leader
Bhutan,2020,BTN,770013.0,,100.0,0.0,23.75,0.0,0.0,100.0,11.37,0.0,1.0,0.0,0.018175278560058773,0.48466749975497403,91.81563053232313,Transition Leader
Bhutan,2021,BTN,775450.0,,100.0,0.0,24.03,0.0,0.0,100.0,10.82,0.0,1.0,0.0,0.018389555528345782,0.48466749975497403,91.81027360811596,Transition Leader
Bhutan,2022,BTN,780921.0,,100.0,0.0,24.14,0.0,0.0,100.0,10.77,0.0,1.0,0.0,0.01847373576588711,0.48466749975497403,91.80816910217743,Transition Leader
Bhutan,2023,BTN,786386.0,,100.0,0.0,24.19,0.0,0.0,100.0,11.16,0.0,1.0,0.0,0.018511999510224073,0.48466749975497403,91.80721250856901,Transition Leader
Bhutan,2024,BTN,791530.0,,100.0,0.0,23.64,0.0,0.0,100.0,11.0,0.0,1.0,0.0,0.01809109832251745,0.48466749975497403,91.81773503826167,Transition Leader
Bolivia,2000,BOL,8606330.0,34126236477.0,51.546,48.454,368.56,0.0,0.0,50.258,3.88,0.0,0.51546,0.48454,0.2820497122566426,0.48466749975497403,56.146369689908546,Mixed Performer
Bolivia,2001,BOL,8752740.0,34794954024.0,54.545,45.455,345.96,0.0,0.0,53.283,3.96,2.9990000000000023,0.54545,0.45455,0.26475449981633403,0.5030383220621386,58.65371233552372,Mixed Performer
Bolivia,2002,BOL,8900358.0,35770128530.0,53.606,46.394,350.96,0.0,0.0,52.404,4.16,2.0600000000000023,0.53606,0.46394,0.2685808742500306,0.4972863373517593,57.90837320402563,Mixed Performer
Bolivia,2003,BOL,9050703.0,36849589696.0,46.651,53.349,404.16,0.0,0.0,45.497,4.33,-4.894999999999996,0.46651000000000004,0.53349,0.3092934982245623,0.454682446339312,52.07849923947562,Mixed Performer
Bolivia,2004,BOL,9204297.0,38518211935.0,48.344,51.656,390.73,0.0,0.0,47.02,4.53,-3.201999999999998,0.48344000000000004,0.51656,0.29901585649565326,0.4650531706360874,53.50680114714997,Mixed Performer
Bolivia,2005,BOL,9360758.0,40366066215.0,40.9,59.1,443.76,0.0,0.0,39.673,4.89,-10.646,0.409,0.5910000000000001,0.3395983837394392,0.41945383710673334,47.341847963115015,Mixed Performer
Bolivia,2006,BOL,9521685.0,42467223163.0,43.6,56.4,424.0,0.0,0.0,42.8,5.0,-7.945999999999998,0.436,0.564,0.32447655197747033,0.4359930902675684,49.58798255457676,Mixed Performer
Bolivia,2007,BOL,9685960.0,44577390720.0,43.199,56.801,424.63,0.0,0.0,42.279,5.44,-8.347000000000001,0.43199,0.56801,0.3249586751561161,0.4335367048907184,49.298483694457865,Mixed Performer
Bolivia,2008,BOL,9850859.0,47500614555.0,39.696,60.304,451.01,0.0,0.0,38.682,5.92,-11.850000000000001,0.39696,0.60304,0.34514662666829926,0.41207855532686466,46.370112663195485,Mixed Performer
Bolivia,2009,BOL,10016279.0,49290119749.0,37.842,62.158,465.38,0.0,0.0,36.554,6.21,-13.704,0.37842,0.62158,0.35614362679074324,0.4007216014897579,44.812433352577784,Mixed Performer
Bolivia,2010,BOL,10182345.0,51541502268.0,33.684,66.316,494.74,0.0,0.0,32.481,6.65,-17.862000000000002,0.33684,0.6631600000000001,0.3786120974654096,0.3752511516220719,41.37386483769584,Mixed Performer
Bolivia,2011,BOL,10348931.0,54437027542.0,33.992,66.008,493.65,0.0,0.0,32.722,7.09,-17.554000000000002,0.33992,0.66008,0.3777779478388637,0.37713785161227087,41.60781907821247,Mixed Performer
Bolivia,2012,BOL,10515814.0,57225289193.0,32.524,67.476,504.72,0.0,0.0,31.444,7.41,-19.022,0.32524000000000003,0.67476,0.38624954083506796,0.3681453984122317,40.38034245530678,Mixed Performer
Bolivia,2013,BOL,10682612.0,61114326124.0,33.803,66.197,495.52,0.0,0.0,32.138,7.81,-17.743000000000002,0.33803,0.6619700000000001,0.37920901187706624,0.37598010389101244,41.441276261438524,Mixed Performer
Bolivia,2014,BOL,10848889.0,64451770571.0,28.675,71.325,530.12,0.12,0.12,26.867,8.3,-22.871,0.28675,0.71325,0.4056875229582466,0.3445677741840635,37.23132853880479,Transition Laggard
Bolivia,2015,BOL,11014707.0,67582198248.0,29.444,70.556,526.67,0.0,0.111,27.111,9.0,-22.102,0.29444,0.70556,0.40304732459899595,0.3492783985102421,37.82939286267874,Transition Laggard
Bolivia,2016,BOL,11180020.0,70463901130.0,20.753,79.247,588.17,0.108,0.43,18.28,9.3,-30.793,0.20753,0.79247,0.4501117301334639,0.2960403802803097,30.639612450868047,Transition Laggard
Bolivia,2017,BOL,11344591.0,73419862854.0,25.13,74.87,554.75,0.104,0.626,23.045,9.59,-26.416,0.25129999999999997,0.7487,0.424536243418636,0.32285234734881896,34.307379124766385,Transition Laggard
Bolivia,2018,BOL,11508370.0,76521114837.0,29.582,70.418,523.9,1.295,0.598,25.996,10.04,-21.964,0.29582,0.70418,0.40092751316272807,0.3501237381162403,37.9778682426754,Transition Laggard
Bolivia,2019,BOL,11671386.0,78217588630.0,36.162,63.838,478.3,1.832,0.675,31.34,10.37,-15.384,0.36162,0.6383800000000001,0.3660309783274152,0.3904305106341272,43.40288320132653,Mixed Performer
Bolivia,2020,BOL,11816301.0,71382934039.0,35.638,64.362,483.93,3.213,0.584,28.627,10.27,-15.908000000000001,0.35638,0.64362,0.3703394759397576,0.38722067039106145,42.93262315737198,Mixed Performer
Bolivia,2021,BOL,11937369.0,75741579784.0,38.454,61.546,467.34,3.22,1.196,29.807,10.87,-13.091999999999999,0.38454,0.61546,0.35764356556875226,0.40447049887288056,45.1983683438744,Mixed Performer
Bolivia,2022,BOL,12077156.0,78165311428.0,35.733,64.267,485.86,2.999,3.77,24.422,11.67,-15.813000000000002,0.35733,0.64267,0.37181645647116446,0.38780260707635006,42.96142769436614,Mixed Performer
Bolivia,2023,BOL,12244161.0,,33.307,66.693,501.2,2.789,3.506,23.665,12.55,-18.238999999999997,0.33307000000000003,0.66693,0.38355577323374557,0.3729417818288739,40.98943239658947,Mixed Performer
Bolivia,2024,BOL,12413318.0,,33.999,66.001,495.2,2.956,3.548,24.39,13.53,-17.546999999999997,0.33999,0.6600100000000001,0.37896412391330964,0.3771807311575027,41.583007869529794,Mixed Performer
Bolivia,2025,BOL,12581847.0,,36.097,63.903,481.29,2.935,2.054,27.88,13.63,-15.448999999999998,0.36097,0.63903,0.36831915023876577,0.3900323434284034,43.300706395456906,Mixed Performer
Bosnia and Herzegovina,2000,BIH,4159785.0,27629709487.0,48.802,51.198,517.74,,,48.802,10.43,0.0,0.48802,0.51198,0.39621341986041386,0.48466749975497403,51.645876999814256,Mixed Performer
Bosnia and Herzegovina,2001,BIH,4179446.0,27937499205.0,48.73,51.27,517.4,,,48.73,10.63,-0.07200000000000273,0.48729999999999996,0.5127,0.3959532263989225,0.4842264530040184,51.602566135087216,Mixed Performer
Bosnia and Herzegovina,2002,BIH,4188006.0,28997438498.0,48.842,51.158,515.29,,,48.842,10.79,0.03999999999999915,0.48842,0.51158,0.3943384963879025,0.48491252572772714,51.72042547621834,Mixed Performer
Bosnia and Herzegovina,2003,BIH,4178523.0,29748999379.0,39.929,60.071,601.6,0.0,,39.929,11.27,-8.872999999999998,0.39929000000000003,0.60071,0.460389371862373,0.430314613349015,43.9023849036759,Mixed Performer
Bosnia and Herzegovina,2004,BIH,4140990.0,31229543774.0,46.976,53.024,534.17,0.0,,46.976,12.73,-1.8260000000000005,0.46976,0.53024,0.4087868862495408,0.47348206409879445,50.0681588052434,Mixed Performer
Bosnia and Herzegovina,2005,BIH,4096493.0,32159580501.0,47.619,52.381,526.98,0.0,,47.619,12.6,-1.1829999999999998,0.47619,0.52381,0.40328455981388517,0.47742085661080075,50.650598853814884,Mixed Performer
Bosnia and Herzegovina,2006,BIH,4063269.0,33580206309.0,43.943,56.057,562.83,0.0,,43.943,13.29,-4.859000000000002,0.43943,0.56057,0.4307196645034897,0.4549029697147898,47.4213529331346,Mixed Performer
Bosnia and Herzegovina,2007,BIH,4013420.0,35158268243.0,33.871,66.129,659.59,0.0,,33.871,11.78,-14.930999999999997,0.33871,0.66129,0.504767662544386,0.3932054297755562,38.60148988302369,Transition Laggard
Bosnia and Herzegovina,2008,BIH,3947545.0,36676627730.0,33.197,66.803,671.44,0.0,,33.197,14.67,-15.604999999999997,0.33197000000000004,0.66803,0.5138361699522469,0.3890767421346663,37.90844688321382,Transition Laggard
Bosnia and Herzegovina,2009,BIH,3879798.0,35937393954.0,40.31,59.69,600.78,0.0,,40.31,15.48,-8.491999999999997,0.4031,0.5969,0.4597618464552467,0.4326484857394884,44.18168112471116,Mixed Performer
Bosnia and Herzegovina,2010,BIH,3811480.0,35774435069.0,47.431,52.569,531.01,0.0,,47.431,16.93,-1.3710000000000022,0.47431,0.52569,0.4063686176074446,0.4762692345388611,50.443423077896796,Mixed Performer
Bosnia and Herzegovina,2011,BIH,3741799.0,35664062419.0,29.131,70.869,708.69,0.0,0.0,29.131,15.07,-19.671,0.29131,0.70869,0.5423426594832864,0.36416985200431246,34.38258129298253,Transition Laggard
Bosnia and Herzegovina,2012,BIH,3670109.0,35371051813.0,30.051,69.949,700.22,0.0,0.0,30.051,13.81,-18.751,0.30051,0.69949,0.5358607811926044,0.36980544937763404,35.1811622108494,Transition Laggard
Bosnia and Herzegovina,2013,BIH,3610857.0,36202157063.0,41.971,58.029,584.93,0.0,0.0,41.971,17.25,-6.831000000000003,0.41970999999999997,0.5802900000000001,0.4476322395004285,0.44282318925806136,45.63414185136021,Mixed Performer
Bosnia and Herzegovina,2014,BIH,3564831.0,36619951250.0,34.88,65.12,653.55,0.059,0.0,34.821,17.03,-13.921999999999997,0.34880000000000005,0.6512000000000001,0.5001454022284805,0.39938620993825347,39.41515809336179,Transition Laggard
Bosnia and Herzegovina,2015,BIH,3518541.0,38199900995.0,33.78,66.22,664.03,0.061,0.0,33.719,16.43,-15.021999999999998,0.33780000000000004,0.6622,0.5081654830415085,0.3926479956875429,38.45358285927543,Transition Laggard
Bosnia and Herzegovina,2016,BIH,3472997.0,39438504839.0,31.677,68.323,685.49,0.113,0.0,31.564,17.71,-17.125,0.31677,0.6832299999999999,0.5245882821109342,0.379765755170048,36.58797927477737,Transition Laggard
Bosnia and Herzegovina,2017,BIH,3428684.0,40717914490.0,23.522,76.478,766.01,0.123,0.0,23.337,16.24,-25.28,0.23521999999999998,0.76478,0.586208215991184,0.32981108497500733,29.40516087484551,Transition Laggard
Bosnia and Herzegovina,2018,BIH,3386999.0,42277004927.0,34.347,65.653,660.72,0.105,0.524,33.665,19.07,-14.454999999999998,0.34347,0.6565300000000001,0.5056324231664014,0.3961212388513182,38.90920800360974,Transition Laggard
Bosnia and Herzegovina,2019,BIH,3345532.0,43497123759.0,36.682,63.318,637.2,0.172,1.435,35.017,17.42,-12.119999999999997,0.36682000000000003,0.63318,0.4876331578302927,0.41042463001078117,40.9747405044044,Mixed Performer
Bosnia and Herzegovina,2020,BIH,3299352.0,42185625323.0,29.184,70.816,711.14,0.298,1.549,27.278,16.79,-19.618,0.29184000000000004,0.70816,0.5442175829557977,0.3644945114182103,34.37237809737822,Transition Laggard
Bosnia and Herzegovina,2021,BIH,3244912.0,45303796505.0,39.001,60.999,615.97,0.38,2.064,36.339,18.41,-9.801000000000002,0.39000999999999997,0.60999,0.471386371984817,0.42463001078114276,42.98539086209671,Mixed Performer
Bosnia and Herzegovina,2022,BIH,3204802.0,47069138435.0,32.049,67.951,683.18,0.673,2.385,28.807,16.35,-16.753,0.32049,0.67951,0.5228204971225664,0.38204449671665197,36.88955502268563,Transition Laggard
Bosnia and Herzegovina,2023,BIH,3185072.0,,43.073,56.927,576.25,1.455,2.095,39.29,17.18,-5.728999999999999,0.43073,0.56927,0.4409896534835313,0.4495736548074096,46.56266348502285,Mixed Performer
Bosnia and Herzegovina,2024,BIH,3164256.0,,40.349,59.651,601.03,2.518,2.389,35.184,15.49,-8.453000000000003,0.40348999999999996,0.5965100000000001,0.4599531651769315,0.43288738606292265,44.20388166152055,Mixed Performer
Bosnia and Herzegovina,2025,BIH,3140098.0,,43.56,56.44,570.64,4.086,2.562,36.634,14.44,-5.241999999999997,0.43560000000000004,0.5644,0.4366964613689237,0.45255684602567875,47.00694115616209,Mixed Performer
Botswana,2000,BWA,1677384.0,13391002424.0,0.0,100.0,850.88,0.0,0.0,0.0,1.14,0.0,0.0,1.0,0.6511570956287499,0.48466749975497403,15.991085105605862,Transition Laggard
Botswana,2001,BWA,1712264.0,13725120137.0,0.0,100.0,849.56,0.0,0.0,0.0,1.13,0.0,0.0,1.0,0.6501469327782539,0.48466749975497403,16.016339176868264,Transition Laggard
Botswana,2002,BWA,1744765.0,14885467195.0,0.0,100.0,852.17,0.0,0.0,0.0,1.15,0.0,0.0,1.0,0.6521443002326436,0.48466749975497403,15.96640499050852,Transition Laggard
Botswana,2003,BWA,1775744.0,15922248755.0,0.0,100.0,855.77,0.0,0.0,0.0,1.04,0.0,0.0,1.0,0.6548992898249051,0.48466749975497403,15.897530250701983,Transition Laggard
Botswana,2004,BWA,1807153.0,16720998899.0,0.0,100.0,845.36,0.0,0.0,0.0,0.97,0.0,0.0,1.0,0.6469327782539488,0.48466749975497403,16.09669303997589,Transition Laggard
Botswana,2005,BWA,1839881.0,17874650435.0,0.0,100.0,858.49,0.0,0.0,0.0,1.06,0.0,0.0,1.0,0.6569808375168361,0.48466749975497403,15.845491558403706,Transition Laggard
Botswana,2006,BWA,1874526.0,19804034564.0,0.0,100.0,858.59,0.0,0.0,0.0,0.99,0.0,0.0,1.0,0.65705736500551,0.48466749975497403,15.843578371186858,Transition Laggard
Botswana,2007,BWA,1911200.0,21924081026.0,0.0,100.0,855.42,0.0,0.0,0.0,0.83,0.0,0.0,1.0,0.6546314436145463,0.48466749975497403,15.904226405960953,Transition Laggard
Botswana,2008,BWA,1949973.0,23814412331.0,0.0,100.0,857.14,0.0,0.0,0.0,0.7,0.0,0.0,1.0,0.6559477164197379,0.48466749975497403,15.871319585831161,Transition Laggard
Botswana,2009,BWA,1990671.0,22485468865.0,0.0,100.0,854.84,0.0,0.0,0.0,0.62,0.0,0.0,1.0,0.6541875841802376,0.48466749975497403,15.91532289181867,Transition Laggard
Botswana,2010,BWA,2033110.0,24958864035.0,0.0,100.0,849.06,0.0,0.0,0.0,0.53,0.0,0.0,1.0,0.6497642953348842,0.48466749975497403,16.025905112952504,Transition Laggard
Botswana,2011,BWA,2073538.0,27061119164.0,0.0,100.0,854.17,0.0,0.0,0.0,0.48,0.0,0.0,1.0,0.6536748500061221,0.48466749975497403,15.928141246171556,Transition Laggard
Botswana,2012,BWA,2108617.0,27014847416.0,0.0,100.0,800.0,0.0,0.0,0.0,0.35,0.0,0.0,1.0,0.6122199093914534,0.48466749975497403,16.964514761538275,Transition Laggard
Botswana,2013,BWA,2140687.0,30014304729.0,0.0,100.0,826.09,0.0,0.0,0.0,0.92,0.0,0.0,1.0,0.6321859311864823,0.48466749975497403,16.465364216662554,Transition Laggard
Botswana,2014,BWA,2172053.0,31724220202.0,0.0,100.0,852.81,0.0,0.0,0.0,2.31,0.0,0.0,1.0,0.6526340761601567,0.48466749975497403,15.954160592320694,Transition Laggard
Botswana,2015,BWA,2203276.0,30185273524.0,0.0,100.0,848.49,0.0,0.0,0.0,2.97,0.0,0.0,1.0,0.6493280886494429,0.48466749975497403,16.036810280088538,Transition Laggard
Botswana,2016,BWA,2234784.0,32359220755.0,0.0,100.0,858.74,0.0,0.0,0.0,2.69,0.0,0.0,1.0,0.6571721562385209,0.48466749975497403,15.840708590361588,Transition Laggard
Botswana,2017,BWA,2266749.0,33690154993.0,0.0,100.0,857.62,0.0,0.0,0.0,3.02,0.0,0.0,1.0,0.6563150483653728,0.48466749975497403,15.86213628719029,Transition Laggard
Botswana,2018,BWA,2299149.0,35101769105.0,0.322,99.678,855.31,0.322,0.0,0.0,3.11,0.322,0.00322,0.99678,0.654547263377005,0.4866399588356366,16.129117798109423,Transition Laggard
Botswana,2019,BWA,2332082.0,36166405883.0,0.398,99.602,852.59,0.398,0.0,0.0,2.51,0.398,0.00398,0.99602,0.6524657156850742,0.4871055081838675,16.233739730631157,Transition Laggard
Botswana,2020,BWA,2365895.0,33010529929.0,0.459,99.541,848.62,0.459,0.0,0.0,2.18,0.459,0.00459,0.99541,0.649427574384719,0.487479172792316,16.351898232266766,Transition Laggard
Botswana,2021,BWA,2401448.0,36918974292.0,0.402,99.598,847.39,0.402,0.0,0.0,2.49,0.402,0.00402,0.99598,0.6484862862740296,0.4871300107811428,16.335993004866403,Transition Laggard
Botswana,2022,BWA,2439895.0,39293967463.0,0.391,99.609,847.66,0.391,0.0,0.0,2.56,0.391,0.00391,0.9960899999999999,0.6486929104934492,0.4870626286386357,16.323216667243308,Transition Laggard
Botswana,2023,BWA,2480242.0,,0.31,99.69,854.49,0.31,0.0,0.0,3.23,0.31,0.0031,0.9969,0.6539197379698788,0.48656645104381063,16.136503316410188,Transition Laggard
Botswana,2024,BWA,2521145.0,,0.292,99.708,851.31,0.292,0.0,0.0,3.43,0.292,0.00292,0.99708,0.6514861638300478,0.48645618935607177,16.18488874458988,Transition Laggard
Brazil,2000,BRA,174018278.0,1739728033832.0,89.491,8.775,89.45,0.0,0.0,87.238,348.93,0.0,0.89491,0.08775000000000001,0.06845383861883189,0.48466749975497403,84.6867665308538,Transition Leader
Brazil,2001,BRA,176301201.0,1785513006345.0,84.289,11.365,105.74,0.0,0.009,81.534,328.55,-5.201999999999998,0.84289,0.11365,0.08092016652381535,0.45280187199843186,81.42892391688109,Transition Leader
Brazil,2002,BRA,178503485.0,1861742323845.0,85.74,10.257,97.3,0.0,0.017,82.752,345.72,-3.7510000000000048,0.8573999999999999,0.10257,0.07446124647973552,0.46169018916005095,82.50857167540737,Transition Leader
Brazil,2003,BRA,180622688.0,1904932706436.0,87.165,9.169,90.67,0.0,0.016,83.872,364.39,-2.3259999999999934,0.87165,0.09169000000000001,0.06938747398065385,0.47041923943938063,83.53710174207436,Transition Leader
Brazil,2004,BRA,182675144.0,2038447931287.0,86.036,10.968,101.78,0.0,0.015,82.789,387.49,-3.4549999999999983,0.86036,0.10968,0.07788967797232767,0.463503381358424,82.37590877106817,Transition Leader
Brazil,2005,BRA,184688101.0,2129214530430.0,87.129,10.427,98.89,0.0,0.022,83.722,403.07,-2.3619999999999948,0.8712900000000001,0.10427,0.07567803354965104,0.4701987160639028,83.04942990221727,Transition Leader
Brazil,2006,BRA,186653099.0,2240805319046.0,86.754,9.968,95.96,0.0,0.057,83.157,419.45,-2.7369999999999948,0.8675400000000001,0.09968,0.07343577813150483,0.4679015975693424,83.05452951025251,Transition Leader
Brazil,2007,BRA,188552311.0,2405626901513.0,88.226,8.999,90.91,0.0,0.148,84.021,445.15,-1.2650000000000006,0.88226,0.08999,0.06957113995347129,0.47691855336665684,84.04384980166306,Transition Leader
Brazil,2008,BRA,190367297.0,2559842659987.0,84.315,12.669,113.63,0.0,0.255,79.788,463.18,-5.176000000000002,0.84315,0.12669,0.08695818538018855,0.4529611388807213,80.96346244870611,Transition Leader
Brazil,2009,BRA,192079958.0,2589568436235.0,89.047,8.173,87.37,0.0,0.266,83.873,466.17,-0.4440000000000026,0.89047,0.08173,0.0668620668544141,0.4819477114574145,84.68086400050086,Transition Leader
Brazil,2010,BRA,193701931.0,2820492538862.0,84.802,12.383,114.15,0.0,0.423,78.187,515.8,-4.688999999999993,0.8480200000000001,0.12383,0.08735612832129301,0.45594433009899055,81.24021174345253,Transition Leader
Brazil,2011,BRA,195284736.0,2968455007203.0,87.193,9.862,99.76,0.0,0.508,80.549,531.76,-2.298000000000002,0.87193,0.09862,0.07634382270111424,0.4705907576203077,83.20231579677674,Transition Leader
Brazil,2012,BRA,196876113.0,3025484250011.0,82.563,14.534,128.34,0.0,0.914,75.175,552.5,-6.927999999999997,0.8256300000000001,0.14534,0.09821537896412391,0.44222900127413506,79.44160054500892,Transition Leader
Brazil,2013,BRA,198478290.0,3116394665745.0,76.825,20.468,167.84,0.0,1.153,68.495,570.83,-12.665999999999997,0.7682500000000001,0.20468,0.12844373699032693,0.40708002548270117,74.66685695748234,Emerging Improver
Brazil,2014,BRA,200085126.0,3132099937531.0,73.279,24.117,192.94,0.003,2.068,63.236,590.55,-16.212000000000003,0.7327899999999999,0.24117000000000002,0.14765213664748378,0.38535847299813775,71.70747367878496,Emerging Improver
Brazil,2015,BRA,201675534.0,3021043246476.0,74.208,23.258,188.64,0.01,3.721,61.894,581.22,-15.283000000000001,0.74208,0.23258,0.1443614546345047,0.3910492012153288,72.41500165236732,Emerging Improver
Brazil,2016,BRA,203218108.0,2922076150345.0,80.468,16.792,149.65,0.016,5.785,65.8,578.89,-9.022999999999996,0.8046800000000001,0.16792,0.11452338680053877,0.42939576595119083,77.54365181925439,Transition Leader
Brazil,2017,BRA,204703440.0,2960731613785.0,79.247,18.082,155.88,0.141,7.19,62.939,589.32,-10.244,0.79247,0.18082,0.1192910493449247,0.4219163481329021,76.56241898837041,Transition Leader
Brazil,2018,BRA,206107265.0,3013541086239.0,82.358,15.037,136.95,0.575,8.061,64.678,601.39,-7.132999999999996,0.8235800000000001,0.15037,0.10480439573894942,0.4409732431637754,79.0605387539829,Transition Leader
Brazil,2019,BRA,207455459.0,3050327159562.0,81.386,16.067,141.93,1.05,8.841,62.823,633.33,-8.105000000000004,0.81386,0.16067,0.10861546467491123,0.43501911202587473,78.27825006351533,Transition Leader
Brazil,2020,BRA,208660845.0,2950377451264.0,83.167,14.599,133.36,1.71,9.073,63.042,628.76,-6.323999999999998,0.83167,0.14599,0.10205705889555529,0.44592889346270703,79.59620692955171,Transition Leader
Brazil,2021,BRA,209550291.0,3097565215045.0,77.372,20.388,168.07,2.552,11.013,55.274,656.4,-12.119,0.77372,0.20388000000000003,0.12861975021427696,0.41043075566009996,74.92416757954457,Emerging Improver
Brazil,2022,BRA,210306411.0,3187412907763.0,87.703,10.147,103.39,4.449,12.055,63.074,677.16,-1.7879999999999967,0.8770300000000001,0.10147,0.07912177053997796,0.47371483877290993,83.2869783180942,Transition Leader
Brazil,2023,BRA,211140731.0,,88.995,8.958,96.26,7.15,13.529,60.159,708.12,-0.4959999999999951,0.88995,0.08958,0.07366536059752664,0.4816291776928355,84.29155365045436,Transition Leader
Brazil,2024,BRA,211998565.0,,87.333,10.551,106.06,9.564,14.548,55.411,745.72,-2.1580000000000013,0.87333,0.10551,0.08116505448757194,0.47144834852494366,82.97139886568485,Transition Leader
Brazil,2025,BRA,212812397.0,,86.601,11.284,109.95,11.81,15.666,51.781,750.53,-2.8900000000000006,0.8660100000000001,0.11284000000000001,0.08414197379698789,0.4669643732235617,82.39026625342873,Transition Leader
British Virgin Islands,2000,VGB,20266.0,,0.0,100.0,636.36,0.0,0.0,0.0,0.11,0.0,0.0,1.0,0.48699032692543165,0.48466749975497403,20.09525432318882,Transition Laggard
British Virgin Islands,2001,VGB,20825.0,,0.0,100.0,666.67,0.0,0.0,0.0,0.12,0.0,0.0,1.0,0.5101858087425003,0.48466749975497403,19.515367277762103,Transition Laggard
British Virgin Islands,2002,VGB,21454.0,,0.0,100.0,642.86,0.0,0.0,0.0,0.14,0.0,0.0,1.0,0.4919646136892372,0.48466749975497403,19.970897154093677,Transition Laggard
British Virgin Islands,2003,VGB,22155.0,,0.0,100.0,642.86,0.0,0.0,0.0,0.14,0.0,0.0,1.0,0.4919646136892372,0.48466749975497403,19.970897154093677,Transition Laggard
British Virgin Islands,2004,VGB,22905.0,,0.0,100.0,666.67,0.0,0.0,0.0,0.15,0.0,0.0,1.0,0.5101858087425003,0.48466749975497403,19.515367277762103,Transition Laggard
British Virgin Islands,2005,VGB,23693.0,,0.0,100.0,687.5,0.0,0.0,0.0,0.16,0.0,0.0,1.0,0.5261264846332803,0.48466749975497403,19.116850380492604,Transition Laggard
British Virgin Islands,2006,VGB,24519.0,,0.0,100.0,647.06,0.0,0.0,0.0,0.17,0.0,0.0,1.0,0.4951787682135423,0.48466749975497403,19.890543290986056,Transition Laggard
British Virgin Islands,2007,VGB,25391.0,,0.0,100.0,666.67,0.0,0.0,0.0,0.18,0.0,0.0,1.0,0.5101858087425003,0.48466749975497403,19.515367277762103,Transition Laggard
British Virgin Islands,2008,VGB,26308.0,,0.0,100.0,666.67,0.0,0.0,0.0,0.18,0.0,0.0,1.0,0.5101858087425003,0.48466749975497403,19.515367277762103,Transition Laggard
British Virgin Islands,2009,VGB,27240.0,,0.0,100.0,684.21,0.0,0.0,0.0,0.19,0.0,0.0,1.0,0.5236087302559079,0.48466749975497403,19.179794239926913,Transition Laggard
British Virgin Islands,2010,VGB,27698.0,,0.0,100.0,650.0,0.0,0.0,0.0,0.2,0.0,0.0,1.0,0.4974286763805559,0.48466749975497403,19.83429558681071,Transition Laggard
British Virgin Islands,2011,VGB,28733.0,,0.0,100.0,684.21,0.0,0.0,0.0,0.19,0.0,0.0,1.0,0.5236087302559079,0.48466749975497403,19.179794239926913,Transition Laggard
British Virgin Islands,2012,VGB,30369.0,,0.0,100.0,650.0,0.0,0.0,0.0,0.2,0.0,0.0,1.0,0.4974286763805559,0.48466749975497403,19.83429558681071,Transition Laggard
British Virgin Islands,2013,VGB,31727.0,,0.0,100.0,650.0,0.0,0.0,0.0,0.2,0.0,0.0,1.0,0.4974286763805559,0.48466749975497403,19.83429558681071,Transition Laggard
British Virgin Islands,2014,VGB,32988.0,,0.0,100.0,650.0,0.0,0.0,0.0,0.2,0.0,0.0,1.0,0.4974286763805559,0.48466749975497403,19.83429558681071,Transition Laggard
British Virgin Islands,2015,VGB,34523.0,,0.0,100.0,666.67,0.0,0.0,0.0,0.21,0.0,0.0,1.0,0.5101858087425003,0.48466749975497403,19.515367277762103,Transition Laggard
British Virgin Islands,2016,VGB,33904.0,,0.0,100.0,636.36,0.0,0.0,0.0,0.22,0.0,0.0,1.0,0.48699032692543165,0.48466749975497403,20.09525432318882,Transition Laggard
British Virgin Islands,2017,VGB,32724.0,,0.0,100.0,647.06,0.0,0.0,0.0,0.17,0.0,0.0,1.0,0.4951787682135423,0.48466749975497403,19.890543290986056,Transition Laggard
British Virgin Islands,2018,VGB,34682.0,,0.0,100.0,687.5,0.0,0.0,0.0,0.16,0.0,0.0,1.0,0.5261264846332803,0.48466749975497403,19.116850380492604,Transition Laggard
British Virgin Islands,2019,VGB,36423.0,,0.0,100.0,687.5,0.0,0.0,0.0,0.16,0.0,0.0,1.0,0.5261264846332803,0.48466749975497403,19.116850380492604,Transition Laggard
British Virgin Islands,2020,VGB,37161.0,,0.0,100.0,687.5,0.0,0.0,0.0,0.16,0.0,0.0,1.0,0.5261264846332803,0.48466749975497403,19.116850380492604,Transition Laggard
British Virgin Islands,2021,VGB,37833.0,,0.0,100.0,647.06,0.0,0.0,0.0,0.17,0.0,0.0,1.0,0.4951787682135423,0.48466749975497403,19.890543290986056,Transition Laggard
British Virgin Islands,2022,VGB,38346.0,,0.0,100.0,647.06,0.0,0.0,0.0,0.17,0.0,0.0,1.0,0.4951787682135423,0.48466749975497403,19.890543290986056,Transition Laggard
British Virgin Islands,2023,VGB,39009.0,,0.0,100.0,647.06,0.0,0.0,0.0,0.17,0.0,0.0,1.0,0.4951787682135423,0.48466749975497403,19.890543290986056,Transition Laggard
Brunei,2000,BRN,326429.0,,0.0,100.0,901.58,0.0,0.0,0.0,2.54,0.0,0.0,1.0,0.6899565323864333,0.48466749975497403,15.021099186663777,Transition Laggard
Brunei,2001,BRN,333353.0,,0.0,100.0,903.1,0.0,0.0,0.0,2.58,0.0,0.0,1.0,0.691119750214277,0.48466749975497403,14.992018740967685,Transition Laggard
Brunei,2002,BRN,340108.0,,0.0,100.0,904.06,0.0,0.0,0.0,2.71,0.0,0.0,1.0,0.6918544141055467,0.48466749975497403,14.973652143685943,Transition Laggard
Brunei,2003,BRN,346650.0,,0.0,100.0,903.13,0.0,0.0,0.0,3.2,0.0,0.0,1.0,0.6911427084608791,0.48466749975497403,14.991444784802631,Transition Laggard
Brunei,2004,BRN,352921.0,,0.0,100.0,901.84,0.0,0.0,0.0,3.26,0.0,0.0,1.0,0.6901555038569854,0.48466749975497403,15.016124899899975,Transition Laggard
Brunei,2005,BRN,358930.0,,0.0,100.0,901.84,0.0,0.0,0.0,3.26,0.0,0.0,1.0,0.6901555038569854,0.48466749975497403,15.016124899899975,Transition Laggard
Brunei,2006,BRN,364670.0,,0.0,100.0,903.03,0.0,0.0,0.0,3.3,0.0,0.0,1.0,0.6910661809722052,0.48466749975497403,14.99335797201948,Transition Laggard
Brunei,2007,BRN,370883.0,,0.0,100.0,902.66,0.0,0.0,0.0,3.39,0.0,0.0,1.0,0.6907830292641116,0.48466749975497403,15.000436764721819,Transition Laggard
Brunei,2008,BRN,377800.0,,0.0,100.0,903.51,0.0,0.0,0.0,3.42,0.0,0.0,1.0,0.69143351291784,0.48466749975497403,14.98417467337861,Transition Laggard
Brunei,2009,BRN,384965.0,,0.0,100.0,903.32,0.0,0.0,0.0,3.62,0.0,0.0,1.0,0.6912881106893597,0.48466749975497403,14.987809729090618,Transition Laggard
Brunei,2010,BRN,392340.0,,0.0,100.0,902.38,0.0,0.0,0.0,3.79,0.0,0.0,1.0,0.6905687522958247,0.48466749975497403,15.005793688928993,Transition Laggard
Brunei,2011,BRN,399395.0,,0.0,100.0,903.49,0.0,0.0,0.0,3.73,0.0,0.0,1.0,0.6914182074201053,0.48466749975497403,14.984557310821977,Transition Laggard
Brunei,2012,BRN,405564.0,,0.0,100.0,903.31,0.0,0.0,0.0,3.93,0.0,0.0,1.0,0.6912804579404922,0.48466749975497403,14.988001047812304,Transition Laggard
Brunei,2013,BRN,411205.0,,0.0,100.0,904.55,0.0,0.0,0.0,4.4,0.0,0.0,1.0,0.692229398800049,0.48466749975497403,14.964277526323386,Transition Laggard
Brunei,2014,BRN,416757.0,,0.0,100.0,904.44,0.0,0.0,0.0,4.5,0.0,0.0,1.0,0.6921452185625077,0.48466749975497403,14.966382032261919,Transition Laggard
Brunei,2015,BRN,422223.0,,0.0,100.0,902.38,0.0,0.0,0.0,4.2,0.0,0.0,1.0,0.6905687522958247,0.48466749975497403,15.005793688928993,Transition Laggard
Brunei,2016,BRN,427571.0,,0.0,100.0,901.64,0.0,0.0,0.0,4.27,0.0,0.0,1.0,0.6900024488796376,0.48466749975497403,15.019951274333671,Transition Laggard
Brunei,2017,BRN,432787.0,,0.0,100.0,901.44,0.0,0.0,0.0,4.16,0.0,0.0,1.0,0.6898493939022897,0.48466749975497403,15.023777648767368,Transition Laggard
Brunei,2018,BRN,437811.0,,0.0,100.0,902.33,0.0,0.0,0.0,4.3,0.0,0.0,1.0,0.6905304885514877,0.48466749975497403,15.006750282537418,Transition Laggard
Brunei,2019,BRN,442690.0,,0.0,100.0,896.55,0.0,0.0,0.0,4.93,0.0,0.0,1.0,0.6861071997061344,0.48466749975497403,15.11733250367125,Transition Laggard
Brunei,2020,BRN,447411.0,,0.0,100.0,895.47,0.0,0.0,0.0,5.74,0.0,0.0,1.0,0.685280702828456,0.48466749975497403,15.13799492561321,Transition Laggard
Brunei,2021,BRN,451722.0,,0.0,100.0,894.74,0.0,0.0,0.0,5.7,0.0,0.0,1.0,0.6847220521611362,0.48466749975497403,15.151961192296204,Transition Laggard
Brunei,2022,BRN,455374.0,,0.0,100.0,892.86,0.0,0.0,0.0,5.6,0.0,0.0,1.0,0.6832833353740664,0.48466749975497403,15.18792911197295,Transition Laggard
Brunei,2023,BRN,458959.0,,0.0,100.0,894.64,0.0,0.0,0.0,5.6,0.0,0.0,1.0,0.6846455246724623,0.48466749975497403,15.153874379513052,Transition Laggard
Brunei,2024,BRN,462734.0,,0.18,99.82,892.09,0.18,0.0,0.0,5.56,0.18,0.0018,0.9982,0.6826940737112771,0.485770116632363,15.32719990670352,Transition Laggard
Bulgaria,2000,BGR,8000519.0,67719765830.0,6.479,48.731,458.24,0.0,,6.479,40.59,0.0,0.06479,0.48731,0.3506795640994245,0.48466749975497403,38.587923393839,Transition Laggard
Bulgaria,2001,BGR,7928455.0,68877651140.0,3.798,51.197,484.35,0.0,,3.798,43.44,-2.681,0.03798,0.51197,0.3706608913921881,0.4682446339311967,36.28719722416325,Transition Laggard
Bulgaria,2002,BGR,7861949.0,73450036758.0,5.038,46.911,444.63,0.0,,5.038,42.08,-1.4409999999999998,0.05038,0.46911,0.34026417289090244,0.47584043908654317,38.66655226402558,Transition Laggard
Bulgaria,2003,BGR,7804405.0,77722336425.0,7.072,52.058,492.9,0.0,,7.072,42.28,0.593,0.07072,0.52058,0.37720399167380925,0.48830000980103894,37.35510035517035,Transition Laggard
Bulgaria,2004,BGR,7749430.0,83228668873.0,7.592,51.741,493.71,0.0,0.0,7.592,41.36,1.1129999999999995,0.07592,0.51741,0.37782386433206805,0.49148534744682937,37.64863360340074,Transition Laggard
Bulgaria,2005,BGR,7695047.0,89684785590.0,9.797,47.71,453.86,0.0,0.0,9.797,43.89,3.3180000000000005,0.09797,0.4771,0.3473276600955063,0.5049924041948447,40.39314456053501,Mixed Performer
Bulgaria,2006,BGR,7640292.0,96404598197.0,9.309,47.799,451.81,0.0,0.044,9.265,45.44,2.829999999999999,0.09308999999999999,0.47799,0.34575884657769074,0.5020030873272567,40.194475145466576,Mixed Performer
Bulgaria,2007,BGR,7586896.0,104058200673.0,6.726,59.085,558.62,0.0,0.117,6.609,42.82,0.2469999999999999,0.06726,0.59085,0.42749785723031714,0.4861805351367245,34.188111596292934,Transition Laggard
Bulgaria,2008,BGR,7535589.0,110900337989.0,6.586,57.968,550.91,0.0,0.27,6.271,44.49,0.1070000000000002,0.06586,0.5796800000000001,0.421597587853557,0.4853229442320886,34.5530044671424,Transition Laggard
Bulgaria,2009,BGR,7488016.0,107365071902.0,8.698,55.235,528.48,0.0,0.567,8.107,42.31,2.2190000000000003,0.08698,0.55235,0.40443247214399414,0.4982603155934529,36.59864293030194,Transition Laggard
Bulgaria,2010,BGR,7437594.0,109045208364.0,12.541,54.256,521.01,0.022,1.481,10.951,45.93,6.062,0.12541,0.54256,0.39871586874005144,0.5218011859257081,38.68447107038433,Transition Laggard
Bulgaria,2011,BGR,7380023.0,109435363210.0,7.786,59.568,577.66,0.2,1.721,5.745,49.96,1.3069999999999995,0.07786,0.59568,0.4420686910738337,0.49267372341468196,34.171488574374386,Transition Laggard
Bulgaria,2012,BGR,7317020.0,110261509885.0,11.3,54.735,525.4,1.679,2.626,6.845,46.46,4.821000000000001,0.113,0.54735,0.40207542549283704,0.5141992551210428,37.93235318949472,Transition Laggard
Bulgaria,2013,BGR,7264605.0,109643527181.0,16.062,51.0,487.45,3.231,3.185,9.391,43.02,9.583000000000002,0.16062,0.51,0.37303324354108,0.5433695971773008,41.696412869132516,Mixed Performer
Bulgaria,2014,BGR,7223450.0,110703533681.0,15.75,50.426,487.0,2.685,2.835,9.804,46.92,9.271,0.1575,0.50426,0.37268886984204724,0.5414583945898266,41.71065417279622,Mixed Performer
Bulgaria,2015,BGR,7177515.0,114498611934.0,17.963,50.462,494.56,2.833,2.977,11.599,48.71,11.484000000000002,0.17963,0.5046200000000001,0.3784743479857965,0.5550144565323925,42.53490814834097,Mixed Performer
Bulgaria,2016,BGR,7127436.0,117979077002.0,15.81,48.754,472.04,3.121,3.189,8.713,44.53,9.331,0.15810000000000002,0.48754,0.3612403575364271,0.5418259335489561,42.44138006482366,Mixed Performer
Bulgaria,2017,BGR,7075642.0,121237951710.0,13.671,51.65,502.9,3.122,3.345,6.311,44.84,7.191999999999999,0.13671,0.5165,0.3848567405412024,0.5287231696559835,40.18177903130969,Mixed Performer
Bulgaria,2018,BGR,7024745.0,124492855771.0,20.168,45.152,442.7,2.881,2.838,11.073,46.51,13.689,0.20168,0.45152000000000003,0.3387871923594955,0.5685215132804078,45.828942890218734,Mixed Performer
Bulgaria,2019,BGR,6975466.0,129520075495.0,17.132,44.991,438.7,3.248,3.019,6.702,43.72,10.653000000000002,0.17132000000000003,0.44991000000000003,0.33572609281253823,0.5499240419484466,44.60415830891324,Mixed Performer
Bulgaria,2020,BGR,6933656.0,124392792956.0,18.61,39.96,383.91,3.662,3.687,7.025,40.14,12.131,0.1861,0.3996,0.2937966817680911,0.5589777516416741,47.563249230422834,Mixed Performer
Bulgaria,2021,BGR,6877222.0,133889804025.0,21.834,43.244,415.29,3.113,3.028,10.208,47.22,15.355,0.21834,0.43244,0.31781100771397086,0.5787268450455748,47.56652748283435,Mixed Performer
Bulgaria,2022,BGR,6825862.0,138390156500.0,19.153,48.111,476.33,4.157,2.983,7.558,50.28,12.674,0.19152999999999998,0.48111,0.36452338680053875,0.5623039792217975,43.997275018313495,Mixed Performer
Bulgaria,2023,BGR,6795805.0,,25.075,34.606,338.32,8.782,3.942,7.685,40.08,18.596,0.25075,0.34606000000000003,0.2589077996816456,0.5985800744878957,52.63075612527729,Mixed Performer
Bulgaria,2024,BGR,6757686.0,,29.922,28.877,278.85,14.334,3.812,7.285,38.3,23.443,0.29922,0.28876999999999997,0.2133969021672585,0.628271096736254,57.34259389686235,Mixed Performer
Bulgaria,2025,BGR,6714556.0,,32.798,28.082,275.55,18.151,3.477,6.665,37.96,26.319000000000003,0.32798000000000005,0.28082,0.21087149504101874,0.6458884641772028,58.87533958663257,Mixed Performer
Burkina Faso,2000,BFA,11925548.0,14546973590.0,25.641,74.359,487.18,0.0,0.0,25.641,0.39,0.0,0.25640999999999997,0.74359,0.37282661932166034,0.48466749975497403,38.3339470132831,Transition Laggard
Burkina Faso,2001,BFA,12294996.0,15179805834.0,13.889,86.111,555.56,0.0,0.0,13.889,0.36,-11.751999999999999,0.13888999999999999,0.86111,0.4251561160768948,0.41267886896010975,28.894680132479273,Transition Laggard
Burkina Faso,2002,BFA,12680904.0,15543232009.0,16.667,83.333,555.56,0.0,0.0,16.667,0.36,-8.973999999999997,0.16667,0.83333,0.4251561160768948,0.42969592276781343,30.81673593959483,Transition Laggard
Burkina Faso,2003,BFA,13082530.0,16390237677.0,22.222,77.778,511.11,0.0,0.0,22.222,0.45,-3.418999999999997,0.22222000000000003,0.77778,0.3911396473613322,0.4637239047339018,35.510567386975225,Transition Laggard
Burkina Faso,2004,BFA,13500536.0,16718435442.0,21.277,78.723,510.64,0.0,0.0,21.277,0.47,-4.363999999999997,0.21277000000000001,0.78723,0.39077996816456473,0.45793516612760954,34.865728287800025,Transition Laggard
Burkina Faso,2005,BFA,13932127.0,17737650575.0,19.231,80.769,538.46,0.0,0.0,19.231,0.52,-6.409999999999997,0.19231,0.80769,0.4120699155136525,0.44540208762128786,32.91788342647801,Transition Laggard
Burkina Faso,2006,BFA,14373713.0,18406718353.0,14.545,85.455,563.64,0.0,0.0,14.545,0.55,-11.095999999999998,0.14545,0.85455,0.4313395371617485,0.4166972949132608,29.193970994655196,Transition Laggard
Burkina Faso,2007,BFA,14816313.0,18724205542.0,18.033,81.967,540.98,0.0,0.0,18.033,0.61,-7.607999999999997,0.18033000000000002,0.81967,0.4139984082282356,0.4380635597373322,32.040793190354094,Transition Laggard
Burkina Faso,2008,BFA,15258103.0,19365623019.0,21.311,78.689,524.59,0.0,0.0,21.311,0.61,-4.329999999999998,0.21311,0.78689,0.40145555283457823,0.4581434382044497,34.622362752202285,Transition Laggard
Burkina Faso,2009,BFA,15710067.0,19506442026.0,18.571,81.429,542.86,0.0,0.0,18.571,0.7,-7.069999999999997,0.18571000000000001,0.8142900000000001,0.4154371250153055,0.44135915907086154,32.377059260680284,Transition Laggard
Burkina Faso,2010,BFA,16176503.0,20688336651.0,22.414,77.586,517.24,1.724,0.0,20.69,0.58,-3.2269999999999968,0.22414,0.77586,0.3958307824170442,0.46490002940311675,35.52613088062064,Transition Laggard
Burkina Faso,2011,BFA,16661907.0,21589787625.0,16.667,83.333,555.56,1.852,0.0,14.815,0.54,-8.973999999999997,0.16667,0.83333,0.4251561160768948,0.42969592276781343,30.81673593959483,Transition Laggard
Burkina Faso,2012,BFA,17172284.0,22982976785.0,17.188,82.812,546.88,1.562,0.0,15.625,0.64,-8.453,0.17188,0.82812,0.41851353005999753,0.43288738606292265,31.343272539443902,Transition Laggard
Burkina Faso,2013,BFA,17695411.0,24314382909.0,16.0,84.0,546.67,1.333,0.0,14.667,0.75,-9.640999999999998,0.16,0.84,0.4183528223337823,0.42561011467215526,30.525331161737775,Transition Laggard
Burkina Faso,2014,BFA,18229466.0,25366464630.0,11.364,88.636,579.55,1.136,0.0,10.227,0.88,-14.276999999999997,0.11364,0.8863599999999999,0.44351506060977103,0.3972116044300696,26.68869755120677,Transition Laggard
Burkina Faso,2015,BFA,18777488.0,26361085012.0,9.901,90.099,594.06,0.99,0.0,8.911,1.01,-15.739999999999998,0.09901,0.9009900000000001,0.45461919921635846,0.38824977947662453,25.39886671174041,Transition Laggard
Burkina Faso,2016,BFA,19334854.0,27931683815.0,16.162,83.838,555.56,2.02,0.0,14.141,0.99,-9.479,0.16161999999999999,0.8383799999999999,0.4251561160768948,0.42660246986180533,30.46733414600471,Transition Laggard
Burkina Faso,2017,BFA,19894413.0,29664279937.0,14.286,85.714,562.5,2.679,0.0,11.607,1.12,-11.354999999999999,0.14286,0.85714,0.43046712379086566,0.4151107517396844,29.03658318132362,Transition Laggard
Burkina Faso,2018,BFA,20438289.0,31623015393.0,14.439,85.562,566.85,4.813,0.0,6.952,1.87,-11.201999999999998,0.14439,0.85562,0.43379606954818173,0.41604797608546507,29.058967902577432,Transition Laggard
Burkina Faso,2019,BFA,20961956.0,33422048798.0,16.25,83.75,556.25,5.625,0.0,6.875,1.6,-9.390999999999998,0.1625,0.8375,0.42568415574874496,0.4271415270018622,30.515019011309306,Transition Laggard
Burkina Faso,2020,BFA,21478691.0,34067429050.0,18.868,81.132,547.17,5.66,0.0,6.918,1.59,-6.773,0.18868,0.81132,0.41873545977715193,0.4431784769185534,32.5000906593495,Transition Laggard
Burkina Faso,2021,BFA,21995249.0,36419784717.0,18.129,81.871,549.71,5.263,0.0,7.602,1.71,-7.511999999999997,0.18129,0.8187099999999999,0.42067925798946987,0.43865162207193964,31.940192881342345,Transition Laggard
Burkina Faso,2022,BFA,22509038.0,37320442404.0,15.385,84.615,568.05,5.325,0.0,4.734,1.69,-10.255999999999998,0.15385000000000001,0.84615,0.43471439941226886,0.42184284034107616,29.69078261980942,Transition Laggard
Burkina Faso,2023,BFA,23025777.0,,15.976,84.024,562.13,5.325,0.0,5.325,1.69,-9.664999999999997,0.15976,0.84024,0.43018397208277215,0.4254630990885034,30.212947184258244,Transition Laggard
Burkina Faso,2024,BFA,23548782.0,,17.16,82.84,562.13,6.509,0.0,5.325,1.69,-8.480999999999998,0.1716,0.8284,0.43018397208277215,0.4327158678819955,31.032138716160627,Transition Laggard
Burundi,2000,BDI,6470196.0,4647178132.0,100.0,0.0,0.0,0.0,0.0,100.0,0.1,0.0,1.0,0.0,0.0,0.48466749975497403,92.27001249632461,Transition Leader
Burundi,2001,BDI,6634368.0,4722946125.0,100.0,0.0,0.0,0.0,0.0,100.0,0.11,0.0,1.0,0.0,0.0,0.48466749975497403,92.27001249632461,Transition Leader
Burundi,2002,BDI,6824139.0,4917697691.0,100.0,0.0,0.0,0.0,0.0,100.0,0.13,0.0,1.0,0.0,0.0,0.48466749975497403,92.27001249632461,Transition Leader
Burundi,2003,BDI,7043158.0,4852463827.0,100.0,0.0,0.0,0.0,0.0,100.0,0.1,0.0,1.0,0.0,0.0,0.48466749975497403,92.27001249632461,Transition Leader
Burundi,2004,BDI,7310656.0,5086686387.0,100.0,0.0,0.0,0.0,0.0,100.0,0.09,0.0,1.0,0.0,0.0,0.48466749975497403,92.27001249632461,Transition Leader
Burundi,2005,BDI,7587303.0,5144959327.0,100.0,0.0,0.0,0.0,0.0,100.0,0.09,0.0,1.0,0.0,0.0,0.48466749975497403,92.27001249632461,Transition Leader
Burundi,2006,BDI,7865545.0,5422209655.0,100.0,0.0,0.0,0.0,0.0,100.0,0.09,0.0,1.0,0.0,0.0,0.48466749975497403,92.27001249632461,Transition Leader
Burundi,2007,BDI,8161879.0,5601361293.0,100.0,0.0,0.0,0.0,0.0,100.0,0.12,0.0,1.0,0.0,0.0,0.48466749975497403,92.27001249632461,Transition Leader
Burundi,2008,BDI,8505643.0,5894788502.0,100.0,0.0,0.0,0.0,0.0,100.0,0.11,0.0,1.0,0.0,0.0,0.48466749975497403,92.27001249632461,Transition Leader
Burundi,2009,BDI,8947653.0,6197653893.0,100.0,0.0,0.0,0.0,0.0,100.0,0.12,0.0,1.0,0.0,0.0,0.48466749975497403,92.27001249632461,Transition Leader
Burundi,2010,BDI,9376448.0,6558969212.0,87.5,12.5,62.5,0.0,0.0,87.5,0.16,-12.5,0.875,0.125,0.0478296804212073,0.40809688326962656,82.4257112385142,Transition Leader
Burundi,2011,BDI,9717980.0,6787360000.0,93.333,6.667,66.67,0.0,0.0,86.667,0.15,-6.667000000000002,0.93333,0.06667,0.05102087669891025,0.4438277957463491,86.38169501872248,Transition Leader
Burundi,2012,BDI,10071033.0,7086796000.0,100.0,0.0,0.0,0.0,0.0,93.333,0.15,0.0,1.0,0.0,0.0,0.48466749975497403,92.27001249632461,Transition Leader
Burundi,2013,BDI,10439346.0,7430922000.0,88.235,11.765,58.82,0.0,0.0,82.353,0.17,-11.765,0.88235,0.11765,0.04501346883800661,0.412599235518965,83.00465181183431,Transition Leader
Burundi,2014,BDI,10799789.0,7764240000.0,83.333,16.667,111.11,0.0,0.0,77.778,0.18,-16.667,0.83333,0.16667,0.08502969266560549,0.38257130255807115,78.61262722173092,Transition Leader
Burundi,2015,BDI,11047581.0,7340438000.0,83.333,16.667,111.11,0.0,0.0,77.778,0.18,-16.667,0.83333,0.16667,0.08502969266560549,0.38257130255807115,78.61262722173092,Transition Leader
Burundi,2016,BDI,11239459.0,7554391939.0,88.889,11.111,55.56,5.556,0.0,77.778,0.18,-11.111000000000004,0.88889,0.11111000000000001,0.04251867270723644,0.41660541017347835,83.51951433492127,Transition Leader
Burundi,2017,BDI,11506764.0,7833860723.0,75.0,25.0,178.57,3.571,0.0,67.857,0.28,-25.0,0.75,0.25,0.1366551365250398,0.3315262667842791,71.55651558863818,Emerging Improver
Burundi,2018,BDI,11859444.0,8207327776.0,71.429,28.571,228.57,0.0,0.0,68.571,0.35,-28.570999999999998,0.71429,0.28571,0.17491888086200563,0.30965157306674507,68.12920157445103,Emerging Improver
Burundi,2019,BDI,12255339.0,8573379471.0,69.231,30.769,230.77,0.0,0.0,66.667,0.39,-30.769000000000005,0.69231,0.30768999999999996,0.17660248561283215,0.29618739586396153,66.56634879763861,Emerging Improver
Burundi,2020,BDI,12617041.0,8635657446.0,75.676,24.324,189.19,0.0,0.0,72.973,0.37,-24.323999999999998,0.75676,0.24324,0.14478235582221133,0.3356672057238067,71.8210491903018,Emerging Improver
Burundi,2021,BDI,12965487.0,8956206318.0,69.231,30.769,230.77,0.0,0.0,66.667,0.39,-30.769000000000005,0.69231,0.30768999999999996,0.17660248561283215,0.29618739586396153,66.56634879763861,Emerging Improver
Burundi,2022,BDI,13321102.0,9177077459.0,69.231,30.769,230.77,0.0,0.0,66.667,0.39,-30.769000000000005,0.69231,0.30768999999999996,0.17660248561283215,0.29618739586396153,66.56634879763861,Emerging Improver
Burundi,2023,BDI,13689455.0,,76.0,24.0,180.0,0.0,0.0,74.0,0.5,-24.0,0.76,0.24,0.137749479613077,0.3376519161031069,72.22104175121967,Emerging Improver
Burundi,2024,BDI,14047788.0,,75.51,24.49,183.67,0.0,0.0,73.469,0.49,-24.489999999999995,0.7551000000000001,0.24489999999999998,0.1405580384474103,0.3346503479368813,71.81180425786798,Emerging Improver
Cambodia,2000,KHM,12462343.0,20435399154.0,6.25,93.75,625.0,0.0,,6.25,0.48,0.0,0.0625,0.9375,0.478296804212073,0.48466749975497403,24.062592391022786,Transition Laggard
Cambodia,2001,KHM,12658486.0,21587210573.0,5.769,94.231,615.39,0.0,,5.769,0.52,-0.48099999999999987,0.057690000000000005,0.94231,0.4709425125505081,0.48172106243261786,23.913653122726565,Transition Laggard
Cambodia,2002,KHM,12855249.0,22474402661.0,7.018,92.982,614.04,0.0,,7.018,0.57,0.7679999999999998,0.07018,0.92982,0.46990939145341004,0.48937199843183377,24.803645190142255,Transition Laggard
Cambodia,2003,KHM,13050977.0,23833222981.0,6.25,93.75,609.38,0.0,,6.25,0.64,0.0,0.0625,0.9375,0.46634321048120486,0.48466749975497403,24.36143223429449,Transition Laggard
Cambodia,2004,KHM,13244737.0,25705927295.0,4.054,95.946,635.14,0.0,,4.054,0.74,-2.1959999999999997,0.04054000000000001,0.95946,0.48605669156360964,0.4712155738508282,22.349216318672184,Transition Laggard
Cambodia,2005,KHM,13439203.0,28474467511.0,4.545,95.455,625.0,0.0,,4.545,0.88,-1.705,0.04545,0.95455,0.478296804212073,0.4742232676663726,22.88292890969376,Transition Laggard
Cambodia,2006,KHM,13639032.0,30776292972.0,4.63,95.37,629.63,0.0,,4.63,1.08,-1.62,0.0463,0.9537000000000001,0.481840026937676,0.474743947858473,22.853158544435193,Transition Laggard
Cambodia,2007,KHM,13841773.0,33022342696.0,3.731,96.269,634.33,0.0,,3.731,1.34,-2.519,0.03731,0.96269,0.48543681890535084,0.4692369891208468,22.14123436417893,Transition Laggard
Cambodia,2008,KHM,14053479.0,34271375874.0,3.378,96.622,641.89,0.0,,3.378,1.48,-2.872,0.033780000000000004,0.96622,0.49122229704910003,0.4670746349113006,21.752362097442006,Transition Laggard
Cambodia,2009,KHM,14276819.0,34042366543.0,4.839,95.161,637.1,0.0,,4.032,1.24,-1.4109999999999996,0.04839,0.9516100000000001,0.4875566303416187,0.476024208566108,22.85484736995115,Transition Laggard
Cambodia,2010,KHM,14500730.0,34365990229.0,4.124,95.876,639.18,0.0,,3.093,0.97,-2.1260000000000003,0.04124,0.9587600000000001,0.48914840210603644,0.4716443693031461,22.320355486896283,Transition Laggard
Cambodia,2011,KHM,14722587.0,35746712625.0,5.882,94.118,627.45,0.0,,4.902,1.02,-0.3680000000000003,0.05882,0.94118,0.4801717276845843,0.4824132608056454,23.76110571997007,Transition Laggard
Cambodia,2012,KHM,14945090.0,38360866456.0,37.063,62.937,426.57,0.0,,36.364,1.43,30.813000000000002,0.37063,0.62937,0.32644330843639036,0.673417132216015,49.17797427233047,Mixed Performer
Cambodia,2013,KHM,15170210.0,41183075555.0,57.865,42.135,308.99,0.0,,57.303,1.78,51.615,0.57865,0.42135,0.2364622872535815,0.8008428893462707,65.82008615885452,Emerging Improver
Cambodia,2014,KHM,15396771.0,44124784572.0,61.111,38.889,326.8,0.0,,60.458,3.06,54.861,0.6111099999999999,0.38889,0.25009183298640875,0.8207267470351858,67.72520538086755,Emerging Improver
Cambodia,2015,KHM,15623253.0,47229402407.0,48.998,51.002,447.66,0.0,,48.107,4.49,42.748,0.48997999999999997,0.51002,0.3425829557977226,0.7465267568362246,57.0321274576003,Mixed Performer
Cambodia,2016,KHM,15852802.0,50470756754.0,47.628,52.372,447.08,0.0,,46.898,5.48,41.378,0.47628000000000004,0.52372,0.3421390963634137,0.7381346172694305,56.095341849956114,Mixed Performer
Cambodia,2017,KHM,16073374.0,54002196805.0,41.78,58.22,503.77,0.0,,40.875,6.63,35.53,0.4178,0.5822,0.3855225296926656,0.7023118200529257,50.964614058477245,Mixed Performer
Cambodia,2018,KHM,16274522.0,58035619609.0,58.924,41.076,361.86,0.244,,57.946,8.18,52.674,0.58924,0.41076,0.2769223705154892,0.8073299519749093,65.54129001673641,Emerging Improver
Cambodia,2019,KHM,16481305.0,62129452776.0,48.558,51.442,440.6,1.038,,46.482,8.67,42.308,0.48558,0.51442,0.33718011509734297,0.7438314711359404,56.86276918960553,Mixed Performer
Cambodia,2020,KHM,16725484.0,60205930987.0,55.186,44.814,385.64,3.856,,51.33,7.52,48.936,0.55186,0.44814,0.2951206073221501,0.784432274821131,62.50006893926321,Emerging Improver
Cambodia,2021,KHM,16974309.0,62027758832.0,58.702,41.298,356.33,6.282,,51.905,9.71,52.452,0.58702,0.41298,0.27269040039182074,0.8059700578261295,65.49349085759641,Emerging Improver
Cambodia,2022,KHM,17201721.0,65136593996.0,65.446,34.554,300.0,6.931,,58.416,10.1,59.196,0.65446,0.34554,0.22958246602179502,0.8472814368323043,71.23725990193968,Emerging Improver
Cambodia,2023,KHM,17423884.0,,42.132,57.868,491.18,6.029,,35.588,13.6,35.882,0.42132,0.5786800000000001,0.3758877188686176,0.7044680486131529,51.44902775748184,Mixed Performer
Cambodia,2024,KHM,17638804.0,,35.659,64.341,538.76,6.912,,28.23,15.48,29.409,0.35659,0.6434099999999999,0.4122994979796743,0.6648167205723807,46.060163359093856,Mixed Performer
Cambodia,2025,KHM,17847981.0,,40.878,59.122,498.87,10.642,,29.899,17.76,34.628,0.40878000000000003,0.59122,0.381772682747643,0.6967864843673429,50.43428019681907,Mixed Performer
Cameroon,2000,CMR,14912632.0,31207712778.0,98.841,1.159,31.88,0.0,0.0,98.841,3.45,0.0,0.98841,0.011590000000000001,0.024396963389249418,0.48466749975497403,90.96468841159336,Transition Leader
Cameroon,2001,CMR,15309489.0,33173869115.0,98.006,1.994,37.04,0.0,0.0,98.006,3.51,-0.8349999999999937,0.98006,0.01994,0.02834578180482429,0.4795525825737529,90.2882441934857,Transition Leader
Cameroon,2002,CMR,15725534.0,35058274715.0,96.33,3.67,45.87,0.0,0.0,96.33,3.27,-2.5109999999999957,0.9633,0.0367,0.035103159054732457,0.46928599431539747,88.95971093836265,Transition Leader
Cameroon,2003,CMR,16160340.0,37066671075.0,95.616,4.384,52.06,0.0,0.0,95.616,3.65,-3.2249999999999943,0.95616,0.043840000000000004,0.03984021060364883,0.46491228070175444,88.3472789454351,Transition Leader
Cameroon,2004,CMR,16610485.0,39050234319.0,95.332,4.668,54.05,0.0,0.0,95.332,4.07,-3.5090000000000003,0.95332,0.04668,0.04136310762826007,0.4631725962952073,88.1127112537216,Transition Leader
Cameroon,2005,CMR,17074599.0,40566543367.0,94.192,5.808,60.61,0.0,0.0,94.192,3.96,-4.649000000000001,0.94192,0.05808,0.046383310885269986,0.4561893560717436,87.1984575689444,Transition Leader
Cameroon,2006,CMR,17550403.0,42544656064.0,88.735,11.265,120.55,0.0,0.0,76.087,5.06,-10.105999999999995,0.88735,0.11265000000000001,0.09225388759642464,0.4227616877389003,82.27607812617288,Transition Leader
Cameroon,2007,CMR,18049897.0,44640871980.0,74.664,25.336,199.62,0.0,0.0,73.129,5.21,-24.176999999999992,0.7466400000000001,0.25336,0.1527641728909024,0.33656767617367445,71.02781082033256,Emerging Improver
Cameroon,2008,CMR,18574052.0,46686367319.0,75.709,24.291,193.26,0.0,0.0,74.291,5.64,-23.13199999999999,0.75709,0.24291000000000001,0.14789702461124035,0.3429689797118495,71.87250908039672,Emerging Improver
Cameroon,2009,CMR,19113978.0,48395507236.0,70.557,29.443,223.0,0.0,0.0,69.338,5.74,-28.283999999999992,0.70557,0.29443,0.17065629974286764,0.3114096344212487,67.73893702274704,Emerging Improver
Cameroon,2010,CMR,19668063.0,50826589427.0,73.038,26.962,206.49,0.0,0.0,72.014,5.86,-25.802999999999997,0.73038,0.26962,0.15802161136280152,0.3266073703812604,69.77137027164886,Emerging Improver
Cameroon,2011,CMR,20232312.0,53836234148.0,75.0,25.0,192.18,0.0,0.0,73.98,5.88,-23.840999999999994,0.75,0.25,0.1470705277335619,0.3386258943448006,71.40262522183296,Emerging Improver
Cameroon,2012,CMR,20809530.0,56263171005.0,78.637,21.363,167.59,0.0,0.0,77.532,5.43,-20.203999999999994,0.78637,0.21363,0.1282524182686421,0.36090488091737727,74.3894627570446,Emerging Improver
Cameroon,2013,CMR,21402379.0,59069016946.0,69.401,30.599,239.75,0.0,0.0,68.297,6.34,-29.439999999999998,0.69401,0.30599,0.1834746540957512,0.30432838380868377,66.61865940473648,Emerging Improver
Cameroon,2014,CMR,22059894.0,62482615428.0,64.006,35.994,281.57,0.145,0.0,62.845,6.89,-34.834999999999994,0.64006,0.35994,0.21547844985918943,0.2712805057336078,62.08584633952439,Emerging Improver
Cameroon,2015,CMR,22763418.0,65981645134.0,54.899,45.101,336.68,0.126,0.0,54.271,7.96,-43.94199999999999,0.54899,0.45101,0.2576527488673932,0.21549421738704305,54.73049453912081,Mixed Performer
Cameroon,2016,CMR,23454165.0,68936963106.0,61.603,38.397,299.58,0.141,0.0,60.9,7.11,-37.23799999999999,0.6160300000000001,0.38397,0.2292610505693645,0.2565605704204646,60.07868229207286,Emerging Improver
Cameroon,2017,CMR,24128609.0,71378025048.0,63.354,36.646,288.2,0.248,0.0,62.609,8.05,-35.486999999999995,0.63354,0.36646,0.22055222235827107,0.26728658237773206,61.5078931767092,Emerging Improver
Cameroon,2018,CMR,24806377.0,74248839020.0,58.899,41.101,324.36,0.234,0.0,58.197,8.54,-39.94199999999999,0.58899,0.41101,0.2482245622627648,0.23999681466235423,57.73373816336619,Mixed Performer
Cameroon,2019,CMR,25506095.0,76789634582.0,61.473,38.527,305.56,0.242,0.0,60.749,8.28,-37.367999999999995,0.61473,0.38527,0.23383739439206563,0.255764236009017,59.87432868033362,Mixed Performer
Cameroon,2020,CMR,26210566.0,77203536828.0,60.114,39.886,320.46,0.227,0.0,59.432,8.8,-38.727,0.60114,0.39886000000000005,0.24523999020448145,0.24743947858472998,58.64899242365891,Mixed Performer
Cameroon,2021,CMR,26915765.0,80020685294.0,62.901,37.099,298.45,0.238,0.0,62.188,8.41,-35.93999999999999,0.6290100000000001,0.37099,0.2283962899473491,0.2645116632363031,60.998367699860815,Emerging Improver
Cameroon,2022,CMR,27632770.0,82727797383.0,64.908,35.092,280.98,0.245,0.0,64.172,8.15,-33.93299999999999,0.64908,0.35092,0.21502693767601325,0.27680584141919046,62.72121417938753,Emerging Improver
Cameroon,2023,CMR,28372690.0,,73.269,26.731,224.38,0.277,0.0,72.438,7.22,-25.57199999999999,0.7326900000000001,0.26731000000000005,0.1717123790865679,0.3280223953739097,69.58892645344444,Emerging Improver
Cameroon,2024,CMR,29123748.0,,73.14,26.86,225.9,0.551,0.0,72.039,7.26,-25.700999999999993,0.7314,0.2686,0.17287559691441165,0.3272321866117809,69.47059287631643,Emerging Improver
Canada,2000,CAN,30891800.0,1137681278760.0,60.607,27.42,245.69,0.003,0.043,59.084,603.82,0.0,0.60607,0.2742,0.18802038692298273,0.48466749975497403,66.92695282325005,Emerging Improver
Canada,2001,CAN,31213578.0,1161459919261.0,58.109,28.934,255.65,0.003,0.056,56.404,587.76,-2.4979999999999976,0.58109,0.28934000000000004,0.19564252479490635,0.4693656277565422,65.25407129647547,Emerging Improver
Canada,2002,CAN,31535579.0,1199865635264.0,59.979,27.516,245.12,0.003,0.068,58.232,599.79,-0.6280000000000001,0.59979,0.27516,0.18758418023754134,0.4808205919827502,66.6363543738027,Emerging Improver
Canada,2003,CAN,31836483.0,1224575760991.0,58.862,28.495,251.64,0.003,0.117,57.14,588.27,-1.7449999999999974,0.58862,0.28495000000000004,0.19257377249908167,0.4739782416936195,65.77327931292724,Emerging Improver
Canada,2004,CAN,32132680.0,1265917327101.0,58.338,26.665,235.34,0.002,0.157,56.541,598.5,-2.2689999999999984,0.58338,0.26665,0.1800997918452308,0.47076840145055376,66.31108122562753,Emerging Improver
Canada,2005,CAN,32440172.0,1310077836124.0,60.066,25.204,225.01,0.003,0.253,58.334,620.5,-0.5409999999999968,0.6006600000000001,0.25204,0.17219450226521366,0.4813535234734882,67.637540295472,Emerging Improver
Canada,2006,CAN,32759174.0,1348293394113.0,59.879,24.133,216.51,0.003,0.406,58.0,608.43,-0.7280000000000015,0.59879,0.24133,0.16568966572792948,0.4802080270508674,67.98527876256477,Emerging Improver
Canada,2007,CAN,33092171.0,1379925831954.0,59.864,25.499,227.76,0.005,0.475,57.967,634.19,-0.7430000000000021,0.59864,0.25499,0.17429900820374677,0.48011614231108496,67.42191692957262,Emerging Improver
Canada,2008,CAN,33449088.0,1397938727409.0,61.296,23.69,213.48,0.006,0.597,59.437,635.11,0.6890000000000001,0.6129600000000001,0.23690000000000003,0.16337088282110934,0.4888880721356464,68.78014901150696,Emerging Improver
Canada,2009,CAN,33826370.0,1360538049277.0,62.616,22.811,204.33,0.018,1.082,60.06,613.87,2.0090000000000003,0.62616,0.22811,0.1563686176074446,0.4969739292364991,69.75824349836137,Emerging Improver
Canada,2010,CAN,34196900.0,1406355361431.0,61.063,24.106,214.78,0.043,1.437,57.887,607.03,0.45600000000000307,0.61063,0.24106000000000002,0.16436574017387046,0.48746079584435953,68.54831843331863,Emerging Improver
Canada,2011,CAN,34555449.0,1454221365109.0,62.151,23.288,206.18,0.089,1.597,58.865,638.27,1.544000000000004,0.62151,0.23288,0.15778437614791233,0.49412550230324415,69.39812313085085,Emerging Improver
Canada,2012,CAN,34922513.0,1479829523672.0,63.369,21.832,193.39,0.138,1.777,59.74,636.54,2.7620000000000005,0.63369,0.21832000000000001,0.14799651034651645,0.5015865431735764,70.54503538894072,Emerging Improver
Canada,2013,CAN,35293421.0,1514296485427.0,63.365,20.969,186.96,0.229,1.7,59.752,655.69,2.7580000000000027,0.63365,0.20969000000000002,0.14307579282478267,0.5015620405763012,70.88203578802495,Emerging Improver
Canada,2014,CAN,35634265.0,1557757464897.0,62.367,21.316,188.86,0.325,1.963,58.578,652.97,1.759999999999998,0.62367,0.21316,0.14452981510958737,0.49544864255611093,70.31793426060197,Emerging Improver
Canada,2015,CAN,35962236.0,1568025782105.0,63.841,20.866,184.37,0.437,4.08,57.813,661.08,3.2340000000000018,0.63841,0.20866,0.14109373086812785,0.5044778496520631,71.16767447307775,Emerging Improver
Canada,2016,CAN,36353345.0,1583727974022.0,64.565,20.338,180.88,0.451,4.636,57.774,667.13,3.9579999999999984,0.64565,0.20338,0.13842292151340763,0.5089128197588945,71.68636925854824,Emerging Improver
Canada,2017,CAN,36808498.0,1631871440185.0,65.819,19.151,172.06,0.495,4.708,58.951,669.35,5.212000000000003,0.65819,0.19151,0.13167319701236685,0.5165943840047045,72.70598583476139,Emerging Improver
Canada,2018,CAN,37294996.0,1677189073139.0,65.546,19.325,170.86,0.528,5.062,58.362,661.2,4.939000000000007,0.65546,0.19325,0.13075486714827966,0.5149220817406646,72.56480954740297,Emerging Improver
Canada,2019,CAN,37782934.0,1708858221312.0,65.382,19.292,169.99,0.572,5.014,58.223,655.7,4.775000000000006,0.6538200000000001,0.19292,0.13008907799681646,0.5139174752523767,72.51723517886525,Emerging Improver
Canada,2020,CAN,38171903.0,1622144486274.0,66.595,18.538,161.69,0.621,5.452,58.935,655.89,5.9879999999999995,0.66595,0.18538000000000002,0.12373729643688013,0.5213478878761149,73.40053590721972,Emerging Improver
Canada,2021,CAN,38454058.0,1703443269914.0,66.737,19.165,165.37,0.783,5.717,58.619,652.4,6.1299999999999955,0.6673699999999999,0.19165,0.1265535080200808,0.5222177300793884,73.2361282506888,Emerging Improver
Canada,2022,CAN,38821259.0,1761295624423.0,68.135,18.82,160.6,0.864,5.945,59.892,664.08,7.528000000000006,0.68135,0.1882,0.12290314681033426,0.5307813878271097,74.0313921471483,Emerging Improver
Canada,2023,CAN,39299098.0,,65.397,20.816,174.37,1.31,6.316,56.243,641.39,4.790000000000006,0.65397,0.20815999999999998,0.13344098200073468,0.5140093599921592,72.05906584986403,Emerging Improver
Canada,2024,CAN,39742429.0,,64.272,22.306,185.35,1.479,7.354,53.895,636.79,3.6650000000000063,0.6427200000000001,0.22306,0.14184370025713236,0.507118004508478,70.97937756119886,Emerging Improver
Canada,2025,CAN,40126728.0,,63.9,23.023,190.72,1.559,7.89,52.839,652.44,3.2929999999999993,0.639,0.23023,0.1459532263989225,0.504839262961874,70.53300828445505,Emerging Improver
Cape Verde,2000,CPV,453335.0,1540942373.0,6.667,93.333,600.0,0.0,6.667,0.0,0.15,0.0,0.06667,0.93333,0.45916493204359005,0.48466749975497403,24.791089195234857,Transition Laggard
Cape Verde,2001,CPV,460300.0,1663976329.0,5.882,94.118,647.06,0.0,5.882,0.0,0.17,-0.7850000000000001,0.05882,0.94118,0.4951787682135423,0.4798588650396942,23.347613770256856,Transition Laggard
Cape Verde,2002,CPV,467056.0,1787222988.0,5.263,94.737,631.58,0.0,5.263,0.0,0.19,-1.404,0.05263,0.9473699999999999,0.4833323129668177,0.4760670881113398,23.21549849749966,Transition Laggard
Cape Verde,2003,CPV,473384.0,1904397612.0,0.0,100.0,684.21,0.0,0.0,0.0,0.19,-6.667,0.0,1.0,0.5236087302559079,0.4438277957463491,18.567198679797535,Transition Laggard
Cape Verde,2004,CPV,479377.0,2022409320.0,4.545,95.455,636.36,0.0,4.545,0.0,0.22,-2.122,0.04545,0.95455,0.48699032692543165,0.47166887190042145,22.627274905370527,Transition Laggard
Cape Verde,2005,CPV,485128.0,2194575514.0,4.167,95.833,625.0,0.0,4.167,0.0,0.24,-2.5,0.04167,0.95833,0.478296804212073,0.46935337645790454,22.58308054156674,Transition Laggard
Cape Verde,2006,CPV,490728.0,2457336149.0,4.0,96.0,640.0,0.0,4.0,0.0,0.25,-2.667,0.04,0.96,0.48977592751316273,0.4683303930216603,22.180557707495836,Transition Laggard
Cape Verde,2007,CPV,496196.0,2720555147.0,3.704,96.296,629.63,0.0,3.704,0.0,0.27,-2.9629999999999996,0.037040000000000003,0.96296,0.481840026937676,0.4665172008232873,22.174157338907406,Transition Laggard
Cape Verde,2008,CPV,501362.0,2956642825.0,3.448,96.552,620.69,0.0,3.448,0.0,0.29,-3.219,0.034480000000000004,0.96552,0.47499846945022656,0.46494903459766734,22.168073782709346,Transition Laggard
Cape Verde,2009,CPV,506148.0,2969179680.0,3.226,96.774,645.16,0.0,3.226,0.0,0.31,-3.441,0.03226,0.96774,0.4937247459287376,0.4635891404488876,21.546318458514875,Transition Laggard
Cape Verde,2010,CPV,509793.0,3071163589.0,0.0,100.0,647.06,0.0,0.0,0.0,0.34,-6.667,0.0,1.0,0.4951787682135423,0.4438277957463491,19.27794773085668,Transition Laggard
Cape Verde,2011,CPV,511453.0,3248220000.0,8.108,91.892,594.6,2.703,5.405,0.0,0.37,1.4410000000000007,0.08108000000000001,0.91892,0.4550324476551978,0.4934945604234049,25.891407214971128,Transition Laggard
Cape Verde,2012,CPV,511966.0,3287052000.0,18.421,81.579,526.32,2.632,15.789,0.0,0.38,11.754,0.18420999999999998,0.8157899999999999,0.40277947838863726,0.5566683818484759,34.33313876801121,Transition Laggard
Cape Verde,2013,CPV,512231.0,3310254000.0,21.951,78.049,512.2,2.439,19.512,0.0,0.41,15.284,0.21951,0.7804900000000001,0.3919737969878781,0.578291923943938,37.04563393446212,Transition Laggard
Cape Verde,2014,CPV,512334.0,3375218000.0,20.93,79.07,511.63,2.326,18.605,0.0,0.43,14.263,0.2093,0.7907,0.3915375903024366,0.5720376359894149,36.35012478228031,Transition Laggard
Cape Verde,2015,CPV,512405.0,3421236000.0,20.93,79.07,511.63,2.326,18.605,0.0,0.43,14.263,0.2093,0.7907,0.3915375903024366,0.5720376359894149,36.35012478228031,Transition Laggard
Cape Verde,2016,CPV,512556.0,3573126874.0,20.0,80.0,533.33,2.222,17.778,0.0,0.45,13.333,0.2,0.8,0.40814405534467985,0.5663407821229051,35.29151034822658,Transition Laggard
Cape Verde,2017,CPV,512899.0,3751791578.0,18.605,81.395,534.88,2.326,16.279,0.0,0.43,11.938,0.18605000000000002,0.81395,0.4093302314191258,0.5577955013231403,34.29667673436896,Transition Laggard
Cape Verde,2018,CPV,513418.0,3892648372.0,20.93,79.07,511.63,2.326,18.605,0.0,0.43,14.263,0.2093,0.7907,0.3915375903024366,0.5720376359894149,36.35012478228031,Transition Laggard
Cape Verde,2019,CPV,514116.0,4189894317.0,18.182,81.818,545.46,2.273,15.909,0.0,0.44,11.514999999999999,0.18181999999999998,0.81818,0.4174268397208278,0.5552043516612761,33.80159428189844,Transition Laggard
Cape Verde,2020,CPV,514683.0,3381126423.0,16.667,83.333,547.62,2.381,14.286,0.0,0.42,10.000000000000002,0.16667,0.83333,0.41907983347618466,0.545923992943252,32.71206405724416,Transition Laggard
Cape Verde,2021,CPV,516655.0,3611420923.0,18.605,81.395,534.88,2.326,16.279,0.0,0.43,11.938,0.18605000000000002,0.81395,0.4093302314191258,0.5577955013231403,34.29667673436896,Transition Laggard
Cape Verde,2022,CPV,519750.0,4251154554.0,28.0,72.0,480.0,14.0,14.0,0.0,0.5,21.333,0.28,0.72,0.36733194563487204,0.6153459766735274,41.84689100923111,Mixed Performer
Cape Verde,2023,CPV,522335.0,,28.0,72.0,480.0,14.0,14.0,0.0,0.5,21.333,0.28,0.72,0.36733194563487204,0.6153459766735274,41.84689100923111,Mixed Performer
Cape Verde,2024,CPV,524878.0,,30.769,69.231,461.54,15.385,15.385,0.0,0.52,24.101999999999997,0.30768999999999996,0.69231,0.3532049712256643,0.6323078996373616,44.115894213918814,Mixed Performer
Cayman Islands,2000,CYM,39699.0,,0.0,100.0,659.09,0.0,0.0,0.0,0.44,0.0,0.0,1.0,0.5043850251010163,0.48466749975497403,19.6603868687992,Transition Laggard
Cayman Islands,2001,CYM,41109.0,,0.0,100.0,659.57,0.0,0.0,0.0,0.47,0.0,0.0,1.0,0.5047523570466512,0.48466749975497403,19.65120357015833,Transition Laggard
Cayman Islands,2002,CYM,42534.0,,0.0,100.0,666.67,0.0,0.0,0.0,0.48,0.0,0.0,1.0,0.5101858087425003,0.48466749975497403,19.515367277762103,Transition Laggard
Cayman Islands,2003,CYM,43952.0,,0.0,100.0,666.67,0.0,0.0,0.0,0.51,0.0,0.0,1.0,0.5101858087425003,0.48466749975497403,19.515367277762103,Transition Laggard
Cayman Islands,2004,CYM,45372.0,,0.0,100.0,666.67,0.0,0.0,0.0,0.45,0.0,0.0,1.0,0.5101858087425003,0.48466749975497403,19.515367277762103,Transition Laggard
Cayman Islands,2005,CYM,46809.0,,0.0,100.0,666.67,0.0,0.0,0.0,0.48,0.0,0.0,1.0,0.5101858087425003,0.48466749975497403,19.515367277762103,Transition Laggard
Cayman Islands,2006,CYM,48252.0,,0.0,100.0,660.71,0.0,0.0,0.0,0.56,0.0,0.0,1.0,0.5056247704175341,0.48466749975497403,19.62939323588626,Transition Laggard
Cayman Islands,2007,CYM,49709.0,,0.0,100.0,650.0,0.0,0.0,0.0,0.6,0.0,0.0,1.0,0.4974286763805559,0.48466749975497403,19.83429558681071,Transition Laggard
Cayman Islands,2008,CYM,51175.0,,0.0,100.0,661.29,0.0,0.0,0.0,0.62,0.0,0.0,1.0,0.5060686298518428,0.48466749975497403,19.61829675002854,Transition Laggard
Cayman Islands,2009,CYM,52639.0,,0.0,100.0,650.79,0.0,0.0,0.0,0.63,0.0,0.0,1.0,0.4980332435410799,0.48466749975497403,19.81918140779761,Transition Laggard
Cayman Islands,2010,CYM,54120.0,,0.0,100.0,661.29,0.0,0.0,0.0,0.62,0.0,0.0,1.0,0.5060686298518428,0.48466749975497403,19.61829675002854,Transition Laggard
Cayman Islands,2011,CYM,55630.0,,0.0,100.0,650.79,0.0,0.0,0.0,0.63,0.0,0.0,1.0,0.4980332435410799,0.48466749975497403,19.81918140779761,Transition Laggard
Cayman Islands,2012,CYM,57155.0,,0.0,100.0,655.74,0.0,0.0,0.0,0.61,0.0,0.0,1.0,0.5018213542304396,0.48466749975497403,19.72447864056362,Transition Laggard
Cayman Islands,2013,CYM,58678.0,,0.0,100.0,661.29,0.0,0.0,0.0,0.62,0.0,0.0,1.0,0.5060686298518428,0.48466749975497403,19.61829675002854,Transition Laggard
Cayman Islands,2014,CYM,60179.0,,0.0,100.0,661.29,0.0,0.0,0.0,0.62,0.0,0.0,1.0,0.5060686298518428,0.48466749975497403,19.61829675002854,Transition Laggard
Cayman Islands,2015,CYM,61665.0,,0.0,100.0,656.25,0.0,0.0,0.0,0.64,0.0,0.0,1.0,0.5022116444226766,0.48466749975497403,19.714721385757695,Transition Laggard
Cayman Islands,2016,CYM,63121.0,,0.0,100.0,656.72,0.0,0.0,0.0,0.67,0.0,0.0,1.0,0.5025713236194441,0.48466749975497403,19.705729405838508,Transition Laggard
Cayman Islands,2017,CYM,64561.0,,1.471,98.529,647.06,1.471,0.0,0.0,0.68,1.471,0.01471,0.98529,0.4951787682135423,0.4936783299029697,20.90830574320599,Transition Laggard
Cayman Islands,2018,CYM,65962.0,,1.493,98.507,641.79,1.493,0.0,0.0,0.67,1.493,0.01493,0.9850700000000001,0.4911457695604261,0.4938130941879839,21.024352173809103,Transition Laggard
Cayman Islands,2019,CYM,67346.0,,2.778,97.222,638.89,2.778,0.0,0.0,0.72,2.778,0.02778,0.97222,0.4889264723888821,0.5016845535626776,21.968906493718112,Transition Laggard
Cayman Islands,2020,CYM,68703.0,,2.899,97.101,637.68,2.899,0.0,0.0,0.69,2.899,0.028990000000000002,0.97101,0.48800048977592747,0.5024257571302558,22.075774112555653,Transition Laggard
Cayman Islands,2021,CYM,70126.0,,2.857,97.143,642.86,2.857,0.0,0.0,0.7,2.857,0.02857,0.97143,0.4919646136892372,0.502168479858865,21.947611855652045,Transition Laggard
Cayman Islands,2022,CYM,71610.0,,2.857,97.143,642.86,2.857,0.0,0.0,0.7,2.857,0.02857,0.97143,0.4919646136892372,0.502168479858865,21.947611855652045,Transition Laggard
Cayman Islands,2023,CYM,73055.0,,2.857,97.143,642.86,2.857,0.0,0.0,0.7,2.857,0.02857,0.97143,0.4919646136892372,0.502168479858865,21.947611855652045,Transition Laggard
Cayman Islands,2024,CYM,74476.0,,4.225,95.775,633.8,4.225,0.0,0.0,0.71,4.225,0.042249999999999996,0.9577500000000001,0.48503122321537895,0.5105483681270214,23.067444941520844,Transition Laggard
Central African Republic,2000,CAF,3833421.0,3836505744.0,80.0,20.0,100.0,0.0,0.0,80.0,0.1,0.0,0.8,0.2,0.07652748867393168,0.48466749975497403,78.35682527947631,Transition Leader
Central African Republic,2001,CAF,3919498.0,3861482755.0,72.727,27.273,181.82,0.0,0.0,72.727,0.11,-7.272999999999996,0.7272700000000001,0.27273000000000003,0.13914227990694258,0.4401156522591395,71.75937778621353,Emerging Improver
Central African Republic,2002,CAF,4006079.0,3833969443.0,72.727,27.273,181.82,0.0,0.0,72.727,0.11,-7.272999999999996,0.7272700000000001,0.27273000000000003,0.13914227990694258,0.4401156522591395,71.75937778621353,Emerging Improver
Central African Republic,2003,CAF,4103092.0,3563805910.0,72.727,27.273,181.82,0.0,0.0,72.727,0.11,-7.272999999999996,0.7272700000000001,0.27273000000000003,0.13914227990694258,0.4401156522591395,71.75937778621353,Emerging Improver
Central African Republic,2004,CAF,4192828.0,3659297627.0,80.0,20.0,133.33,0.0,0.0,80.0,0.15,0.0,0.8,0.2,0.10203410064895312,0.48466749975497403,77.71915998010078,Transition Leader
Central African Republic,2005,CAF,4288814.0,3745738822.0,81.25,18.75,125.0,0.0,0.0,81.25,0.16,1.25,0.8125,0.1875,0.0956593608424146,0.4923245614035088,78.74338439999227,Transition Leader
Central African Republic,2006,CAF,4377582.0,3921727514.0,82.353,17.647,117.65,0.0,0.0,82.353,0.17,2.3529999999999944,0.82353,0.17647,0.09003459042488063,0.4990811526021758,79.64715252841061,Transition Leader
Central African Republic,2007,CAF,4462777.0,4078141542.0,87.5,12.5,62.5,0.0,0.0,87.5,0.16,7.5,0.875,0.125,0.0478296804212073,0.5306098696461825,84.26340603416253,Transition Leader
Central African Republic,2008,CAF,4558989.0,4185491968.0,87.5,12.5,62.5,0.0,0.0,87.5,0.16,7.5,0.875,0.125,0.0478296804212073,0.5306098696461825,84.26340603416253,Transition Leader
Central African Republic,2009,CAF,4529051.0,4261637773.0,87.5,12.5,62.5,0.0,0.0,87.5,0.16,7.5,0.875,0.125,0.0478296804212073,0.5306098696461825,84.26340603416253,Transition Leader
Central African Republic,2010,CAF,4493003.0,4410453712.0,81.25,18.75,125.0,0.0,0.0,81.25,0.16,1.25,0.8125,0.1875,0.0956593608424146,0.4923245614035088,78.74338439999227,Transition Leader
Central African Republic,2011,CAF,4565023.0,4499550000.0,83.333,16.667,111.11,0.0,0.0,83.333,0.18,3.3329999999999984,0.83333,0.16667,0.08502969266560549,0.5050842889346271,80.45032201737928,Transition Leader
Central African Republic,2012,CAF,4610848.0,4632212000.0,83.333,16.667,111.11,0.0,0.0,83.333,0.18,3.3329999999999984,0.83333,0.16667,0.08502969266560549,0.5050842889346271,80.45032201737928,Transition Leader
Central African Republic,2013,CAF,4642423.0,2929689000.0,100.0,0.0,0.0,0.0,0.0,100.0,0.14,20.0,1.0,0.0,0.0,0.60718048613153,94.10770729197296,Transition Leader
Central African Republic,2014,CAF,4623187.0,2960958000.0,100.0,0.0,0.0,0.0,0.0,100.0,0.17,20.0,1.0,0.0,0.0,0.60718048613153,94.10770729197296,Transition Leader
Central African Republic,2015,CAF,4629322.0,3105792000.0,100.0,0.0,0.0,0.0,0.0,100.0,0.17,20.0,1.0,0.0,0.0,0.60718048613153,94.10770729197296,Transition Leader
Central African Republic,2016,CAF,4713663.0,3265229504.0,100.0,0.0,0.0,0.0,0.0,100.0,0.17,20.0,1.0,0.0,0.0,0.60718048613153,94.10770729197296,Transition Leader
Central African Republic,2017,CAF,4793512.0,3421678627.0,100.0,0.0,0.0,0.0,0.0,100.0,0.15,20.0,1.0,0.0,0.0,0.60718048613153,94.10770729197296,Transition Leader
Central African Republic,2018,CAF,4878663.0,3557270233.0,100.0,0.0,0.0,0.0,0.0,100.0,0.15,20.0,1.0,0.0,0.0,0.60718048613153,94.10770729197296,Transition Leader
Central African Republic,2019,CAF,4944708.0,3662931320.0,100.0,0.0,0.0,0.0,0.0,100.0,0.15,20.0,1.0,0.0,0.0,0.60718048613153,94.10770729197296,Transition Leader
Central African Republic,2020,CAF,5026629.0,3698072848.0,100.0,0.0,0.0,0.0,0.0,100.0,0.15,20.0,1.0,0.0,0.0,0.60718048613153,94.10770729197296,Transition Leader
Central African Republic,2021,CAF,5112103.0,3734422040.0,100.0,0.0,0.0,0.0,0.0,100.0,0.15,20.0,1.0,0.0,0.0,0.60718048613153,94.10770729197296,Transition Leader
Central African Republic,2022,CAF,5098038.0,3752056621.0,100.0,0.0,0.0,0.0,0.0,100.0,0.14,20.0,1.0,0.0,0.0,0.60718048613153,94.10770729197296,Transition Leader
Central African Republic,2023,CAF,5152415.0,,100.0,0.0,0.0,0.0,0.0,100.0,0.14,20.0,1.0,0.0,0.0,0.60718048613153,94.10770729197296,Transition Leader
Chad,2000,TCD,8512092.0,5599887930.0,0.0,100.0,666.67,0.0,0.0,0.0,0.09,0.0,0.0,1.0,0.5101858087425003,0.48466749975497403,19.515367277762103,Transition Laggard
Chad,2001,TCD,8804122.0,6336850686.0,0.0,100.0,700.0,0.0,0.0,0.0,0.1,0.0,0.0,1.0,0.5356924207175218,0.48466749975497403,18.877701978386565,Transition Laggard
Chad,2002,TCD,9116195.0,6982839457.0,0.0,100.0,700.0,0.0,0.0,0.0,0.1,0.0,0.0,1.0,0.5356924207175218,0.48466749975497403,18.877701978386565,Transition Laggard
Chad,2003,TCD,9487830.0,8110109949.0,0.0,100.0,636.36,0.0,0.0,0.0,0.11,0.0,0.0,1.0,0.48699032692543165,0.48466749975497403,20.09525432318882,Transition Laggard
Chad,2004,TCD,9920036.0,11032101494.0,0.0,100.0,666.67,0.0,0.0,0.0,0.12,0.0,0.0,1.0,0.5101858087425003,0.48466749975497403,19.515367277762103,Transition Laggard
Chad,2005,TCD,10328094.0,12146441188.0,0.0,100.0,666.67,0.0,0.0,0.0,0.12,0.0,0.0,1.0,0.5101858087425003,0.48466749975497403,19.515367277762103,Transition Laggard
Chad,2006,TCD,10706426.0,12214525260.0,0.0,100.0,666.67,0.0,0.0,0.0,0.12,0.0,0.0,1.0,0.5101858087425003,0.48466749975497403,19.515367277762103,Transition Laggard
Chad,2007,TCD,11081667.0,14704387197.0,0.0,100.0,666.67,0.0,0.0,0.0,0.12,0.0,0.0,1.0,0.5101858087425003,0.48466749975497403,19.515367277762103,Transition Laggard
Chad,2008,TCD,11476299.0,15257312990.0,0.0,100.0,642.86,0.0,0.0,0.0,0.14,0.0,0.0,1.0,0.4919646136892372,0.48466749975497403,19.970897154093677,Transition Laggard
Chad,2009,TCD,11893753.0,17078193621.0,0.0,100.0,647.06,0.0,0.0,0.0,0.17,0.0,0.0,1.0,0.4951787682135423,0.48466749975497403,19.890543290986056,Transition Laggard
Chad,2010,TCD,12312580.0,19869964230.0,0.0,100.0,684.21,0.0,0.0,0.0,0.19,0.0,0.0,1.0,0.5236087302559079,0.48466749975497403,19.179794239926913,Transition Laggard
Chad,2011,TCD,12755004.0,19903398034.0,0.0,100.0,650.0,0.0,0.0,0.0,0.2,0.0,0.0,1.0,0.4974286763805559,0.48466749975497403,19.83429558681071,Transition Laggard
Chad,2012,TCD,13211006.0,21656293766.0,4.167,95.833,625.0,0.0,0.0,0.0,0.24,4.167,0.04167,0.95833,0.478296804212073,0.5101930804665294,23.195676101696115,Transition Laggard
Chad,2013,TCD,13691081.0,22902174388.0,3.571,96.429,642.86,0.0,0.0,0.0,0.28,3.571,0.035710000000000006,0.9642900000000001,0.4919646136892372,0.5065421934725081,22.441617559856684,Transition Laggard
Chad,2014,TCD,14188680.0,24480827952.0,3.333,96.667,633.33,0.0,0.0,0.0,0.3,3.333,0.033330000000000005,0.96667,0.4846715440186115,0.5050842889346271,22.459275733554115,Transition Laggard
Chad,2015,TCD,14647626.0,24914134960.0,3.333,96.667,633.33,0.0,0.0,0.0,0.3,3.333,0.033330000000000005,0.96667,0.4846715440186115,0.5050842889346271,22.459275733554115,Transition Laggard
Chad,2016,TCD,15114652.0,23529405356.0,6.452,93.548,612.9,0.0,3.226,0.0,0.31,6.452,0.06452,0.9354800000000001,0.46903697808252726,0.524190189160051,25.00812838533758,Transition Laggard
Chad,2017,TCD,15622756.0,22969403286.0,6.25,93.75,625.0,0.0,3.125,0.0,0.32,6.25,0.0625,0.9375,0.478296804212073,0.5229528079976478,24.63687201466289,Transition Laggard
Chad,2018,TCD,16156535.0,23510339039.0,5.882,94.118,617.65,0.0,2.941,0.0,0.34,5.882,0.05882,0.94118,0.472672033794539,0.5206985690483191,24.52287769086131,Transition Laggard
Chad,2019,TCD,16685223.0,24314153239.0,5.714,94.286,628.57,0.0,2.857,0.0,0.35,5.714,0.05714,0.94286,0.4810288355577324,0.519669459962756,24.19772101049803,Transition Laggard
Chad,2020,TCD,17224686.0,23793345004.0,5.714,94.286,628.57,0.0,2.857,0.0,0.35,5.714,0.05714,0.94286,0.4810288355577324,0.519669459962756,24.19772101049803,Transition Laggard
Chad,2021,TCD,17828274.0,23531147275.0,4.651,95.349,627.91,0.0,2.326,0.0,0.43,4.651,0.046509999999999996,0.9534900000000001,0.4805237541324844,0.5131578947368421,23.47487456774052,Transition Laggard
Chad,2022,TCD,18455319.0,24118013870.0,5.128,94.872,615.39,0.0,2.564,0.0,0.39,5.128,0.05128,0.94872,0.4709425125505081,0.516079829461923,24.04443462816614,Transition Laggard
Chad,2023,TCD,19319075.0,,5.556,94.444,611.11,0.0,2.778,0.0,0.36,5.556,0.05556,0.9444400000000001,0.4676671360352639,0.5187016073703813,24.42244570967412,Transition Laggard
Chad,2024,TCD,20299131.0,,5.405,94.595,621.62,0.0,2.703,0.0,0.37,5.405,0.05405,0.94595,0.4757101750948941,0.5177766343232383,24.116895137476224,Transition Laggard
Chile,2000,CHL,15503638.0,233340518904.0,49.83,50.17,388.13,0.0,0.0,47.544,41.12,0.0,0.4983,0.5017,0.29702614179013104,0.48466749975497403,54.74235895157133,Mixed Performer
Chile,2001,CHL,15683852.0,239642803054.0,54.041,45.959,336.48,0.0,0.024,49.126,42.32,4.2109999999999985,0.54041,0.45959000000000005,0.25749969389004534,0.5104626090365578,58.644046788297224,Mixed Performer
Chile,2002,CHL,15857926.0,243288829547.0,55.226,44.774,330.11,0.0,0.023,50.737,43.44,5.396000000000001,0.55226,0.44774,0.25262489286151585,0.5177215034793688,59.58580023065263,Mixed Performer
Chile,2003,CHL,16024755.0,250723122339.0,49.925,50.075,355.35,0.0,0.021,46.022,46.63,0.09499999999999886,0.49924999999999997,0.50075,0.27194043100281623,0.48524943644026264,55.43523077153354,Mixed Performer
Chile,2004,CHL,16187324.0,264146071325.0,46.667,53.333,391.77,0.0,0.02,42.667,51.0,-3.1629999999999967,0.46667000000000003,0.53333,0.2998117423778621,0.46529207095952174,52.484287504946266,Mixed Performer
Chile,2005,CHL,16348780.0,278000705012.0,53.658,46.342,347.57,0.0,0.019,50.211,52.22,3.828000000000003,0.5365800000000001,0.46342,0.2659865923839843,0.5081164853474468,58.166882470612094,Mixed Performer
Chile,2006,CHL,16509195.0,293258343549.0,55.015,44.985,355.38,0.0,0.018,52.398,55.04,5.185000000000002,0.55015,0.44985,0.2719633892494184,0.5164289914730962,58.95635014086098,Mixed Performer
Chile,2007,CHL,16671571.0,305709457316.0,43.943,56.057,456.93,0.0,0.017,39.293,58.28,-5.8870000000000005,0.43943,0.56057,0.34967705399779603,0.44860580221503477,49.352960683280614,Mixed Performer
Chile,2008,CHL,16838987.0,314032357531.0,45.526,54.474,454.42,0.0,0.067,40.279,59.46,-4.303999999999995,0.45526000000000005,0.54474,0.34775621403208035,0.4583027050867392,50.496235225499085,Mixed Performer
Chile,2009,CHL,17009730.0,306660166266.0,48.683,51.317,435.98,0.0,0.133,41.478,60.37,-1.1469999999999985,0.48683,0.51317,0.3336445451206073,0.47764137998627854,53.03330707177899,Mixed Performer
Chile,2010,CHL,17181463.0,321457401232.0,40.199,59.801,481.66,0.0,0.548,35.917,60.25,-9.631,0.40199,0.59801,0.36860230194685933,0.42567137116534354,46.289413018808666,Mixed Performer
Chile,2011,CHL,17351810.0,338708860136.0,39.528,60.472,493.07,0.0,0.518,31.896,65.65,-10.302,0.39528,0.60472,0.3773340884045549,0.42156106047241004,45.606863696972276,Mixed Performer
Chile,2012,CHL,17519116.0,359556383692.0,36.28,63.72,531.41,0.0,0.589,28.719,69.57,-13.549999999999997,0.3628,0.6372,0.4066747275621403,0.4016649514848574,42.626106083219355,Mixed Performer
Chile,2013,CHL,17687006.0,371454072393.0,35.695,64.305,551.76,0.014,0.755,27.018,72.84,-14.134999999999998,0.35695,0.6430500000000001,0.42224807150728544,0.39808144663334316,41.83201991181801,Mixed Performer
Chile,2014,CHL,17864192.0,378114271615.0,42.839,57.161,493.66,0.684,2.052,32.507,70.17,-6.991,0.42839,0.5716100000000001,0.37778560058773114,0.4418430853670489,47.886406265812454,Mixed Performer
Chile,2015,CHL,18047630.0,386251266445.0,43.199,56.801,491.39,1.655,2.817,31.237,74.91,-6.631,0.43199,0.56801,0.37604842659483284,0.4440483191218269,48.17891412195658,Mixed Performer
Chile,2016,CHL,18267225.0,393022253885.0,42.89,57.11,496.39,3.286,3.108,28.936,78.83,-6.939999999999998,0.4289,0.5711,0.37987480102852944,0.44215549348230915,47.869462376521405,Mixed Performer
Chile,2017,CHL,18558868.0,398359518680.0,43.545,56.455,487.27,4.865,4.46,26.466,78.93,-6.284999999999997,0.43545,0.56455,0.3728954940614669,0.44616779378614135,48.49712955525545,Mixed Performer
Chile,2018,CHL,18893185.0,414254051745.0,45.866,54.134,470.28,6.262,4.379,28.009,81.76,-3.9639999999999986,0.45866,0.54134,0.35989347373576586,0.46038542585514064,50.42804454443297,Mixed Performer
Chile,2019,CHL,19197748.0,417331966568.0,46.213,53.787,456.54,7.502,5.823,26.232,83.98,-3.6169999999999973,0.46213000000000004,0.53787,0.3493785967919677,0.46251102616877393,50.93100047273242,Mixed Performer
Chile,2020,CHL,19370621.0,391686945225.0,48.445,51.555,436.83,9.009,6.64,26.238,83.58,-1.384999999999998,0.48445,0.51555,0.33429502877433576,0.47618347544839756,52.85237641236756,Mixed Performer
Chile,2021,CHL,19456323.0,437659188270.0,48.888,51.112,430.99,11.986,8.649,21.521,88.1,-0.9420000000000002,0.48888,0.51112,0.32982582343577815,0.47889713809663825,53.27061148555512,Mixed Performer
Chile,2022,CHL,19553033.0,448338105532.0,55.327,44.673,372.8,17.256,9.754,22.715,91.04,5.497,0.55327,0.44673,0.2852944777764173,0.5183401940605704,58.83894096649812,Mixed Performer
Chile,2023,CHL,19658833.0,,63.14,36.86,303.82,20.105,10.602,26.112,89.23,13.310000000000002,0.6314000000000001,0.3686,0.23250581608913923,0.566199892188572,65.56435298060009,Emerging Improver
Chile,2024,CHL,19764774.0,,70.041,29.959,259.87,22.783,11.769,29.339,88.62,20.211,0.70041,0.29959,0.19887198481694626,0.6084729981378026,71.17989535164338,Emerging Improver
Chile,2025,CHL,19859919.0,,66.373,33.627,289.49,25.062,13.085,22.237,88.5,16.543000000000006,0.66373,0.33627,0.22153942696216483,0.5860041164363423,68.07537607249101,Emerging Improver
China,2000,CHN,1269581174.0,5952682232028.0,16.639,82.126,783.51,0.001,0.044,16.407,1355.6,0.0,0.16639,0.8212600000000001,0.5996005265091221,0.48466749975497403,27.572149333596553,Transition Laggard
China,2001,CHN,1278725061.0,6329737256820.0,18.958,79.862,762.88,0.002,0.049,18.735,1480.79,2.318999999999999,0.18958,0.79862,0.58381290559569,0.4988728805253357,29.557570567987785,Transition Laggard
China,2002,CHN,1286866835.0,6814493895929.0,17.618,80.862,773.3,0.003,0.051,17.41,1654.01,0.9789999999999992,0.17617999999999998,0.80862,0.5917870699155137,0.49066451043810644,28.516090908683754,Transition Laggard
China,2003,CHN,1294517323.0,7248623080792.0,15.036,82.695,790.92,0.003,0.052,14.848,1910.58,-1.6029999999999998,0.15036,0.82695,0.6052712134198603,0.4748480838968931,26.579790922956885,Transition Laggard
China,2004,CHN,1302100316.0,7830953177799.0,16.222,81.487,778.5,0.004,0.058,16.046,2203.31,-0.41699999999999804,0.16222,0.81487,0.5957664993265581,0.48211310398902285,27.64348407667139,Transition Laggard
China,2005,CHN,1310027135.0,8602939667333.0,16.173,81.704,782.08,0.003,0.078,15.879,2500.26,-0.4660000000000011,0.16172999999999998,0.81704,0.5985061834210849,0.48181294717240025,27.499089622058882,Transition Laggard
China,2006,CHN,1318054030.0,9489543138489.0,15.588,82.498,786.64,0.003,0.129,15.207,2865.72,-1.0510000000000002,0.15588,0.82498,0.6019958369046161,0.478229442320886,26.954845712197884,Transition Laggard
China,2007,CHN,1325813576.0,10358206113742.0,15.258,82.848,785.24,0.003,0.167,14.788,3281.54,-1.3810000000000002,0.15258,0.82848,0.6009244520631811,0.47620797804567283,26.748308369105565,Transition Laggard
China,2008,CHN,1333821011.0,10799148337884.0,19.025,79.018,747.06,0.004,0.375,18.221,3495.76,2.3859999999999992,0.19025,0.79018,0.5717062568874739,0.49928329902969715,30.10084306325861,Transition Laggard
China,2009,CHN,1342522717.0,11572544299171.0,17.886,80.229,753.13,0.008,0.743,16.573,3714.64,1.2469999999999999,0.17886,0.8022900000000001,0.5763514754499817,0.4923061844555523,29.178655880583737,Transition Laggard
China,2010,CHN,1351561505.0,12858808500983.0,18.691,79.532,740.75,0.017,1.174,16.909,4207.16,2.0519999999999996,0.18691,0.79532,0.5668773723521489,0.49723733215720867,29.945475673554405,Transition Laggard
China,2011,CHN,1360250658.0,13691526496125.0,16.813,81.337,752.36,0.055,1.572,14.599,4713.02,0.1739999999999995,0.16813,0.81337,0.5757622137871924,0.48573336273645007,28.442245096366943,Transition Laggard
China,2012,CHN,1369520866.0,14773157494771.0,20.041,77.988,720.28,0.072,2.066,17.299,4987.54,3.402000000000001,0.20041,0.77988,0.5512121954205951,0.5055069587376262,31.319649495549516,Transition Laggard
China,2013,CHN,1379008040.0,15925464549520.0,20.13,77.818,717.51,0.154,2.545,16.747,5431.63,3.4909999999999997,0.2013,0.77818,0.5490923839843271,0.5060521415270018,31.45447252329685,Transition Laggard
China,2014,CHN,1387951970.0,17103948867278.0,22.249,75.452,693.85,0.406,2.757,18.288,5794.45,5.609999999999999,0.22249,0.75452,0.5309859801640749,0.519032392433598,33.434986382402094,Transition Laggard
China,2015,CHN,1396134171.0,18301224436466.0,23.968,73.084,667.85,0.679,3.192,19.168,5814.58,7.329000000000001,0.23968,0.73084,0.5110888331088527,0.529562383612663,35.28401492646862,Transition Laggard
China,2016,CHN,1404052628.0,19545709173693.0,24.829,71.695,651.76,1.085,3.927,18.804,6133.16,8.190000000000001,0.24829,0.71695,0.4987755601812171,0.5348365676761737,36.31955951061217,Transition Laggard
China,2017,CHN,1412354730.0,20894362082435.0,25.242,71.002,644.21,1.784,4.612,17.641,6604.44,8.603000000000002,0.25242000000000003,0.71002,0.4929977347863353,0.5373664608448496,36.819753543014365,Transition Laggard
China,2018,CHN,1419008954.0,22294284747546.0,25.612,70.271,636.89,2.469,5.105,16.73,7166.14,8.972999999999999,0.25612,0.7027100000000001,0.48739592261540343,0.5396329510928158,37.30604620100715,Transition Laggard
China,2019,CHN,1423520357.0,23631941251482.0,26.85,68.503,619.63,2.985,5.402,16.959,7503.43,10.211000000000002,0.2685,0.68503,0.4741872780702828,0.5472165049495247,38.6253156224858,Transition Laggard
China,2020,CHN,1426106093.0,24151843898871.0,28.088,67.204,606.29,3.356,5.997,16.991,7779.07,11.449000000000002,0.28088,0.67204,0.4639785110811803,0.5548000588062335,39.752338105064,Transition Laggard
China,2021,CHN,1426437269.0,26180600167672.0,28.694,66.531,599.05,3.832,7.684,15.233,8534.26,12.055,0.28694,0.6653100000000001,0.4584379209011877,0.5585122022934431,40.32688501187195,Mixed Performer
China,2022,CHN,1425179562.0,26966016991166.0,30.181,65.097,586.75,4.829,8.619,14.67,8848.71,13.542000000000002,0.30181,0.6509699999999999,0.4490250397942941,0.56762104283054,41.57778964760075,Mixed Performer
China,2023,CHN,1422584930.0,,30.606,64.797,583.04,6.177,9.368,12.965,9456.45,13.967000000000002,0.30606,0.6479699999999999,0.4461858699644912,0.5702244437910419,41.911569907753346,Mixed Performer
China,2024,CHN,1419321284.0,,33.696,61.835,555.4,8.318,9.885,13.426,10086.88,17.057,0.33696,0.6183500000000001,0.4250336720950165,0.5891527001862198,44.54629870041787,Mixed Performer
China,2025,CHN,1416096093.0,,37.044,58.349,525.34,11.102,10.729,13.201,10583.36,20.404999999999998,0.37044,0.58349,0.4020295089996327,0.6096613741056552,47.47233288659402,Mixed Performer
Colombia,2000,COL,39089939.0,330615619673.0,75.356,24.644,189.21,0.023,0.0,74.165,42.81,0.0,0.75356,0.24644,0.14479766131994612,0.48466749975497403,73.86367096332596,Emerging Improver
Colombia,2001,COL,39709263.0,336096684249.0,74.154,25.846,197.73,0.023,0.0,72.972,43.14,-1.2019999999999982,0.74154,0.25846,0.15131780335496509,0.47730446927374304,72.86902195523201,Emerging Improver
Colombia,2002,COL,40324684.0,344517683680.0,76.336,23.664,183.4,0.022,0.0,75.218,44.71,0.980000000000004,0.76336,0.23664000000000002,0.1403514142279907,0.4906706360874253,74.65287418561162,Emerging Improver
Colombia,2003,COL,40937426.0,357889195415.0,78.615,21.385,172.08,0.022,0.0,77.511,46.2,3.2590000000000003,0.78615,0.21385,0.13168850251010164,0.5046309908850338,76.44625230052297,Transition Leader
Colombia,2004,COL,41543177.0,376728225954.0,81.512,18.488,148.39,0.02,0.101,80.438,49.33,6.156000000000006,0.8151200000000001,0.18488,0.1135591404432472,0.5223769969616779,78.90387644334399,Transition Leader
Colombia,2005,COL,42128978.0,394076061209.0,80.016,19.984,159.99,0.02,0.1,78.895,49.94,4.660000000000011,0.8001600000000001,0.19984000000000002,0.1224363291294233,0.5132130255807116,77.64688715547508,Transition Leader
Colombia,2006,COL,42691081.0,420283862175.0,80.446,19.554,158.98,0.019,0.112,79.321,53.34,5.090000000000003,0.80446,0.19554,0.12166340149381658,0.5158470547878076,77.96372078447169,Transition Leader
Colombia,2007,COL,43235374.0,448731322364.0,81.383,18.617,155.14,0.018,0.091,80.307,54.79,6.027000000000001,0.8138299999999999,0.18617,0.1187247459287376,0.5215867881995492,78.68548317477479,Transition Leader
Colombia,2008,COL,43758805.0,464038717488.0,83.886,16.114,137.53,0.018,0.09,82.805,55.48,8.530000000000001,0.8388599999999999,0.16114,0.10524825517325824,0.5369192884445751,80.75418294733716,Transition Leader
Colombia,2009,COL,44271543.0,471326580093.0,72.687,27.313,211.63,0.018,0.106,71.612,56.75,-2.668999999999997,0.72687,0.27313,0.1619551242806416,0.46831814172302266,71.5880940188293,Emerging Improver
Colombia,2010,COL,44777325.0,489870174161.0,70.513,29.487,229.45,0.017,0.066,66.412,60.23,-4.842999999999989,0.70513,0.29486999999999997,0.17559232276233622,0.45500098010389106,69.74300663249996,Emerging Improver
Colombia,2011,COL,45259614.0,521323240921.0,81.75,18.25,151.38,0.016,0.065,78.428,61.7,6.3940000000000055,0.8175,0.1825,0.11584731235459778,0.523834901499559,79.01134071362843,Transition Leader
Colombia,2012,COL,45715807.0,541722649583.0,77.894,22.106,179.04,0.016,0.079,74.707,63.06,2.538000000000011,0.7789400000000001,0.22106000000000003,0.13701481572180726,0.500214397726159,75.8142455728472,Transition Leader
Colombia,2013,COL,46151583.0,569534665242.0,69.215,30.785,236.02,0.014,0.082,67.691,73.51,-6.140999999999991,0.69215,0.30785,0.18062017876821354,0.4470498872880526,68.71924384011547,Emerging Improver
Colombia,2014,COL,46565426.0,595158021031.0,69.089,30.911,236.73,0.014,0.099,67.059,70.46,-6.266999999999996,0.69089,0.30911,0.18116352393779844,0.4462780554738803,68.61848273366323,Emerging Improver
Colombia,2015,COL,46969938.0,612750891790.0,63.345,36.655,275.36,0.013,0.09,61.485,77.97,-12.010999999999996,0.63345,0.36655000000000004,0.2107260928125383,0.41109232578653343,63.905232566484536,Emerging Improver
Colombia,2016,COL,47437513.0,625545111723.0,65.616,34.384,259.55,0.013,0.066,63.621,76.17,-9.739999999999995,0.65616,0.34384000000000003,0.1986270968531897,0.42500367538959133,65.77897770951412,Emerging Improver
Colombia,2017,COL,48131076.0,634046295892.0,79.1,20.9,166.18,0.013,0.0,77.278,78.47,3.7439999999999998,0.7909999999999999,0.209,0.12717338067833966,0.5076019308046653,76.89469444511148,Transition Leader
Colombia,2018,COL,49024463.0,650303209362.0,76.333,23.667,187.44,0.026,0.051,74.402,78.21,0.9770000000000039,0.76333,0.23667000000000002,0.14344312477041754,0.4906522591394688,74.57350576783158,Emerging Improver
Colombia,2019,COL,49907987.0,671028388046.0,69.485,30.515,240.92,0.165,0.076,67.251,78.78,-5.870999999999995,0.69485,0.30515000000000003,0.18437002571323619,0.44870381260413605,68.81230654623114,Emerging Improver
Colombia,2020,COL,50629997.0,622365414246.0,65.325,34.675,271.25,0.244,0.013,62.302,77.75,-10.030999999999992,0.65325,0.34675,0.20758081302803968,0.42322111143781244,65.3537963458662,Emerging Improver
Colombia,2021,COL,51188174.0,690925195330.0,75.071,24.929,195.83,0.391,0.071,71.954,84.36,-0.2849999999999966,0.75071,0.24928999999999998,0.1498637810701604,0.48292168969910815,73.53983081873261,Emerging Improver
Colombia,2022,COL,51737944.0,742716953392.0,74.354,25.646,202.15,0.76,0.084,70.879,82.86,-1.0019999999999953,0.74354,0.25646,0.15470031835435288,0.4785295991375086,72.9228360282038,Emerging Improver
Colombia,2023,COL,52321152.0,,66.99,33.01,258.37,1.559,0.254,62.624,86.58,-8.366,0.6698999999999999,0.3301,0.19772407248683727,0.4334203175536607,66.75220295113398,Emerging Improver
Colombia,2024,COL,52886360.0,,61.342,38.658,298.3,3.848,0.168,54.835,89.14,-14.013999999999996,0.61342,0.38658000000000003,0.2282814987143382,0.39882265020092134,62.08050228515536,Emerging Improver
Colombia,2025,COL,53425629.0,,77.025,22.975,186.81,5.091,0.166,69.168,90.36,1.6690000000000111,0.7702500000000001,0.22975,0.14296100159177177,0.4948912084680977,75.06434308722719,Transition Leader
Comoros,2000,COM,536084.0,656399277.0,0.0,100.0,666.67,0.0,0.0,0.0,0.03,0.0,0.0,1.0,0.5101858087425003,0.48466749975497403,19.515367277762103,Transition Laggard
Comoros,2001,COM,547221.0,680582090.0,0.0,100.0,666.67,0.0,0.0,0.0,0.03,0.0,0.0,1.0,0.5101858087425003,0.48466749975497403,19.515367277762103,Transition Laggard
Comoros,2002,COM,558927.0,705937319.0,0.0,100.0,666.67,0.0,0.0,0.0,0.03,0.0,0.0,1.0,0.5101858087425003,0.48466749975497403,19.515367277762103,Transition Laggard
Comoros,2003,COM,569808.0,731630321.0,0.0,100.0,750.0,0.0,0.0,0.0,0.04,0.0,0.0,1.0,0.5739561650544875,0.48466749975497403,17.921108369962422,Transition Laggard
Comoros,2004,COM,580711.0,755848590.0,0.0,100.0,750.0,0.0,0.0,0.0,0.04,0.0,0.0,1.0,0.5739561650544875,0.48466749975497403,17.921108369962422,Transition Laggard
Comoros,2005,COM,592679.0,788522780.0,0.0,100.0,600.0,0.0,0.0,0.0,0.05,0.0,0.0,1.0,0.45916493204359005,0.48466749975497403,20.79088919523486,Transition Laggard
Comoros,2006,COM,604752.0,888321718.0,0.0,100.0,600.0,0.0,0.0,0.0,0.05,0.0,0.0,1.0,0.45916493204359005,0.48466749975497403,20.79088919523486,Transition Laggard
Comoros,2007,COM,616935.0,908328164.0,0.0,100.0,600.0,0.0,0.0,0.0,0.05,0.0,0.0,1.0,0.45916493204359005,0.48466749975497403,20.79088919523486,Transition Laggard
Comoros,2008,COM,629314.0,956653402.0,0.0,100.0,750.0,0.0,0.0,0.0,0.04,0.0,0.0,1.0,0.5739561650544875,0.48466749975497403,17.921108369962422,Transition Laggard
Comoros,2009,COM,641949.0,1004144820.0,0.0,100.0,600.0,0.0,0.0,0.0,0.05,0.0,0.0,1.0,0.45916493204359005,0.48466749975497403,20.79088919523486,Transition Laggard
Comoros,2010,COM,654846.0,1011389038.0,0.0,100.0,666.67,0.0,0.0,0.0,0.06,0.0,0.0,1.0,0.5101858087425003,0.48466749975497403,19.515367277762103,Transition Laggard
Comoros,2011,COM,668064.0,1067838000.0,0.0,100.0,666.67,0.0,0.0,0.0,0.06,0.0,0.0,1.0,0.5101858087425003,0.48466749975497403,19.515367277762103,Transition Laggard
Comoros,2012,COM,681637.0,1112133000.0,0.0,100.0,666.67,0.0,0.0,0.0,0.06,0.0,0.0,1.0,0.5101858087425003,0.48466749975497403,19.515367277762103,Transition Laggard
Comoros,2013,COM,696203.0,1217488000.0,0.0,100.0,666.67,0.0,0.0,0.0,0.06,0.0,0.0,1.0,0.5101858087425003,0.48466749975497403,19.515367277762103,Transition Laggard
Comoros,2014,COM,711512.0,1263249000.0,0.0,100.0,600.0,0.0,0.0,0.0,0.05,0.0,0.0,1.0,0.45916493204359005,0.48466749975497403,20.79088919523486,Transition Laggard
Comoros,2015,COM,726685.0,1324576000.0,0.0,100.0,600.0,0.0,0.0,0.0,0.05,0.0,0.0,1.0,0.45916493204359005,0.48466749975497403,20.79088919523486,Transition Laggard
Comoros,2016,COM,741745.0,1356063486.0,0.0,100.0,666.67,0.0,0.0,0.0,0.06,0.0,0.0,1.0,0.5101858087425003,0.48466749975497403,19.515367277762103,Transition Laggard
Comoros,2017,COM,756672.0,1426021134.0,0.0,100.0,666.67,0.0,0.0,0.0,0.09,0.0,0.0,1.0,0.5101858087425003,0.48466749975497403,19.515367277762103,Transition Laggard
Comoros,2018,COM,771597.0,1479483924.0,0.0,100.0,700.0,0.0,0.0,0.0,0.1,0.0,0.0,1.0,0.5356924207175218,0.48466749975497403,18.877701978386565,Transition Laggard
Comoros,2019,COM,786582.0,1533170985.0,0.0,100.0,636.36,0.0,0.0,0.0,0.11,0.0,0.0,1.0,0.48699032692543165,0.48466749975497403,20.09525432318882,Transition Laggard
Comoros,2020,COM,802172.0,1594579416.0,0.0,100.0,692.31,0.0,0.0,0.0,0.13,0.0,0.0,1.0,0.5298074568384964,0.48466749975497403,19.0248260753622,Transition Laggard
Comoros,2021,COM,818178.0,1639163875.0,0.0,100.0,692.31,0.0,0.0,0.0,0.13,0.0,0.0,1.0,0.5298074568384964,0.48466749975497403,19.0248260753622,Transition Laggard
Comoros,2022,COM,834191.0,1682076951.0,0.0,100.0,642.86,0.0,0.0,0.0,0.14,0.0,0.0,1.0,0.4919646136892372,0.48466749975497403,19.970897154093677,Transition Laggard
Comoros,2023,COM,850390.0,,0.0,100.0,642.86,0.0,0.0,0.0,0.14,0.0,0.0,1.0,0.4919646136892372,0.48466749975497403,19.970897154093677,Transition Laggard
Congo,2000,COG,3151349.0,12472135877.0,100.0,0.0,34.48,0.0,0.0,100.0,0.29,0.0,1.0,0.0,0.02638667809477164,0.48466749975497403,91.61034554395532,Transition Leader
Congo,2001,COG,3272542.0,13249308227.0,100.0,0.0,30.3,0.0,0.0,100.0,0.33,0.0,1.0,0.0,0.0231878290682013,0.48466749975497403,91.69031676961957,Transition Leader
Congo,2002,COG,3350770.0,14180954098.0,100.0,0.0,25.64,0.0,0.0,100.0,0.39,0.0,1.0,0.0,0.01962164809599608,0.48466749975497403,91.77947129392471,Transition Leader
Congo,2003,COG,3445758.0,14627827623.0,85.0,15.0,150.0,0.0,0.0,85.0,0.4,-15.0,0.85,0.15,0.11479123301089751,0.39278275997255707,79.02196057431593,Transition Leader
Congo,2004,COG,3565565.0,15504146539.0,82.5,17.5,175.0,0.0,0.0,82.5,0.4,-17.5,0.8250000000000001,0.17500000000000002,0.13392310517938044,0.3774686366754876,76.8139519206478,Transition Leader
Congo,2005,COG,3696399.0,17078609818.0,81.395,18.605,186.05,0.0,0.0,81.395,0.43,-18.605000000000004,0.81395,0.18605000000000002,0.14237939267784988,0.3706997941781829,75.8380120957265,Transition Leader
Congo,2006,COG,3837411.0,18567839817.0,82.222,17.778,177.78,0.0,0.0,82.222,0.45,-17.778000000000006,0.82222,0.17778,0.13605056936451573,0.37576570616485344,76.5684213583599,Transition Leader
Congo,2007,COG,3980430.0,18699065550.0,82.5,17.5,175.0,0.0,0.0,82.5,0.4,-17.5,0.8250000000000001,0.17500000000000002,0.13392310517938044,0.3774686366754876,76.8139519206478,Transition Leader
Congo,2008,COG,4113514.0,20270055811.0,80.435,19.565,195.65,0.0,0.0,80.435,0.46,-19.564999999999998,0.80435,0.19565000000000002,0.14972603159054734,0.36481917083210824,74.99013677271795,Emerging Improver
Congo,2009,COG,4281218.0,22298715246.0,61.111,38.889,351.85,0.0,0.0,61.111,0.54,-38.889,0.6111099999999999,0.38889,0.2692619688992286,0.24644712339507985,58.63175762844548,Mixed Performer
Congo,2010,COG,4462304.0,24809062977.0,56.79,43.21,419.75,0.0,0.0,53.086,0.81,-43.21,0.5679,0.43210000000000004,0.32122413370882824,0.21997819268842495,54.34306954760566,Mixed Performer
Congo,2011,COG,4609728.0,26249089782.0,61.832,38.168,374.05,0.0,0.0,59.542,1.31,-38.168,0.61832,0.38168,0.28625107138484146,0.2508637165539547,58.705878963688285,Mixed Performer
Congo,2012,COG,4740457.0,28860086022.0,58.721,41.279,395.35,0.0,0.0,56.977,1.72,-41.279,0.58721,0.41279000000000005,0.3025514264723889,0.2318068215230814,56.14591666103651,Mixed Performer
Congo,2013,COG,4857104.0,28654592534.0,57.225,42.775,410.41,0.0,0.0,55.491,1.73,-42.775,0.57225,0.42775,0.314076466266683,0.22264285014211505,54.82273109546465,Mixed Performer
Congo,2014,COG,4975887.0,30579326354.0,55.114,44.886,426.14,0.0,0.0,53.409,1.76,-44.886,0.55114,0.44886000000000004,0.32611424023509245,0.20971160443006953,53.06121806057374,Mixed Performer
Congo,2015,COG,5097583.0,29493455123.0,40.143,59.857,541.22,0.0,0.0,39.068,2.79,-59.857,0.40143,0.59857,0.414182074201053,0.11800450847789862,40.501315772142156,Mixed Performer
Congo,2016,COG,5222545.0,26313174327.0,38.721,61.279,558.92,0.0,0.0,37.71,2.97,-61.279,0.38721,0.6127900000000001,0.4277274396963389,0.10929383514652546,39.17882153478941,Transition Laggard
Congo,2017,COG,5351013.0,25159867387.0,40.94,59.06,543.62,0.0,0.0,39.933,2.98,-59.06,0.4094,0.5906,0.4160187339292274,0.1228866509850044,41.00683141654437,Mixed Performer
Congo,2018,COG,5483128.0,23950933949.0,35.065,64.935,594.16,0.0,0.0,34.091,3.08,-64.935,0.35064999999999996,0.64935,0.45469572670503244,0.0868984612368911,35.97508375092755,Transition Laggard
Congo,2019,COG,5616656.0,24196673159.0,27.763,72.237,655.53,0.0,0.0,26.992,3.89,-72.237,0.27763000000000004,0.72237,0.5016606465042243,0.04216896991081054,29.748818386056552,Transition Laggard
Congo,2020,COG,5752792.0,22696964187.0,26.933,73.067,663.34,0.0,0.0,26.185,4.01,-73.06700000000001,0.26933,0.7306699999999999,0.5076374433696584,0.03708468097618339,29.02513413040129,Transition Laggard
Congo,2021,COG,5892187.0,23037421913.0,26.277,73.723,669.1,0.0,0.0,25.547,4.11,-73.723,0.26277,0.73723,0.5120454267172768,0.0330662550230324,28.461058157413564,Transition Laggard
Congo,2022,COG,6035104.0,23679011891.0,21.818,78.182,707.07,0.0,0.0,21.212,4.95,-78.182,0.21818,0.7818200000000001,0.5411029141667687,0.005751984710379243,24.64950691648647,Transition Laggard
Congo,2023,COG,6182890.0,,23.507,76.493,692.16,0.187,0.0,22.761,5.36,-76.493,0.23507000000000003,0.76493,0.5296926656054854,0.016098206409879467,26.103356456011056,Transition Laggard
Congo,2024,COG,6332969.0,,20.879,79.121,716.12,0.183,0.0,20.147,5.46,-79.121,0.20879000000000003,0.79121,0.5480286518917595,0.0,23.82668370270601,Transition Laggard
Cook Islands,2000,COK,15876.0,,0.0,100.0,666.67,0.0,0.0,0.0,0.03,0.0,0.0,1.0,0.5101858087425003,0.48466749975497403,19.515367277762103,Transition Laggard
Cook Islands,2001,COK,15259.0,,0.0,100.0,666.67,0.0,0.0,0.0,0.03,0.0,0.0,1.0,0.5101858087425003,0.48466749975497403,19.515367277762103,Transition Laggard
Cook Islands,2002,COK,14994.0,,0.0,100.0,666.67,0.0,0.0,0.0,0.03,0.0,0.0,1.0,0.5101858087425003,0.48466749975497403,19.515367277762103,Transition Laggard
Cook Islands,2003,COK,15049.0,,0.0,100.0,666.67,0.0,0.0,0.0,0.03,0.0,0.0,1.0,0.5101858087425003,0.48466749975497403,19.515367277762103,Transition Laggard
Cook Islands,2004,COK,15103.0,,0.0,100.0,666.67,0.0,0.0,0.0,0.03,0.0,0.0,1.0,0.5101858087425003,0.48466749975497403,19.515367277762103,Transition Laggard
Cook Islands,2005,COK,15153.0,,0.0,100.0,666.67,0.0,0.0,0.0,0.03,0.0,0.0,1.0,0.5101858087425003,0.48466749975497403,19.515367277762103,Transition Laggard
Cook Islands,2006,COK,15233.0,,0.0,100.0,666.67,0.0,0.0,0.0,0.03,0.0,0.0,1.0,0.5101858087425003,0.48466749975497403,19.515367277762103,Transition Laggard
Cook Islands,2007,COK,15519.0,,0.0,100.0,666.67,0.0,0.0,0.0,0.03,0.0,0.0,1.0,0.5101858087425003,0.48466749975497403,19.515367277762103,Transition Laggard
Cook Islands,2008,COK,16003.0,,0.0,100.0,666.67,0.0,0.0,0.0,0.03,0.0,0.0,1.0,0.5101858087425003,0.48466749975497403,19.515367277762103,Transition Laggard
Cook Islands,2009,COK,16497.0,,0.0,100.0,666.67,0.0,0.0,0.0,0.03,0.0,0.0,1.0,0.5101858087425003,0.48466749975497403,19.515367277762103,Transition Laggard
Cook Islands,2010,COK,17000.0,,0.0,100.0,666.67,0.0,0.0,0.0,0.03,0.0,0.0,1.0,0.5101858087425003,0.48466749975497403,19.515367277762103,Transition Laggard
Cook Islands,2011,COK,17480.0,,0.0,100.0,666.67,0.0,0.0,0.0,0.03,0.0,0.0,1.0,0.5101858087425003,0.48466749975497403,19.515367277762103,Transition Laggard
Cook Islands,2012,COK,17690.0,,0.0,100.0,666.67,0.0,0.0,0.0,0.03,0.0,0.0,1.0,0.5101858087425003,0.48466749975497403,19.515367277762103,Transition Laggard
Cook Islands,2013,COK,17629.0,,0.0,100.0,666.67,0.0,0.0,0.0,0.03,0.0,0.0,1.0,0.5101858087425003,0.48466749975497403,19.515367277762103,Transition Laggard
Cook Islands,2014,COK,17556.0,,0.0,100.0,666.67,0.0,0.0,0.0,0.03,0.0,0.0,1.0,0.5101858087425003,0.48466749975497403,19.515367277762103,Transition Laggard
Cook Islands,2015,COK,17471.0,,0.0,100.0,666.67,0.0,0.0,0.0,0.03,0.0,0.0,1.0,0.5101858087425003,0.48466749975497403,19.515367277762103,Transition Laggard
Cook Islands,2016,COK,17360.0,,0.0,100.0,666.67,0.0,0.0,0.0,0.03,0.0,0.0,1.0,0.5101858087425003,0.48466749975497403,19.515367277762103,Transition Laggard
Cook Islands,2017,COK,17066.0,,25.0,75.0,500.0,25.0,0.0,0.0,0.04,25.0,0.25,0.75,0.3826374433696584,0.637808732725669,40.00119490664357,Mixed Performer
Cook Islands,2018,COK,16623.0,,40.0,60.0,400.0,40.0,0.0,0.0,0.05,40.0,0.4,0.6,0.3061099546957267,0.7296934725080859,52.292653220228125,Mixed Performer
Cook Islands,2019,COK,16151.0,,25.0,75.0,500.0,25.0,0.0,0.0,0.04,25.0,0.25,0.75,0.3826374433696584,0.637808732725669,40.00119490664357,Mixed Performer
Cook Islands,2020,COK,15664.0,,25.0,75.0,500.0,25.0,0.0,0.0,0.04,25.0,0.25,0.75,0.3826374433696584,0.637808732725669,40.00119490664357,Mixed Performer
Cook Islands,2021,COK,15205.0,,50.0,50.0,250.0,50.0,0.0,0.0,0.04,50.0,0.5,0.5,0.1913187216848292,0.7909499656963639,62.08128144332472,Emerging Improver
Cook Islands,2022,COK,14747.0,,50.0,50.0,250.0,50.0,0.0,0.0,0.04,50.0,0.5,0.5,0.1913187216848292,0.7909499656963639,62.08128144332472,Emerging Improver
Cook Islands,2023,COK,14244.0,,50.0,50.0,250.0,50.0,0.0,0.0,0.04,50.0,0.5,0.5,0.1913187216848292,0.7909499656963639,62.08128144332472,Emerging Improver
Cook Islands,2024,COK,13750.0,,50.0,50.0,250.0,50.0,0.0,0.0,0.04,50.0,0.5,0.5,0.1913187216848292,0.7909499656963639,62.08128144332472,Emerging Improver
Costa Rica,2000,CRI,3937737.0,36043077867.0,99.125,0.875,30.61,0.0,2.624,81.924,6.86,0.0,0.9912500000000001,0.00875,0.023425064283090487,0.48466749975497403,91.15938588924735,Transition Leader
Costa Rica,2001,CRI,4008951.0,37338984417.0,98.551,1.449,34.78,0.0,2.754,81.159,6.9,-0.5739999999999981,0.98551,0.014490000000000001,0.02661626056079344,0.4811513770459669,90.68246414166966,Transition Leader
Costa Rica,2002,CRI,4075710.0,38566391693.0,98.383,1.617,36.39,0.0,3.504,79.111,7.42,-0.7420000000000044,0.98383,0.01617,0.027848353128443738,0.4801222679604038,90.53542519119497,Transition Leader
Costa Rica,2003,CRI,4138791.0,40104618605.0,97.808,2.192,39.73,0.0,4.247,80.274,7.3,-1.316999999999993,0.9780800000000001,0.021920000000000002,0.030404371250153054,0.4766000196020779,90.07369101277735,Transition Leader
Costa Rica,2004,CRI,4200079.0,41810218746.0,99.123,0.877,31.33,0.0,3.258,80.451,7.98,-0.001999999999995339,0.99123,0.00877,0.023976062201542792,0.4846552484563364,91.14422717180648,Transition Leader
Costa Rica,2005,CRI,4261240.0,43414436973.0,96.703,3.297,47.62,0.0,2.442,79.365,8.19,-2.421999999999997,0.9670300000000001,0.03297,0.036442390106526265,0.4698311771047731,89.15820790390843,Transition Leader
Costa Rica,2006,CRI,4321337.0,46549505108.0,93.852,6.148,67.29,0.0,3.132,75.754,8.62,-5.272999999999996,0.93852,0.06148,0.05149534712868863,0.4523669508967951,86.80932058523472,Transition Leader
Costa Rica,2007,CRI,4380250.0,50253055044.0,91.982,8.018,77.95,0.0,2.673,74.61,8.98,-7.143000000000001,0.91982,0.08018000000000002,0.059653177421329744,0.44091198667058706,85.31155036452556,Transition Leader
Costa Rica,2008,CRI,4440058.0,52514579539.0,92.766,7.234,72.34,0.0,2.128,77.766,9.4,-6.358999999999995,0.92766,0.07234,0.055359985306722176,0.4457144957365481,85.96131780338017,Transition Leader
Costa Rica,2009,CRI,4499788.0,51990443852.0,95.13,4.87,58.44,0.0,3.571,77.381,9.24,-3.9950000000000045,0.9512999999999999,0.0487,0.04472266438104567,0.46019553072625696,87.86286635136771,Transition Leader
Costa Rica,2010,CRI,4555965.0,54669051273.0,93.27,6.73,69.4,0.0,3.785,75.605,9.51,-5.855000000000004,0.9327,0.06730000000000001,0.05311007713970859,0.44880182299323723,86.36627541640584,Transition Leader
Costa Rica,2011,CRI,4609834.0,56719502938.0,91.179,8.821,84.1,0.0,4.205,72.41,9.75,-7.945999999999998,0.91179,0.08821,0.06435961797477653,0.4359930902675684,84.63830590464411,Transition Leader
Costa Rica,2012,CRI,4663930.0,59489116143.0,91.79,8.21,80.12,0.099,5.242,70.821,10.11,-7.334999999999994,0.9179,0.0821,0.06131382392555406,0.43973586200137216,85.13719233188172,Transition Leader
Costa Rica,2013,CRI,4716153.0,60973369897.0,88.224,11.776,103.04,0.196,4.809,66.536,10.19,-10.900999999999996,0.88224,0.11776,0.0788539243296192,0.41789179653043224,82.23142883971602,Transition Leader
Costa Rica,2014,CRI,4767126.0,63133053443.0,89.774,10.226,93.41,0.197,7.276,65.388,10.17,-9.350999999999999,0.89774,0.10226000000000002,0.07148432717031958,0.4273865529746153,83.48809011536122,Transition Leader
Costa Rica,2015,CRI,4818045.0,65438671759.0,98.979,1.021,33.43,0.279,10.028,74.188,10.77,-0.1460000000000008,0.9897900000000001,0.010209999999999999,0.02558313946369536,0.4837731549544252,91.00441883772399,Transition Leader
Costa Rica,2016,CRI,4867003.0,68189707920.0,98.25,1.75,38.67,0.276,10.589,73.204,10.86,-0.875,0.9825,0.0175,0.02959317987020938,0.4793075566009997,90.39978385225977,Transition Leader
Costa Rica,2017,CRI,4913177.0,71025038908.0,99.645,0.355,28.37,0.355,11.436,76.152,11.28,0.519999999999996,0.99645,0.0035499999999999998,0.02171084853679442,0.48785283740076446,91.56202134759161,Transition Leader
Costa Rica,2018,CRI,4957813.0,72883048113.0,98.601,1.399,34.97,0.524,15.734,72.203,11.44,-0.5240000000000009,0.98601,0.01399,0.026761662789273905,0.4814576595119083,90.71342332294678,Transition Leader
Costa Rica,2019,CRI,4999549.0,74645366733.0,99.124,0.876,31.52,0.613,15.762,67.863,11.42,-0.0010000000000047748,0.99124,0.00876,0.024121464430023266,0.4846613741056552,91.14128400083423,Transition Leader
Costa Rica,2020,CRI,5034323.0,71455765338.0,99.829,0.171,27.3,0.597,12.457,70.734,11.72,0.7039999999999935,0.99829,0.0017100000000000001,0.020892004407983347,0.4889799568754288,91.70979924293185,Transition Leader
Costa Rica,2021,CRI,5059991.0,77015741091.0,100.0,0.0,25.92,0.628,12.333,72.977,12.73,0.875,1.0,0.0,0.019835925064283094,0.49002744290894834,91.85451351702714,Transition Leader
Costa Rica,2022,CRI,5081764.0,80345898158.0,100.0,0.0,24.12,0.643,11.013,75.965,12.44,0.875,1.0,0.0,0.01845843026815232,0.49002744290894834,91.88895088693042,Transition Leader
Costa Rica,2023,CRI,5105526.0,,99.915,0.085,24.74,0.768,12.713,72.867,11.72,0.7900000000000063,0.9991500000000001,0.0008500000000000001,0.018932900697930695,0.489506762716848,91.81827892330445,Transition Leader
Costa Rica,2024,CRI,5129909.0,,99.909,0.091,25.46,0.818,11.273,72.727,11.0,0.784000000000006,0.99909,0.00091,0.019483898616383007,0.48947000882093505,91.80035266690444,Transition Leader
Costa Rica,2025,CRI,5152949.0,,100.0,0.0,24.2,0.703,12.1,74.785,12.81,0.875,1.0,0.0,0.018519652259091465,0.49002744290894834,91.88742033715694,Transition Leader
Cote d'Ivoire,2000,CIV,17699007.0,41297593671.0,36.458,63.542,364.58,0.0,0.0,36.458,4.8,0.0,0.36458,0.63542,0.2790039182074201,0.48466749975497403,47.16971454113911,Mixed Performer
Cote d'Ivoire,2001,CIV,18178920.0,42194161007.0,36.475,63.525,362.71,0.0,0.0,36.475,4.88,0.017000000000003013,0.36475,0.63525,0.27757285416921756,0.4847716357933941,47.217253182670476,Mixed Performer
Cote d'Ivoire,2002,CIV,18654772.0,42379148241.0,32.325,67.675,385.63,0.0,0.0,32.325,5.29,-4.132999999999996,0.32325000000000004,0.67675,0.29511295457328274,0.45935019112025877,43.907429002471815,Mixed Performer
Cote d'Ivoire,2003,CIV,19125546.0,42761562091.0,35.63,64.37,368.11,0.0,0.0,35.63,5.08,-0.8279999999999959,0.3563,0.6437,0.28170533855760993,0.47959546211898463,46.52929846784451,Mixed Performer
Cote d'Ivoire,2004,CIV,19594997.0,44320594821.0,33.455,66.545,383.64,0.0,0.0,31.455,5.5,-3.003,0.33455,0.66545,0.29359005754867146,0.4662721748505342,44.72733118404123,Mixed Performer
Cote d'Ivoire,2005,CIV,20068468.0,46182121378.0,26.984,73.016,416.23,0.0,0.0,25.044,5.67,-9.473999999999997,0.26984,0.73016,0.31853036610750585,0.4266330981083995,39.62663731893834,Transition Laggard
Cote d'Ivoire,2006,CIV,20546808.0,48079711067.0,28.369,71.631,409.57,0.0,0.0,26.596,5.64,-8.088999999999999,0.28369,0.71631,0.31343363536182195,0.435117122414976,40.71231595217909,Mixed Performer
Cote d'Ivoire,2007,CIV,21030558.0,50213105655.0,33.808,66.192,380.78,0.0,0.0,31.673,5.62,-2.6499999999999986,0.33808,0.66192,0.29140137137259703,0.4684345290600804,45.02628365158628,Mixed Performer
Cote d'Ivoire,2008,CIV,21514446.0,52842644609.0,34.542,65.458,378.24,0.0,0.0,32.47,5.79,-1.9159999999999968,0.34542,0.65458,0.2894575731602792,0.4729307556601,45.58272200589452,Mixed Performer
Cote d'Ivoire,2009,CIV,21997936.0,55907844337.0,37.265,62.735,362.39,0.0,0.0,36.068,5.85,0.8070000000000022,0.37265000000000004,0.62735,0.277327966205461,0.4896108987552681,47.76996432619249,Mixed Performer
Cote d'Ivoire,2010,CIV,22488068.0,58369987439.0,28.067,71.933,413.45,0.0,0.0,26.891,5.95,-8.390999999999998,0.28067000000000003,0.7193300000000001,0.3164029019223705,0.43326717632069,40.42913509675108,Mixed Performer
Cote d'Ivoire,2011,CIV,22982003.0,57051170312.0,29.934,70.066,399.67,0.0,0.0,28.947,6.08,-6.523999999999997,0.29934,0.7006600000000001,0.30585741398310273,0.4447037635989415,41.984521104406554,Mixed Performer
Cote d'Ivoire,2012,CIV,23467083.0,63249209930.0,26.286,73.714,425.71,0.0,0.0,25.286,7.0,-10.171999999999997,0.26286000000000004,0.73714,0.32578517203379453,0.4223573948838577,38.962331622413004,Transition Laggard
Cote d'Ivoire,2013,CIV,23939775.0,69113673482.0,21.756,78.244,446.92,0.0,0.0,20.839,7.63,-14.701999999999998,0.21756,0.78244,0.34201665238153545,0.39460820346956776,35.42230674250513,Transition Laggard
Cote d'Ivoire,2014,CIV,24527393.0,75191536255.0,23.7,76.3,440.15,0.0,0.0,22.854,8.27,-12.758,0.237,0.763,0.33683574139831024,0.40651646574536904,36.896853451222775,Transition Laggard
Cote d'Ivoire,2015,CIV,25246347.0,81840720288.0,16.552,83.448,475.86,0.0,0.0,15.402,8.7,-19.906,0.16552,0.83448,0.3641637076037713,0.3627303244143879,31.268062176121536,Transition Laggard
Cote d'Ivoire,2016,CIV,25989404.0,87711151924.0,16.422,83.578,475.07,0.0,0.0,14.761,10.23,-20.035999999999998,0.16422,0.8357800000000001,0.3635591404432472,0.36193399000294035,31.193231338962917,Transition Laggard
Cote d'Ivoire,2017,CIV,26733376.0,93099253173.0,21.245,78.755,446.64,0.099,0.0,20.059,10.12,-15.212999999999997,0.21245000000000003,0.78755,0.3418023754132484,0.39147799666764677,35.074110564683494,Transition Laggard
Cote d'Ivoire,2018,CIV,27464175.0,96591406762.0,29.88,70.12,399.4,0.1,0.0,29.183,10.04,-6.577999999999999,0.2988,0.7012,0.3056507897636831,0.44437297853572477,41.9523249339438,Mixed Performer
Cote d'Ivoire,2019,CIV,28193014.0,104618149506.0,33.114,66.886,382.74,0.094,0.0,32.364,10.66,-3.344000000000001,0.33114,0.66886,0.2929013101506061,0.46418332843281385,44.50861717272705,Mixed Performer
Cote d'Ivoire,2020,CIV,28915452.0,106396657387.0,30.551,69.449,396.09,0.178,0.0,29.751,11.26,-5.907,0.30551,0.6944899999999999,0.30311772988857594,0.4484832892286582,42.47990609121548,Mixed Performer
Cote d'Ivoire,2021,CIV,29639737.0,113844428305.0,23.877,76.123,431.72,0.176,0.0,22.996,11.35,-12.581,0.23876999999999998,0.7612300000000001,0.33038447410309785,0.40760070567480156,37.18059873254457,Transition Laggard
Cote d'Ivoire,2022,CIV,30395004.0,121471995793.0,27.359,72.641,413.16,0.159,0.0,26.566,12.61,-9.098999999999997,0.27359,0.7264100000000001,0.3161809722052161,0.42893021660295994,39.94482894391399,Transition Laggard
Cote d'Ivoire,2023,CIV,31165653.0,,30.146,69.854,398.91,0.182,0.0,29.144,10.98,-6.311999999999998,0.30146,0.69854,0.3052758050691809,0.446002401254533,42.145740892088476,Mixed Performer
Cote d'Ivoire,2024,CIV,31934229.0,,28.916,71.084,405.01,0.185,0.0,27.804,10.79,-7.541999999999998,0.28916000000000003,0.71084,0.3099439818782907,0.4384678525923748,41.17801824192835,Mixed Performer
Croatia,2000,HRV,4326105.0,57398794775.0,57.538,42.462,302.41,0.0,,57.538,11.21,0.0,0.57538,0.42462000000000005,0.2314267784988368,0.48466749975497403,61.00714303385368,Emerging Improver
Croatia,2001,HRV,4301079.0,57633269426.0,56.314,43.686,306.67,0.0,,56.314,12.75,-1.2239999999999966,0.56314,0.43686,0.23468684951634627,0.47716970498872885,60.07877433692227,Emerging Improver
Croatia,2002,HRV,4305783.0,61317061359.0,46.099,53.901,370.37,0.0,,46.099,12.69,-11.439,0.46098999999999996,0.5390100000000001,0.28343485980164074,0.4145961971969029,51.792471462912516,Mixed Performer
Croatia,2003,HRV,4306683.0,65731224853.0,41.489,58.511,414.13,0.0,,41.489,13.16,-16.049,0.41489,0.58511,0.31692328884535326,0.3863569538371067,47.76567208642277,Mixed Performer
Croatia,2004,HRV,4310050.0,69483828958.0,55.011,44.989,315.07,0.0,0.0,55.011,13.87,-2.526999999999994,0.55011,0.44988999999999996,0.24111515856495652,0.46918798392629624,59.016540794770535,Mixed Performer
Croatia,2005,HRV,4313946.0,73522772944.0,54.1,45.9,336.4,0.0,0.077,53.946,13.05,-3.4379999999999953,0.541,0.459,0.2574384718991061,0.4636075173968441,57.978150963475,Mixed Performer
Croatia,2006,HRV,4315802.0,78256427771.0,51.51,48.49,347.02,0.0,0.155,51.278,12.91,-6.027999999999999,0.5151,0.48490000000000005,0.2655656911962777,0.4477420856610801,55.982989005009266,Mixed Performer
Croatia,2007,HRV,4315959.0,83591431787.0,37.799,62.201,420.26,0.0,0.239,37.48,12.54,-19.738999999999997,0.37799,0.6220100000000001,0.32161442390106526,0.3637533078506322,45.09533902023285,Mixed Performer
Croatia,2008,HRV,4314635.0,86620961215.0,45.696,54.304,382.63,0.0,0.313,45.227,12.78,-11.841999999999999,0.45696,0.5430400000000001,0.2928171299130648,0.4121275605214153,51.27908515999461,Mixed Performer
Croatia,2009,HRV,4310537.0,81451695571.0,56.03,43.97,301.87,0.0,0.375,55.506,13.35,-1.5079999999999956,0.5603,0.4397,0.23101353005999756,0.47543002058218176,59.97411205723279,Mixed Performer
Croatia,2010,HRV,4301150.0,81303793822.0,62.88,37.12,268.43,0.0,0.947,61.731,14.79,5.342000000000006,0.6288,0.3712,0.2054227378474348,0.5173907184161521,65.3532923300564,Emerging Improver
Croatia,2011,HRV,4280827.0,82302805353.0,47.017,52.983,374.89,0.0,1.781,44.791,11.23,-10.520999999999994,0.47017000000000003,0.52983,0.28689390228970246,0.42021954327158684,52.34114559183123,Mixed Performer
Croatia,2012,HRV,4259233.0,80383800465.0,49.763,50.237,351.94,0.0,3.122,45.79,10.57,-7.774999999999999,0.49763,0.50237,0.26933084363903514,0.43704057630108795,54.68013755354044,Mixed Performer
Croatia,2013,HRV,4242403.0,80064089923.0,66.571,33.429,256.1,0.072,3.73,61.836,13.94,9.033000000000001,0.66571,0.33429000000000003,0.19598689849393905,0.5400004900519455,68.1429348884307,Emerging Improver
Croatia,2014,HRV,4219485.0,79720242860.0,74.013,25.987,226.36,0.298,5.436,67.089,13.43,16.47500000000001,0.7401300000000001,0.25987,0.17322762336231176,0.585587572282662,73.86092300018213,Emerging Improver
Croatia,2015,HRV,4183732.0,81731110395.0,66.904,33.096,274.91,0.534,7.117,56.851,11.24,9.366,0.66904,0.33096,0.2103817191135056,0.5420403312751152,68.01346199128909,Emerging Improver
Croatia,2016,HRV,4136438.0,84640158587.0,66.349,33.651,275.4,0.556,8.016,54.365,12.6,8.811000000000007,0.66349,0.33651000000000003,0.21075670380800782,0.5386405959031658,67.62009134334728,Emerging Improver
Croatia,2017,HRV,4079198.0,87528490789.0,60.493,39.507,255.74,0.68,10.195,45.115,11.77,2.9550000000000054,0.6049300000000001,0.39507,0.19571139953471287,0.5027687934921102,63.944546914013834,Emerging Improver
Croatia,2018,HRV,4024868.0,89979865983.0,72.337,27.663,201.18,0.518,9.911,56.953,13.52,14.799000000000007,0.7233700000000001,0.27663,0.15395800171421575,0.5753209840243066,73.18306471750921,Emerging Improver
Croatia,2019,HRV,3986338.0,93057982684.0,66.008,33.992,242.69,0.632,11.621,46.087,12.65,8.469999999999999,0.66008,0.33992,0.1857245622627648,0.5365517494854455,68.00996218571255,Emerging Improver
Croatia,2020,HRV,3953956.0,85073361985.0,64.626,35.374,226.76,0.756,13.001,42.782,13.23,7.088000000000008,0.6462600000000001,0.35374000000000005,0.17353373331700747,0.5280861021268255,67.3585481989772,Emerging Improver
Croatia,2021,HRV,3924607.0,96194363488.0,69.689,30.311,210.46,0.993,13.633,47.187,15.11,12.150999999999996,0.6968899999999999,0.30311,0.1610597526631566,0.5591002646280505,71.17341015284183,Emerging Improver
Croatia,2022,HRV,3907031.0,102284645672.0,63.475,36.525,244.68,1.064,15.177,38.723,14.1,5.937000000000005,0.63475,0.36525,0.18724745928737604,0.5210354797608547,66.21934571422841,Emerging Improver
Croatia,2023,HRV,3896023.0,,70.126,29.874,194.95,2.351,14.851,46.789,17.44,12.588000000000008,0.7012600000000001,0.29874,0.1491903391698298,0.5617771733803784,71.77249912145993,Emerging Improver
Croatia,2024,HRV,3875325.0,,73.447,26.553,170.7,5.363,17.528,44.016,15.29,15.909000000000006,0.7344700000000001,0.26553,0.13063242316640136,0.5821204547682055,74.53419624236305,Emerging Improver
Croatia,2025,HRV,3848164.0,,76.259,23.741,158.5,8.776,21.429,39.252,14.7,18.721000000000004,0.76259,0.23741,0.12129606954818171,0.5993457806527492,76.7131849710867,Transition Leader
Cuba,2000,CUB,11109112.0,44692111238.0,6.853,93.147,630.74,0.0,0.0,0.599,15.03,0.0,0.06853,0.93147,0.48268948206195667,0.48466749975497403,24.31457544477569,Transition Laggard
Cuba,2001,CUB,11144134.0,47301967982.0,6.536,93.464,632.03,0.0,0.0,0.458,15.3,-0.31700000000000017,0.06536,0.93464,0.48367668666585034,0.4827256689209056,24.070567867167327,Transition Laggard
Cuba,2002,CUB,11177422.0,48976944311.0,6.628,93.372,630.98,0.0,0.0,0.637,15.69,-0.22499999999999964,0.06628,0.93372,0.4828731480347741,0.48328922865823776,24.154309729004215,Transition Laggard
Cuba,2003,CUB,11209379.0,50659542457.0,5.376,94.624,637.57,0.0,0.0,0.822,15.81,-1.4769999999999994,0.05376,0.94624,0.4879163095383862,0.4756199157110654,23.161990997206324,Transition Laggard
Cuba,2004,CUB,11238756.0,51357046933.0,5.627,94.373,637.47,0.0,0.0,0.575,15.64,-1.226,0.05627,0.9437300000000001,0.4878397820497123,0.47715745369009116,23.33756725410856,Transition Laggard
Cuba,2005,CUB,11262553.0,53114045326.0,3.192,96.808,648.86,0.0,0.0,0.456,15.35,-3.6609999999999996,0.031920000000000004,0.96808,0.4965562630096731,0.46224149759874544,21.434915888739354,Transition Laggard
Cuba,2006,CUB,11278550.0,61018245782.0,3.036,96.964,650.27,0.0,0.0,0.546,16.47,-3.8169999999999997,0.03036,0.9696400000000001,0.4976353005999755,0.4612858963050083,21.300005929575736,Transition Laggard
Cuba,2007,CUB,11287274.0,63463487934.0,3.01,96.99,650.2,0.0,0.0,0.681,17.61,-3.843,0.0301,0.9699,0.4975817313579038,0.4611266294227188,21.283356157393186,Transition Laggard
Cuba,2008,CUB,11291764.0,67603097135.0,3.959,96.041,645.93,0.0,0.057,0.792,17.68,-2.8939999999999997,0.03959,0.96041,0.4943140075915268,0.4669398706262864,22.021647869606124,Transition Laggard
Cuba,2009,CUB,11294719.0,70355905283.0,3.892,96.108,645.8,0.0,0.0,0.846,17.73,-2.961,0.03892,0.96108,0.49421452185625075,0.4665294521219249,21.9777787354226,Transition Laggard
Cuba,2010,CUB,11297414.0,74083580619.0,3.276,96.724,648.85,0.0,0.057,0.575,17.4,-3.577,0.03276,0.9672400000000001,0.4965486102608057,0.462756052141527,21.49322552560276,Transition Laggard
Cuba,2011,CUB,11301578.0,78036992000.0,3.211,96.789,648.45,0.0,0.113,0.563,17.75,-3.642,0.03211,0.96789,0.49624250030611,0.4623578849358032,21.455905766384298,Transition Laggard
Cuba,2012,CUB,11303172.0,80388156000.0,3.744,96.256,645.69,0.054,0.109,0.597,18.43,-3.1089999999999995,0.03744,0.96256,0.4941303416187095,0.4656228560227384,21.87748429987334,Transition Laggard
Cuba,2013,CUB,11298163.0,83013750000.0,4.883,95.117,639.48,0.571,0.104,0.675,19.25,-1.9699999999999998,0.04883,0.9511700000000001,0.4893779845720583,0.4725999705968833,22.78434994465179,Transition Laggard
Cuba,2014,CUB,11285780.0,85723464000.0,4.375,95.625,643.34,0.463,0.103,0.515,19.43,-2.4779999999999998,0.043750000000000004,0.95625,0.4923319456348721,0.4694881407429188,22.35902347027198,Transition Laggard
Cuba,2015,CUB,11275069.0,88467246000.0,4.414,95.586,643.94,0.638,0.098,0.245,20.39,-2.439,0.04414,0.95586,0.49279111056691566,0.46972704106635305,22.374527851822403,Transition Laggard
Cuba,2016,CUB,11265615.0,88635596816.0,4.428,95.572,643.31,0.681,0.097,0.292,20.55,-2.425,0.04428,0.95572,0.49230898738826984,0.46981280015681665,22.396267317645503,Transition Laggard
Cuba,2017,CUB,11247824.0,90020495157.0,3.889,96.111,645.6,0.389,0.097,0.389,20.57,-2.964,0.03889,0.96111,0.4940614668789029,0.46651107517396845,21.979529455636953,Transition Laggard
Cuba,2018,CUB,11227116.0,91854653880.0,3.462,96.538,647.12,0.577,0.096,0.673,20.8,-3.3909999999999996,0.034620000000000005,0.96538,0.4952246847067467,0.463895422914829,21.65501422605377,Transition Laggard
Cuba,2019,CUB,11202847.0,91703236400.0,4.3,95.7,641.06,1.014,0.097,0.676,20.7,-2.553,0.043,0.9570000000000001,0.49058711889310636,0.46902871704400667,22.35075278333244,Transition Laggard
Cuba,2020,CUB,11176349.0,81663255167.0,4.729,95.271,638.99,1.156,0.105,0.578,19.03,-2.1239999999999997,0.04729,0.9527100000000001,0.489002999877556,0.4716566206017838,22.687174312087855,Transition Laggard
Cuba,2021,CUB,11122169.0,82687389665.0,4.431,95.569,638.81,1.234,0.112,0.673,17.83,-2.4219999999999997,0.04431,0.95569,0.48886525039794293,0.4698311771047731,22.48443639662302,Transition Laggard
Cuba,2022,CUB,11059822.0,84154971449.0,4.281,95.719,640.26,1.342,0.383,0.767,15.65,-2.572,0.04281,0.95719,0.48997489898371493,0.46891232970694896,22.35291247101136,Transition Laggard
Cuba,2023,CUB,11019932.0,,3.647,96.353,644.38,1.064,0.304,0.608,19.74,-3.206,0.036469999999999995,0.96353,0.49312783151708095,0.4650286680388121,21.835434232655153,Transition Laggard
Cuba,2024,CUB,10979781.0,,4.014,95.986,642.82,1.235,0.36,0.618,19.43,-2.8389999999999995,0.04014,0.95986,0.49193400269376764,0.46727678133882194,22.119201652738138,Transition Laggard
Cyprus,2000,CYP,947667.0,18447964503.0,0.0,100.0,658.75,0.0,,0.0,3.37,0.0,0.0,1.0,0.5041248316395249,0.48466749975497403,19.666891705336486,Transition Laggard
Cyprus,2001,CYP,964129.0,19289559263.0,0.0,100.0,659.16,0.0,,0.0,3.55,0.0,0.0,1.0,0.504438594343088,0.48466749975497403,19.65904763774741,Transition Laggard
Cyprus,2002,CYP,981443.0,20131146271.0,0.0,100.0,656.99,0.0,,0.0,3.79,0.0,0.0,1.0,0.5027779478388638,0.48466749975497403,19.700563800353017,Transition Laggard
Cyprus,2003,CYP,999600.0,20821863547.0,0.0,100.0,656.79,0.0,,0.0,4.05,0.0,0.0,1.0,0.5026248928615158,0.48466749975497403,19.704390174786717,Transition Laggard
Cyprus,2004,CYP,1017875.0,21975893073.0,0.0,100.0,657.14,0.0,0.0,0.0,4.2,0.0,0.0,1.0,0.5028927390718746,0.48466749975497403,19.697694019527745,Transition Laggard
Cyprus,2005,CYP,1036156.0,23006188640.0,0.0,100.0,657.53,0.0,0.0,0.0,4.38,0.0,0.0,1.0,0.5031911962777029,0.48466749975497403,19.69023258938204,Transition Laggard
Cyprus,2006,CYP,1054424.0,24267407225.0,0.0,100.0,658.07,0.0,0.0,0.0,4.65,0.0,0.0,1.0,0.5036044447165422,0.48466749975497403,19.679901378411056,Transition Laggard
Cyprus,2007,CYP,1072727.0,25673703212.0,0.0,100.0,657.08,0.0,0.0,0.0,4.87,0.0,0.0,1.0,0.5028468225786703,0.48466749975497403,19.698841931857853,Transition Laggard
Cyprus,2008,CYP,1091029.0,26913613219.0,0.197,99.803,656.81,0.0,0.0,0.0,5.07,0.197,0.00197,0.99803,0.5026401983592506,0.4858742526707831,19.840308831080485,Transition Laggard
Cyprus,2009,CYP,1109377.0,26682210733.0,0.576,99.424,656.43,0.0,0.0,0.0,5.21,0.576,0.0057599999999999995,0.9942400000000001,0.5023493939022897,0.48819587376261886,20.109803258882035,Transition Laggard
Cyprus,2010,CYP,1127826.0,27285556934.0,1.501,98.499,649.16,0.188,0.563,0.0,5.33,1.501,0.015009999999999999,0.9849899999999999,0.4967858454756949,0.49386209938253456,20.888885353845648,Transition Laggard
Cyprus,2011,CYP,1146493.0,27627899267.0,3.455,96.545,638.21,0.203,2.236,0.0,4.92,3.455,0.034550000000000004,0.96545,0.48840608546589936,0.5058316181515241,22.450322135625377,Transition Laggard
Cyprus,2012,CYP,1165403.0,26675451028.0,5.508,94.492,622.88,0.424,4.025,0.0,4.72,5.508,0.055080000000000004,0.9449200000000001,0.47667442145218564,0.5184075762030775,24.164053106741516,Transition Laggard
Cyprus,2013,CYP,1183899.0,24918237857.0,7.692,92.308,610.72,1.166,5.361,0.0,4.29,7.692,0.07692,0.9230800000000001,0.46736867882943556,0.5317859943153974,25.907772943995067,Transition Laggard
Cyprus,2014,CYP,1201806.0,24475580582.0,7.143,92.857,612.9,1.843,4.147,0.0,4.34,7.143,0.07143,0.92857,0.46903697808252726,0.528423012839361,25.486220740527234,Transition Laggard
Cyprus,2015,CYP,1219504.0,25312505108.0,8.811,91.189,603.52,2.863,4.846,0.0,4.54,8.811,0.08811000000000001,0.91189,0.46185869964491244,0.5386405959031657,26.819741447424672,Transition Laggard
Cyprus,2016,CYP,1237114.0,26976335005.0,8.793,91.207,603.27,3.067,4.703,0.0,4.89,8.793,0.08793,0.9120699999999999,0.4616673809232276,0.5385303342154268,26.812070490150713,Transition Laggard
Cyprus,2017,CYP,1254274.0,28523085691.0,8.6,91.4,606.0,3.4,4.2,0.0,5.0,8.6,0.086,0.914,0.463756581364026,0.537348083896893,26.626306724352744,Transition Laggard
Cyprus,2018,CYP,1270743.0,30134014224.0,9.486,90.514,598.81,3.953,4.348,0.0,5.06,9.486,0.09486000000000001,0.90514,0.45825425492837024,0.5427754091933745,27.37687476469136,Transition Laggard
Cyprus,2019,CYP,1286669.0,31800247242.0,10.097,89.903,596.12,4.272,4.66,0.0,5.15,10.097,0.10097,0.8990300000000001,0.4561956654830415,0.5465181809271783,27.851081076831637,Transition Laggard
Cyprus,2020,CYP,1302250.0,30409793367.0,12.371,87.629,581.44,6.186,4.948,0.0,4.85,12.371,0.12371,0.87629,0.4449614301457084,0.5604479074781927,29.70528285853018,Transition Laggard
Cyprus,2021,CYP,1317311.0,32428676744.0,15.234,84.766,564.45,9.18,4.883,0.0,5.12,15.234,0.15234,0.8476600000000001,0.4319594098200074,0.5779856414779967,32.011199376669765,Transition Laggard
Cyprus,2022,CYP,1331376.0,34255009922.0,16.73,83.27,555.13,11.407,4.183,0.0,5.26,16.73,0.1673,0.8327,0.42482704787559694,0.587149612858963,33.224567995994526,Transition Laggard
Cyprus,2023,CYP,1344981.0,,20.45,79.55,532.83,15.572,3.94,0.0,5.33,20.45,0.2045,0.7955,0.4077614179013102,0.6099370283250025,36.22501997734228,Transition Laggard
Cyprus,2024,CYP,1358287.0,,24.007,75.993,511.23,19.171,3.8,0.0,5.79,24.007,0.24007000000000003,0.75993,0.3912314803477409,0.631725962952073,39.09930243558757,Transition Laggard
Cyprus,2025,CYP,1370754.0,,27.75,72.25,489.0,23.181,3.553,0.0,5.91,27.75,0.2775,0.7225,0.3742194196155259,0.6546542683524453,42.114328534898526,Mixed Performer
Czechia,2000,CZE,10236809.0,174309526192.0,3.128,78.23,767.08,0.0,0.0,2.414,72.9,0.0,0.03128,0.7823000000000001,0.5870270601199952,0.48466749975497403,24.131635993324725,Transition Laggard
Czechia,2001,CZE,10231942.0,181753179328.0,3.463,76.664,751.82,0.0,,2.762,74.22,0.33499999999999996,0.03463,0.76664,0.5753489653483532,0.48671959227678135,24.963119750442893,Transition Laggard
Czechia,2002,CZE,10239474.0,187044887124.0,3.934,71.408,699.34,0.0,0.0,3.276,76.0,0.806,0.03934,0.71408,0.5351873392922738,0.48960477310594924,27.489288114282395,Transition Laggard
Czechia,2003,CZE,10248907.0,196328003846.0,2.259,66.494,651.89,0.0,0.0,1.667,82.79,-0.8690000000000002,0.02259,0.66494,0.4988750459164932,0.4793443104969127,28.885438509541363,Transition Laggard
Czechia,2004,CZE,10261453.0,208725903761.0,3.27,65.306,640.17,0.0,0.012,2.411,83.79,0.1419999999999999,0.0327,0.65306,0.4899060242439084,0.4855373419582476,29.853409523276003,Transition Laggard
Czechia,2005,CZE,10280155.0,225302570264.0,3.82,65.995,646.65,0.0,0.024,2.905,81.93,0.6919999999999997,0.0382,0.65995,0.4948650055099792,0.48890644908360287,29.80022159850456,Transition Laggard
Czechia,2006,CZE,10304592.0,243991794814.0,4.208,64.655,634.11,0.0,0.06,3.048,83.66,1.08,0.04208,0.6465500000000001,0.48526845843026817,0.49128320101930806,30.54658655453291,Transition Laggard
Czechia,2007,CZE,10337539.0,260673045889.0,3.897,66.287,652.27,0.0,0.148,2.381,87.77,0.7689999999999997,0.03897,0.6628700000000001,0.4991658503734541,0.4893781240811526,29.653725601880932,Transition Laggard
Czechia,2008,CZE,10378298.0,271709547503.0,4.467,63.653,627.52,0.012,0.288,2.426,83.28,1.3389999999999995,0.044669999999999994,0.63653,0.48022529692665605,0.49286974419288443,31.037613739726865,Transition Laggard
Czechia,2009,CZE,10420985.0,261919697582.0,5.708,60.963,603.14,0.11,0.355,2.976,81.64,2.58,0.057080000000000006,0.60963,0.4615678951879515,0.5004716749975497,32.72492774526446,Transition Laggard
Czechia,2010,CZE,10464035.0,271231988282.0,6.935,60.209,593.64,0.728,0.399,3.274,85.22,3.8069999999999995,0.06935,0.60209,0.454297783763928,0.5079878467117515,33.637373106578075,Transition Laggard
Czechia,2011,CZE,10495508.0,279082754736.0,8.356,59.003,583.56,2.516,0.462,2.262,86.64,5.228,0.08356,0.59003,0.4465838129055957,0.5166923943938058,34.75964059326719,Transition Laggard
Czechia,2012,CZE,10507339.0,276891945353.0,9.321,55.66,552.78,2.483,0.485,2.46,86.58,6.193,0.09321,0.5566,0.4230286518917595,0.5226036459864746,36.610688392503135,Transition Laggard
Czechia,2013,CZE,10511164.0,276764861619.0,10.825,53.381,527.53,2.363,0.559,3.178,85.91,7.696999999999999,0.10825,0.53381,0.40370546100159177,0.5318166225619916,38.32811281339008,Transition Laggard
Czechia,2014,CZE,10517223.0,283025537919.0,10.791,53.518,530.83,2.495,0.565,2.248,84.98,7.663,0.10791,0.53518,0.40623086812783155,0.5316083504851514,38.21570355408148,Transition Laggard
Czechia,2015,CZE,10524418.0,298276052489.0,11.407,56.055,553.16,2.74,0.691,2.17,82.49,8.279,0.11407,0.56055,0.4233194563487204,0.5353817504655494,37.42643984826523,Transition Laggard
Czechia,2016,CZE,10531946.0,305844147713.0,11.451,59.159,573.9,2.598,0.61,2.439,82.0,8.323,0.11451,0.59159,0.4391912574996939,0.5356512790355777,36.27308774804132,Transition Laggard
Czechia,2017,CZE,10541343.0,321652381589.0,11.229,55.725,542.33,2.565,0.688,2.181,85.76,8.100999999999999,0.11229,0.55725,0.4150315293253337,0.534291384886798,37.63748254016863,Transition Laggard
Czechia,2018,CZE,10548934.0,332009886797.0,10.859,54.687,532.59,2.718,0.702,1.877,86.84,7.731,0.10859,0.54687,0.40757775192849277,0.5320248946388317,37.91982962137016,Transition Laggard
Czechia,2019,CZE,10554872.0,342069373423.0,11.736,52.975,503.5,2.706,0.817,2.345,85.72,8.608,0.11736,0.52975,0.385315905473246,0.5373970890914437,39.29190869954051,Transition Laggard
Czechia,2020,CZE,10550129.0,323245433506.0,12.909,49.588,460.18,2.859,0.874,2.672,80.1,9.781,0.12909,0.49588000000000004,0.3521641973796988,0.5445824757424287,41.48578220164396,Mixed Performer
Czechia,2021,CZE,10530683.0,334729441747.0,12.718,50.55,471.79,2.689,0.717,2.881,83.66,9.59,0.12718000000000002,0.5055,0.36104903881474226,0.5434124767225326,40.93876118046943,Mixed Performer
Czechia,2022,CZE,10673216.0,342966849621.0,12.863,50.09,488.36,3.141,0.764,2.496,83.73,9.735,0.12863,0.5009,0.37372964368801276,0.5443006958737626,40.80081934590612,Mixed Performer
Czechia,2023,CZE,10809722.0,,14.697,45.185,442.61,3.813,0.923,3.113,75.8,11.568999999999999,0.14697,0.45185000000000003,0.338718317619689,0.5555351367244928,43.71276911037516,Mixed Performer
Czechia,2024,CZE,10735857.0,,16.893,42.316,414.23,4.931,0.92,3.653,72.81,13.765,0.16893,0.42316000000000004,0.3169998163340272,0.5689870626286386,45.9433605310789,Mixed Performer
Czechia,2025,CZE,10609241.0,,16.848,40.848,401.46,5.815,0.755,2.265,75.5,13.719999999999999,0.16848,0.40848,0.3072272560303661,0.5687114084092914,46.534789725380215,Mixed Performer
Democratic Republic of Congo,2000,COD,50507445.0,21854113779.0,100.0,0.0,23.57,0.0,0.0,100.0,5.94,0.0,1.0,0.0,0.018037529080445695,0.48466749975497403,91.81907426931346,Transition Leader
Democratic Republic of Congo,2001,COD,52132646.0,21977293171.0,99.831,0.169,25.34,0.0,0.0,99.831,5.92,-0.16899999999999693,0.99831,0.00169,0.019392065629974288,0.48363226502009216,91.66828233455203,Transition Leader
Democratic Republic of Congo,2002,COD,53750529.0,23244764997.0,99.835,0.165,24.75,0.0,0.0,99.835,6.06,-0.16500000000000625,0.99835,0.0016500000000000002,0.01894055344679809,0.4836567676173674,91.68233767809055,Transition Leader
Democratic Republic of Congo,2003,COD,55343873.0,25228484809.0,99.836,0.164,24.55,0.0,0.0,99.836,6.11,-0.16400000000000148,0.99836,0.0016400000000000002,0.01878749846945023,0.48366289326668627,91.68685593726403,Transition Leader
Democratic Republic of Congo,2004,COD,56997740.0,27653538438.0,99.858,0.142,25.64,0.0,0.0,99.858,7.02,-0.1419999999999959,0.99858,0.0014199999999999998,0.01962164809599608,0.4837976575517005,91.6812236608756,Transition Leader
Democratic Republic of Congo,2005,COD,58775726.0,30164653557.0,99.864,0.136,24.56,0.0,0.0,99.864,7.33,-0.13599999999999568,0.9986400000000001,0.00136,0.01879515121831762,0.48383441144761347,91.70603739125625,Transition Leader
Democratic Republic of Congo,2006,COD,60615909.0,32708306949.0,99.333,0.667,28.0,0.0,0.0,99.333,7.5,-0.6670000000000016,0.99333,0.006670000000000001,0.021427696828700868,0.48058169165931586,91.27283295417222,Transition Leader
Democratic Republic of Congo,2007,COD,62477753.0,35814302298.0,98.851,1.149,30.65,0.0,0.0,98.851,7.83,-1.149000000000001,0.98851,0.01149,0.02345567527856006,0.4776291286876409,90.8886450483506,Transition Leader
Democratic Republic of Congo,2008,COD,64390658.0,39245769597.0,98.668,1.332,31.96,0.0,0.0,98.668,7.51,-1.3319999999999936,0.9866800000000001,0.01332,0.024458185380188565,0.47650813486229543,90.73696738842972,Transition Leader
Democratic Republic of Congo,2009,COD,66412038.0,41718890407.0,98.848,1.152,30.73,0.0,0.0,98.848,7.81,-1.152000000000001,0.98848,0.011519999999999999,0.023516897269499206,0.4776107517396844,90.8850388443578,Transition Leader
Democratic Republic of Congo,2010,COD,68563038.0,46223524668.0,98.851,1.149,30.65,0.0,0.0,98.851,7.83,-1.149000000000001,0.98851,0.01149,0.02345567527856006,0.4776291286876409,90.8886450483506,Transition Leader
Democratic Republic of Congo,2011,COD,70849311.0,51169100367.0,98.849,1.151,30.69,0.0,0.0,98.849,7.82,-1.1509999999999962,0.9884900000000001,0.011510000000000001,0.023486286274029634,0.47761687738900327,90.8864960039843,Transition Leader
Democratic Republic of Congo,2012,COD,73254623.0,55604951736.0,99.867,0.133,25.27,0.0,0.0,99.867,7.52,-0.13299999999999557,0.9986700000000001,0.00133,0.019338496387902533,0.48385278839556994,91.69452941623598,Transition Leader
Democratic Republic of Congo,2013,COD,75789397.0,60956372609.0,99.877,0.123,24.51,0.0,0.0,99.877,8.16,-0.12300000000000466,0.9987699999999999,0.00123,0.018756887473980657,0.48391404488875817,91.71598848648185,Transition Leader
Democratic Republic of Congo,2014,COD,78403248.0,65407411596.0,99.886,0.114,25.17,0.0,0.0,99.886,8.74,-0.11400000000000432,0.99886,0.0011400000000000002,0.019261968899228606,0.48396917573262765,91.7095884135087,Transition Leader
Democratic Republic of Congo,2015,COD,81035532.0,69567321729.0,99.887,0.113,24.89,0.0,0.0,99.887,8.84,-0.11299999999999955,0.99887,0.0011300000000000001,0.019047691930941593,0.4839753013819465,91.71563722245565,Transition Leader
Democratic Republic of Congo,2016,COD,83956416.0,69841412960.0,99.889,0.111,24.39,0.0,0.0,99.889,9.02,-0.1110000000000042,0.99889,0.00111,0.018665054487571938,0.48398755268058413,91.72658692801946,Transition Leader
Democratic Republic of Congo,2017,COD,87083400.0,72396212035.0,99.894,0.106,24.42,0.106,0.0,99.682,9.42,-0.10599999999999454,0.99894,0.00106,0.018688012734174118,0.4840181809271783,91.72947239555333,Transition Leader
Democratic Republic of Congo,2018,COD,90047647.0,75889338637.0,99.904,0.096,24.86,0.096,0.0,99.713,10.46,-0.09600000000000364,0.99904,0.00096,0.019024733684339414,0.4840794374203665,91.72797321919701,Transition Leader
Democratic Republic of Congo,2019,COD,92947450.0,79292965259.0,99.915,0.085,24.6,0.085,0.0,99.746,11.79,-0.08499999999999375,0.9991500000000001,0.0008500000000000001,0.018825762213787192,0.4841468195628737,91.74055823809843,Transition Leader
Democratic Republic of Congo,2020,COD,95990000.0,80617953765.0,99.92,0.08,24.82,0.16,0.0,99.68,12.49,-0.0799999999999983,0.9992000000000001,0.0008,0.018994122688869842,0.4841774478094678,91.73980864992028,Transition Leader
Democratic Republic of Congo,2021,COD,99148930.0,85639643645.0,100.0,0.0,25.37,7.4,0.0,92.53,14.19,0.0,1.0,0.0,0.019415023876576468,0.48466749975497403,91.7846368994102,Transition Leader
Democratic Republic of Congo,2022,COD,102396974.0,91314988450.0,100.0,0.0,26.78,13.782,0.0,86.153,15.31,0.0,1.0,0.0,0.020494061466878905,0.48466749975497403,91.75766095965263,Transition Leader
Democratic Republic of Congo,2023,COD,105789733.0,,100.0,0.0,26.87,14.075,0.0,85.861,15.63,0.0,1.0,0.0,0.020562936206685443,0.48466749975497403,91.75593909115747,Transition Leader
Democratic Republic of Congo,2024,COD,109276264.0,,100.0,0.0,27.64,15.766,0.0,84.171,15.92,0.0,1.0,0.0,0.021152197869474716,0.48466749975497403,91.74120754958773,Transition Leader
Denmark,2000,DNK,5339659.0,208333676429.0,15.537,84.463,627.89,0.0,11.827,0.084,35.85,0.0,0.15537,0.84463,0.4805084486347496,0.48466749975497403,29.579501280455865,Transition Laggard
Denmark,2001,DNK,5358825.0,211243390442.0,15.583,84.417,630.79,0.0,11.481,0.08,37.54,0.045999999999999375,0.15583,0.8441700000000001,0.4827277458062936,0.4849492796236401,29.555845549197258,Transition Laggard
Denmark,2002,DNK,5375967.0,213517288371.0,17.366,82.634,618.67,0.0,12.481,0.077,39.1,1.8289999999999988,0.17366,0.8263400000000001,0.4734526141790131,0.4958713123591101,31.021354330911322,Transition Laggard
Denmark,2003,DNK,5390621.0,215549132167.0,17.555,82.445,651.51,0.0,12.095,0.044,45.97,2.017999999999999,0.17555,0.8244499999999999,0.4985842414595323,0.4970290600803685,30.52382986471722,Transition Laggard
Denmark,2004,DNK,5404594.0,222528951750.0,23.683,76.317,581.26,0.0,16.377,0.075,40.24,8.145999999999999,0.23683,0.7631699999999999,0.44482368066609523,0.5345670391061452,36.1077135699398,Transition Laggard
Denmark,2005,DNK,5419550.0,229074701412.0,27.162,72.838,552.66,0.0,18.32,0.055,36.08,11.624999999999998,0.27162,0.7283799999999999,0.4229368189053508,0.5558781730863471,39.061952123661435,Transition Laggard
Denmark,2006,DNK,5437425.0,239411013967.0,20.224,79.776,635.34,0.0,13.424,0.044,45.44,4.686999999999999,0.20224,0.79776,0.48620974654095755,0.5133784181123199,32.67983260816086,Transition Laggard
Denmark,2007,DNK,5461604.0,242913735233.0,26.316,73.684,597.09,0.0,18.319,0.077,39.14,10.778999999999998,0.26316,0.7368399999999999,0.45693798212317865,0.5506958737626189,37.62658855335982,Transition Laggard
Denmark,2008,DNK,5493762.0,243090598807.0,27.686,72.314,577.3,0.0,18.997,0.082,36.48,12.149,0.27686,0.7231399999999999,0.44179319211460755,0.5590880133294129,38.953090397076004,Transition Laggard
Denmark,2009,DNK,5523169.0,232507363099.0,27.779,72.221,582.9,0.0,18.566,0.055,36.25,12.241999999999999,0.27779,0.72221,0.4460787314803477,0.5596576987160639,38.91029719373226,Transition Laggard
Denmark,2010,DNK,5547865.0,238190225279.0,32.077,67.923,540.39,0.026,20.155,0.052,38.75,16.54,0.32077,0.67923,0.4135468960450594,0.5859857394883857,42.6973136911993,Mixed Performer
Denmark,2011,DNK,5570848.0,242757622888.0,40.359,59.641,486.47,0.028,27.827,0.057,35.11,24.822000000000003,0.40359,0.59641,0.37228327415207546,0.6367183671469177,49.45909365340187,Mixed Performer
Denmark,2012,DNK,5591911.0,243307499552.0,48.544,51.456,431.14,0.327,33.595,0.065,30.57,33.007,0.48544,0.51456,0.32994061466878905,0.6868568068215231,56.18073673560311,Mixed Performer
Denmark,2013,DNK,5615333.0,245578374484.0,46.114,53.886,472.41,1.502,32.129,0.029,34.61,30.576999999999998,0.46114,0.53886,0.36152350924452065,0.6719714789767716,53.70988445353856,Mixed Performer
Denmark,2014,DNK,5643795.0,249555233739.0,56.149,43.851,400.75,1.873,40.824,0.062,32.04,40.612,0.56149,0.43851,0.3066839108607812,0.7334423698912085,62.023937776848605,Emerging Improver
Denmark,2015,DNK,5683698.0,255401297489.0,65.775,34.225,313.76,2.085,49.097,0.069,28.78,50.23800000000001,0.6577500000000001,0.34225,0.24011264846332803,0.792407870234245,70.34830184193048,Emerging Improver
Denmark,2016,DNK,5728196.0,263691544304.0,60.493,39.507,360.86,2.434,42.039,0.066,30.4,44.956,0.6049300000000001,0.39507,0.27615709562874985,0.7600521905321964,65.79265546726421,Emerging Improver
Denmark,2017,DNK,5765164.0,271132202845.0,70.55,29.45,282.85,2.427,47.832,0.065,30.9,55.013,0.7055,0.2945,0.21645800171421575,0.8216578457316476,74.24341764311933,Emerging Improver
Denmark,2018,DNK,5793824.0,276526484620.0,68.686,31.314,296.92,3.145,46.011,0.033,30.21,53.14900000000001,0.6868600000000001,0.31314000000000003,0.22722541937063795,0.8102396354013526,72.68455904675434,Emerging Improver
Denmark,2019,DNK,5814618.0,280656364923.0,78.55,21.45,204.29,3.269,54.988,0.068,29.37,63.013,0.7855,0.2145,0.15633800661197503,0.8706630402822699,81.28149543893466,Transition Leader
Denmark,2020,DNK,5831529.0,275058379473.0,82.05,17.95,188.94,4.129,57.138,0.07,28.58,66.51299999999999,0.8205,0.1795,0.1445910371005265,0.8921028128981672,83.99676626595934,Transition Leader
Denmark,2021,DNK,5856774.0,288414406840.0,79.283,20.717,222.97,3.979,48.755,0.061,32.92,63.746,0.79283,0.20717,0.17063334149626547,0.8751531412329707,81.43126358108792,Transition Leader
Denmark,2022,DNK,5902901.0,299429011832.0,80.859,19.141,203.64,6.769,54.096,0.028,35.16,65.32199999999999,0.8085899999999999,0.19141,0.15584057793559447,0.8848071645594433,82.89149302000179,Transition Leader
Denmark,2023,DNK,5948134.0,,86.397,13.603,151.96,10.8,57.215,0.059,33.89,70.86,0.8639700000000001,0.13603,0.11629117178890658,0.9187310104871116,87.71188586258401,Transition Leader
Denmark,2024,DNK,5977417.0,,89.19,10.81,131.77,10.782,58.214,0.057,35.06,73.65299999999999,0.8919,0.1081,0.10084027182563977,0.9358399490345977,90.03059243987795,Transition Leader
Denmark,2025,DNK,6002515.0,,91.171,8.829,114.41,13.363,57.688,0.06,33.3,75.634,0.9117100000000001,0.08829000000000001,0.08755509979184523,0.9479748603351956,91.73334541023182,Transition Leader
Djibouti,2000,DJI,747326.0,1258388183.0,0.0,100.0,666.67,0.0,0.0,0.0,0.18,0.0,0.0,1.0,0.5101858087425003,0.48466749975497403,19.515367277762103,Transition Laggard
Djibouti,2001,DJI,771311.0,1279069473.0,0.0,100.0,684.21,0.0,0.0,0.0,0.19,0.0,0.0,1.0,0.5236087302559079,0.48466749975497403,19.179794239926913,Transition Laggard
Djibouti,2002,DJI,795576.0,1306309835.0,0.0,100.0,650.0,0.0,0.0,0.0,0.2,0.0,0.0,1.0,0.4974286763805559,0.48466749975497403,19.83429558681071,Transition Laggard
Djibouti,2003,DJI,813528.0,1344454879.0,0.0,100.0,650.0,0.0,0.0,0.0,0.2,0.0,0.0,1.0,0.4974286763805559,0.48466749975497403,19.83429558681071,Transition Laggard
Djibouti,2004,DJI,826133.0,1377810002.0,0.0,100.0,636.36,0.0,0.0,0.0,0.22,0.0,0.0,1.0,0.48699032692543165,0.48466749975497403,20.09525432318882,Transition Laggard
Djibouti,2005,DJI,839174.0,1416452247.0,0.0,100.0,666.67,0.0,0.0,0.0,0.3,0.0,0.0,1.0,0.5101858087425003,0.48466749975497403,19.515367277762103,Transition Laggard
Djibouti,2006,DJI,855767.0,1590366862.0,0.0,100.0,645.16,0.0,0.0,0.0,0.31,0.0,0.0,1.0,0.4937247459287376,0.48466749975497403,19.926893848106168,Transition Laggard
Djibouti,2007,DJI,874530.0,1662836538.0,0.0,100.0,656.25,0.0,0.0,0.0,0.32,0.0,0.0,1.0,0.5022116444226766,0.48466749975497403,19.714721385757695,Transition Laggard
Djibouti,2008,DJI,892739.0,1746582380.0,0.0,100.0,647.06,0.0,0.0,0.0,0.34,0.0,0.0,1.0,0.4951787682135423,0.48466749975497403,19.890543290986056,Transition Laggard
Djibouti,2009,DJI,911524.0,1828090863.0,0.0,100.0,657.14,0.0,0.0,0.0,0.35,0.0,0.0,1.0,0.5028927390718746,0.48466749975497403,19.697694019527745,Transition Laggard
Djibouti,2010,DJI,930252.0,1885010108.0,0.0,100.0,657.9,0.0,0.0,0.0,0.38,0.0,0.0,1.0,0.5034743479857965,0.48466749975497403,19.683153796679697,Transition Laggard
Djibouti,2011,DJI,948565.0,1960630000.0,0.0,100.0,666.67,0.0,0.0,0.0,0.39,0.0,0.0,1.0,0.5101858087425003,0.48466749975497403,19.515367277762103,Transition Laggard
Djibouti,2012,DJI,966754.0,2054196000.0,0.0,100.0,666.67,0.0,0.0,0.0,0.39,0.0,0.0,1.0,0.5101858087425003,0.48466749975497403,19.515367277762103,Transition Laggard
Djibouti,2013,DJI,984833.0,2157408000.0,0.0,100.0,651.16,0.0,0.0,0.0,0.43,0.0,0.0,1.0,0.4983163952491735,0.48466749975497403,19.812102615095274,Transition Laggard
Djibouti,2014,DJI,1002720.0,2286630000.0,0.0,100.0,700.0,0.0,0.0,0.0,0.1,0.0,0.0,1.0,0.5356924207175218,0.48466749975497403,18.877701978386565,Transition Laggard
Djibouti,2015,DJI,1020316.0,2435148000.0,0.0,100.0,666.67,0.0,0.0,0.0,0.18,0.0,0.0,1.0,0.5101858087425003,0.48466749975497403,19.515367277762103,Transition Laggard
Djibouti,2016,DJI,1037660.0,2612607480.0,0.0,100.0,666.67,0.0,0.0,0.0,0.09,0.0,0.0,1.0,0.5101858087425003,0.48466749975497403,19.515367277762103,Transition Laggard
Djibouti,2017,DJI,1054844.0,2767106002.0,0.0,100.0,666.67,0.0,0.0,0.0,0.06,0.0,0.0,1.0,0.5101858087425003,0.48466749975497403,19.515367277762103,Transition Laggard
Djibouti,2018,DJI,1071886.0,2924431711.0,0.0,100.0,600.0,0.0,0.0,0.0,0.05,0.0,0.0,1.0,0.45916493204359005,0.48466749975497403,20.79088919523486,Transition Laggard
Djibouti,2019,DJI,1088710.0,3086593147.0,0.0,100.0,666.67,0.0,0.0,0.0,0.09,0.0,0.0,1.0,0.5101858087425003,0.48466749975497403,19.515367277762103,Transition Laggard
Djibouti,2020,DJI,1105193.0,3123694253.0,0.0,100.0,692.31,0.0,0.0,0.0,0.13,0.0,0.0,1.0,0.5298074568384964,0.48466749975497403,19.0248260753622,Transition Laggard
Djibouti,2021,DJI,1121251.0,3274020536.0,35.0,65.0,450.0,0.0,35.0,0.0,0.2,35.0,0.35000000000000003,0.65,0.34437369903269255,0.6990652259139469,47.87663591289189,Mixed Performer
Djibouti,2022,DJI,1137101.0,3395681646.0,35.0,65.0,450.0,0.0,35.0,0.0,0.2,35.0,0.35000000000000003,0.65,0.34437369903269255,0.6990652259139469,47.87663591289189,Mixed Performer
Djibouti,2023,DJI,1152951.0,,35.0,65.0,450.0,0.0,35.0,0.0,0.2,35.0,0.35000000000000003,0.65,0.34437369903269255,0.6990652259139469,47.87663591289189,Mixed Performer
Djibouti,2024,DJI,1168726.0,,35.0,65.0,450.0,0.0,35.0,0.0,0.2,35.0,0.35000000000000003,0.65,0.34437369903269255,0.6990652259139469,47.87663591289189,Mixed Performer
Dominica,2000,DMA,68527.0,404483810.0,37.5,62.5,375.0,0.0,0.0,37.5,0.08,0.0,0.375,0.625,0.28697808252724377,0.48466749975497403,47.59556043314351,Mixed Performer
Dominica,2001,DMA,68299.0,411786964.0,37.5,62.5,375.0,0.0,0.0,37.5,0.08,0.0,0.375,0.625,0.28697808252724377,0.48466749975497403,47.59556043314351,Mixed Performer
Dominica,2002,DMA,68385.0,415539000.0,42.857,57.143,428.57,0.0,0.0,42.857,0.07,5.356999999999999,0.42857,0.57143,0.32797385820986896,0.5174826031559345,50.27709259209229,Mixed Performer
Dominica,2003,DMA,68552.0,455180800.0,37.5,62.5,375.0,0.0,0.0,37.5,0.08,0.0,0.375,0.625,0.28697808252724377,0.48466749975497403,47.59556043314351,Mixed Performer
Dominica,2004,DMA,68664.0,475394414.0,27.273,72.727,454.55,0.0,0.0,27.273,0.11,-10.227,0.27273000000000003,0.7272700000000001,0.3478556997673565,0.42202048417132215,38.99771476838592,Transition Laggard
Dominica,2005,DMA,68750.0,482222496.0,25.0,75.0,500.0,0.0,0.0,25.0,0.12,-12.5,0.25,0.75,0.3826374433696584,0.40809688326962656,36.55551716480293,Transition Laggard
Dominica,2006,DMA,68823.0,513632250.0,25.0,75.0,500.0,0.0,0.0,25.0,0.12,-12.5,0.25,0.75,0.3826374433696584,0.40809688326962656,36.55551716480293,Transition Laggard
Dominica,2007,DMA,68862.0,554311687.0,16.667,83.333,583.33,0.0,0.0,16.667,0.12,-20.833,0.16667,0.83333,0.4464077996816457,0.3570518474958346,29.19578272039638,Transition Laggard
Dominica,2008,DMA,68866.0,617146562.0,15.385,84.615,538.46,0.0,0.0,15.385,0.13,-22.115000000000002,0.15385000000000001,0.84615,0.4120699155136525,0.3491987650690973,29.167233588195145,Transition Laggard
Dominica,2009,DMA,68879.0,621365663.0,15.385,84.615,538.46,0.0,0.0,15.385,0.13,-22.115000000000002,0.15385000000000001,0.84615,0.4120699155136525,0.3491987650690973,29.167233588195145,Transition Laggard
Dominica,2010,DMA,68872.0,640098860.0,14.286,85.714,571.43,0.0,0.0,14.286,0.14,-23.214,0.14286,0.85714,0.43730102852944774,0.34246667646770557,27.776074433779392,Transition Laggard
Dominica,2011,DMA,69073.0,652912000.0,26.667,73.333,466.67,0.0,0.0,26.667,0.15,-10.832999999999998,0.26667,0.73333,0.35713083139463697,0.4183083406841125,38.346554325395765,Transition Laggard
Dominica,2012,DMA,69138.0,644079000.0,20.0,80.0,533.33,0.0,0.0,20.0,0.15,-17.5,0.2,0.8,0.40814405534467985,0.3774686366754876,32.45842816651532,Transition Laggard
Dominica,2013,DMA,69733.0,667585000.0,26.667,73.333,466.67,0.0,0.0,26.667,0.15,-10.832999999999998,0.26667,0.73333,0.35713083139463697,0.4183083406841125,38.346554325395765,Transition Laggard
Dominica,2014,DMA,70387.0,694011000.0,20.0,80.0,533.33,0.0,0.0,20.0,0.15,-17.5,0.2,0.8,0.40814405534467985,0.3774686366754876,32.45842816651532,Transition Laggard
Dominica,2015,DMA,70429.0,689606000.0,13.333,86.667,600.0,0.0,0.0,13.333,0.15,-24.167,0.13333,0.86667,0.45916493204359005,0.33662893266686267,26.57011068891319,Transition Laggard
Dominica,2016,DMA,69627.0,707976572.0,25.0,75.0,500.0,0.0,0.0,25.0,0.16,-12.5,0.25,0.75,0.3826374433696584,0.40809688326962656,36.55551716480293,Transition Laggard
Dominica,2017,DMA,68514.0,656048862.0,23.077,76.923,538.46,0.0,0.0,23.077,0.13,-14.422999999999998,0.23077000000000003,0.7692300000000001,0.4120699155136525,0.39631725962952075,34.489211006601494,Transition Laggard
Dominica,2018,DMA,68195.0,677586340.0,18.182,81.818,545.46,0.0,0.0,18.182,0.11,-19.318,0.18181999999999998,0.81818,0.4174268397208278,0.36633220621385865,30.96851210018718,Transition Laggard
Dominica,2019,DMA,67901.0,714870398.0,14.286,85.714,571.43,0.0,0.0,14.286,0.14,-23.214,0.14286,0.85714,0.43730102852944774,0.34246667646770557,27.776074433779392,Transition Laggard
Dominica,2020,DMA,67588.0,600082697.0,14.286,85.714,571.43,0.0,0.0,14.286,0.14,-23.214,0.14286,0.85714,0.43730102852944774,0.34246667646770557,27.776074433779392,Transition Laggard
Dominica,2021,DMA,67222.0,637252112.0,14.286,85.714,571.43,0.0,0.0,14.286,0.14,-23.214,0.14286,0.85714,0.43730102852944774,0.34246667646770557,27.776074433779392,Transition Laggard
Dominica,2022,DMA,66847.0,675098029.0,13.333,86.667,600.0,0.0,0.0,13.333,0.15,-24.167,0.13333,0.86667,0.45916493204359005,0.33662893266686267,26.57011068891319,Transition Laggard
Dominica,2023,DMA,66531.0,,13.333,86.667,600.0,0.0,0.0,13.333,0.15,-24.167,0.13333,0.86667,0.45916493204359005,0.33662893266686267,26.57011068891319,Transition Laggard
Dominican Republic,2000,DOM,8584196.0,56344968399.0,6.995,93.005,615.68,0.0,0.0,5.765,13.01,0.0,0.06995,0.9300499999999999,0.4711644422676625,0.48466749975497403,24.68790143963305,Transition Laggard
Dominican Republic,2001,DOM,8720287.0,58288496906.0,6.698,93.302,619.94,0.0,0.0,5.452,12.84,-0.2969999999999997,0.06698000000000001,0.9330200000000001,0.4744245132851721,0.4828481819072822,24.40090989647993,Transition Laggard
Dominican Republic,2002,DOM,8852231.0,62671030582.0,7.482,92.518,621.58,0.0,0.0,6.259,13.9,0.4870000000000001,0.07482,0.92518,0.4756795640994245,0.48765069097324315,24.911971262113035,Transition Laggard
Dominican Republic,2003,DOM,8980626.0,63562914579.0,9.591,90.409,612.13,0.0,0.0,8.392,14.18,2.595999999999999,0.09591,0.9040900000000001,0.468447716419738,0.500569685386651,26.551952370306314,Transition Laggard
Dominican Republic,2004,DOM,9104889.0,65495459116.0,14.476,85.524,584.03,0.0,0.0,13.311,12.02,7.481000000000001,0.14476,0.85524,0.44694349210236317,0.5304934823091247,30.469414932077786,Transition Laggard
Dominican Republic,2005,DOM,9225035.0,72784646192.0,15.442,84.558,574.96,0.0,0.0,14.318,13.34,8.447,0.15442,0.8455800000000001,0.4400024488796376,0.5364108595511125,31.31130167127575,Transition Laggard
Dominican Republic,2006,DOM,9341187.0,81940402491.0,13.536,86.464,588.24,0.0,0.0,12.403,14.11,6.5409999999999995,0.13536,0.86464,0.45016529937553573,0.5247353719494267,29.738498094853007,Transition Laggard
Dominican Republic,2007,DOM,9455663.0,90412078042.0,12.766,87.234,588.2,0.0,0.0,11.668,14.57,5.771,0.12766,0.87234,0.45013468838006615,0.5200186219739292,29.206512120107288,Transition Laggard
Dominican Republic,2008,DOM,9573135.0,94906712345.0,10.541,89.459,601.64,0.0,0.0,9.446,14.61,3.5460000000000003,0.10541,0.89459,0.4604199828578425,0.5063890522395373,27.409936212146995,Transition Laggard
Dominican Republic,2009,DOM,9695270.0,97411530204.0,11.782,88.218,593.46,0.0,0.0,10.618,13.75,4.787,0.11782000000000001,0.8821800000000001,0.45416003428431495,0.5139909830442027,28.42506388855516,Transition Laggard
Dominican Republic,2010,DOM,9820180.0,107260793439.0,10.758,89.242,587.96,0.0,0.0,9.675,14.78,3.762999999999999,0.10758,0.8924200000000001,0.4499510224072487,0.507718318141723,27.82179921194462,Transition Laggard
Dominican Republic,2011,DOM,9945623.0,112433265383.0,10.787,89.213,590.1,0.0,0.063,9.708,15.76,3.7920000000000007,0.10787000000000001,0.89213,0.45158871066487083,0.5078959619719691,27.800921662957766,Transition Laggard
Dominican Republic,2012,DOM,10070409.0,115488083453.0,12.13,87.87,582.25,0.0,0.592,10.533,16.9,5.135000000000001,0.1213,0.8787,0.4455813028039672,0.5161227090071547,28.880308065008137,Transition Laggard
Dominican Republic,2013,DOM,10193838.0,121118130894.0,13.036,86.964,571.67,0.056,1.354,10.609,17.72,6.0409999999999995,0.13036,0.86964,0.4374846945022652,0.5216725472900128,29.70957084679356,Transition Laggard
Dominican Republic,2014,DOM,10315523.0,129656952614.0,10.127,89.873,593.75,0.116,1.389,7.639,17.28,3.1320000000000006,0.10127000000000001,0.89873,0.45438196400146935,0.5038530334215426,27.274446401286408,Transition Laggard
Dominican Republic,2015,DOM,10434826.0,138638287562.0,7.889,92.111,606.11,0.167,1.611,5.167,18.0,0.8940000000000001,0.07889,0.9211100000000001,0.4638407616015673,0.4901438302460061,25.4895384136509,Transition Laggard
Dominican Republic,2016,DOM,10551430.0,147870212847.0,11.076,88.924,589.99,0.426,1.704,7.987,18.78,4.081,0.11076000000000001,0.88924,0.4515045304273295,0.5096662746251103,28.002980858693416,Transition Laggard
Dominican Republic,2017,DOM,10666846.0,154771313809.0,15.833,84.167,550.52,0.729,2.031,11.302,19.2,8.838000000000001,0.15833,0.84167,0.42129913064772867,0.5388059884347741,32.04941156032839,Transition Laggard
Dominican Republic,2018,DOM,10782048.0,165578989651.0,13.776,86.224,566.33,1.173,2.551,8.98,19.6,6.781,0.13776,0.86224,0.43339812660707727,0.5262055277859453,30.323729751612248,Transition Laggard
Dominican Republic,2019,DOM,10894043.0,173944046167.0,12.547,87.453,582.71,1.739,3.712,6.109,21.28,5.5520000000000005,0.12547,0.87453,0.4459333292518673,0.5186771047731059,29.160023340299908,Transition Laggard
Dominican Republic,2020,DOM,11008298.0,162255006875.0,16.162,83.838,581.32,3.079,5.49,6.619,19.49,9.166999999999998,0.16161999999999999,0.8383799999999999,0.4448695971592997,0.5408213270606684,31.687779976927533,Transition Laggard
Dominican Republic,2021,DOM,11123480.0,182166940060.0,17.779,82.221,558.56,3.966,5.693,7.0,21.43,10.783999999999999,0.17779,0.8222100000000001,0.42745194073711273,0.5507265020092129,33.24199901171037,Transition Laggard
Dominican Republic,2022,DOM,11230734.0,191182362267.0,18.448,81.552,580.06,5.593,5.277,6.631,22.17,11.453,0.18448,0.8155200000000001,0.44390535080200805,0.5548245614035088,33.29353465100242,Transition Laggard
Dominican Republic,2023,DOM,11331269.0,,17.264,82.736,579.4,5.537,4.886,5.985,24.56,10.268999999999998,0.17264,0.8273600000000001,0.44340026937676014,0.5475717926100166,32.486970154731246,Transition Laggard
Dominican Republic,2024,DOM,11427558.0,,18.851,81.149,567.62,6.45,5.41,6.117,24.03,11.855999999999998,0.18850999999999998,0.81149,0.434385331210971,0.5572931980789964,33.81036469091067,Transition Laggard
Dominican Republic,2025,DOM,11520483.0,,23.81,76.19,537.48,9.921,6.261,6.746,22.68,16.814999999999998,0.23809999999999998,0.7619,0.411319946124648,0.5876702930510634,37.818055742649754,Transition Laggard
East Timor,2003,TLS,916876.0,,0.0,100.0,666.67,0.0,0.0,0.0,0.06,0.0,0.0,1.0,0.5101858087425003,0.48466749975497403,19.515367277762103,Transition Laggard
East Timor,2004,TLS,929081.0,,0.0,100.0,714.29,0.0,0.0,0.0,0.07,0.0,0.0,1.0,0.5466281988490266,0.48466749975497403,18.604307525098946,Transition Laggard
East Timor,2005,TLS,948310.0,,0.0,100.0,714.29,0.0,0.0,0.0,0.07,0.0,0.0,1.0,0.5466281988490266,0.48466749975497403,18.604307525098946,Transition Laggard
East Timor,2006,TLS,976610.0,,0.0,100.0,714.29,0.0,0.0,0.0,0.07,0.0,0.0,1.0,0.5466281988490266,0.48466749975497403,18.604307525098946,Transition Laggard
East Timor,2007,TLS,1004898.0,,0.0,100.0,666.67,0.0,0.0,0.0,0.09,0.0,0.0,1.0,0.5101858087425003,0.48466749975497403,19.515367277762103,Transition Laggard
East Timor,2008,TLS,1032431.0,,0.0,100.0,636.36,0.0,0.0,0.0,0.11,0.0,0.0,1.0,0.48699032692543165,0.48466749975497403,20.09525432318882,Transition Laggard
East Timor,2009,TLS,1058783.0,,0.0,100.0,692.31,0.0,0.0,0.0,0.13,0.0,0.0,1.0,0.5298074568384964,0.48466749975497403,19.0248260753622,Transition Laggard
East Timor,2010,TLS,1084688.0,,0.0,100.0,642.86,0.0,0.0,0.0,0.14,0.0,0.0,1.0,0.4919646136892372,0.48466749975497403,19.970897154093677,Transition Laggard
East Timor,2011,TLS,1110212.0,,0.0,100.0,642.86,0.0,0.0,0.0,0.14,0.0,0.0,1.0,0.4919646136892372,0.48466749975497403,19.970897154093677,Transition Laggard
East Timor,2012,TLS,1134891.0,,0.0,100.0,692.31,0.0,0.0,0.0,0.13,0.0,0.0,1.0,0.5298074568384964,0.48466749975497403,19.0248260753622,Transition Laggard
East Timor,2013,TLS,1158697.0,,0.0,100.0,655.17,0.0,0.0,0.0,0.29,0.0,0.0,1.0,0.5013851475449982,0.48466749975497403,19.735383807699655,Transition Laggard
East Timor,2014,TLS,1181913.0,,0.0,100.0,657.14,0.0,0.0,0.0,0.35,0.0,0.0,1.0,0.5028927390718746,0.48466749975497403,19.697694019527745,Transition Laggard
East Timor,2015,TLS,1205133.0,,0.0,100.0,657.14,0.0,0.0,0.0,0.35,0.0,0.0,1.0,0.5028927390718746,0.48466749975497403,19.697694019527745,Transition Laggard
East Timor,2016,TLS,1228314.0,,0.0,100.0,658.54,0.0,0.0,0.0,0.41,0.0,0.0,1.0,0.5039641239133097,0.48466749975497403,19.67090939849187,Transition Laggard
East Timor,2017,TLS,1251711.0,,0.0,100.0,651.16,0.0,0.0,0.0,0.43,0.0,0.0,1.0,0.4983163952491735,0.48466749975497403,19.812102615095274,Transition Laggard
East Timor,2018,TLS,1275962.0,,0.0,100.0,666.67,0.0,0.0,0.0,0.45,0.0,0.0,1.0,0.5101858087425003,0.48466749975497403,19.515367277762103,Transition Laggard
East Timor,2019,TLS,1300946.0,,0.0,100.0,653.85,0.0,0.0,0.0,0.52,0.0,0.0,1.0,0.5003749846945023,0.48466749975497403,19.760637878962054,Transition Laggard
East Timor,2020,TLS,1326051.0,,0.0,100.0,660.0,0.0,0.0,0.0,0.5,0.0,0.0,1.0,0.5050814252479491,0.48466749975497403,19.64297686512588,Transition Laggard
East Timor,2021,TLS,1350142.0,,0.0,100.0,666.67,0.0,0.0,0.0,0.51,0.0,0.0,1.0,0.5101858087425003,0.48466749975497403,19.515367277762103,Transition Laggard
East Timor,2022,TLS,1369299.0,,0.0,100.0,666.67,0.0,0.0,0.0,0.51,0.0,0.0,1.0,0.5101858087425003,0.48466749975497403,19.515367277762103,Transition Laggard
East Timor,2023,TLS,1384292.0,,0.0,100.0,666.67,0.0,0.0,0.0,0.51,0.0,0.0,1.0,0.5101858087425003,0.48466749975497403,19.515367277762103,Transition Laggard
East Timor,2024,TLS,1400638.0,,0.0,100.0,666.67,0.0,0.0,0.0,0.51,0.0,0.0,1.0,0.5101858087425003,0.48466749975497403,19.515367277762103,Transition Laggard
Ecuador,2000,ECU,12689215.0,85978888021.0,71.51,28.49,204.18,0.0,0.0,71.51,10.53,0.0,0.7151000000000001,0.2849,0.1562538263744337,0.48466749975497403,71.26966683696378,Emerging Improver
Ecuador,2001,ECU,12910736.0,90060703680.0,63.752,36.248,254.1,0.0,0.0,63.752,10.98,-7.758000000000003,0.6375200000000001,0.36247999999999997,0.1944563487204604,0.43714471233950797,64.94696196708112,Emerging Improver
Ecuador,2002,ECU,13138473.0,94404507340.0,63.082,36.918,262.49,0.0,0.0,63.082,11.81,-8.428000000000004,0.63082,0.36918,0.20087700502020325,0.4330405272958933,64.32288278393332,Emerging Improver
Ecuador,2003,ECU,13372304.0,97642542688.0,61.934,38.066,274.39,0.0,0.0,61.934,11.48,-9.576000000000008,0.61934,0.38066000000000005,0.20998377617240113,0.426008281877879,63.300929823858155,Emerging Improver
Ecuador,2004,ECU,13608700.0,106393261231.0,57.344,42.656,303.91,0.0,0.0,57.344,12.8,-14.166000000000004,0.5734400000000001,0.42656,0.23257469082894577,0.39789155150445943,59.560406001843255,Mixed Performer
Ecuador,2005,ECU,13846162.0,112798230080.0,54.035,45.965,327.53,0.0,0.0,53.877,12.64,-17.47500000000001,0.54035,0.45965000000000006,0.2506504836537284,0.37762177790845824,56.81906457728366,Mixed Performer
Ecuador,2006,ECU,14086138.0,118581678982.0,50.284,49.716,352.27,0.0,0.0,50.142,14.08,-21.226000000000006,0.50284,0.49716000000000005,0.2695833843516591,0.35464446731353516,53.75048240091155,Mixed Performer
Ecuador,2007,ECU,14328783.0,122016284055.0,52.0,48.0,340.29,0.0,0.0,51.884,17.25,-19.510000000000005,0.52,0.48,0.26041539120852214,0.3651560815446437,55.166956442956604,Mixed Performer
Ecuador,2008,ECU,14575201.0,130654762337.0,60.573,39.427,283.94,0.0,0.0,60.465,18.49,-10.937000000000005,0.60573,0.39427,0.2172921513407616,0.4176712731549544,62.17656531380528,Emerging Improver
Ecuador,2009,ECU,14825960.0,132310294703.0,50.385,49.615,349.67,0.0,0.0,50.275,18.16,-21.125000000000007,0.50385,0.49615000000000004,0.2675936696461369,0.3552631578947368,53.87010562726763,Mixed Performer
Ecuador,2010,ECU,15076697.0,137913290159.0,44.13,55.87,389.8,0.0,0.0,44.027,19.42,-27.380000000000003,0.4413,0.5587,0.29830415085098566,0.31694722140546894,48.77460454980739,Mixed Performer
Ecuador,2011,ECU,15326232.0,149795272280.0,53.989,46.011,325.5,0.0,0.0,53.94,20.43,-17.521000000000008,0.53989,0.46011,0.2490969756336476,0.3773399980397922,56.826075579755695,Mixed Performer
Ecuador,2012,ECU,15572195.0,158246726051.0,53.41,46.59,329.96,0.0,0.0,53.322,22.73,-18.10000000000001,0.5341,0.46590000000000004,0.25251010162850496,0.37379324708419087,56.340146165550244,Mixed Performer
Ecuador,2013,ECU,15807132.0,166075183974.0,47.625,52.375,368.74,0.0,0.259,47.193,23.16,-23.885000000000005,0.47625,0.52375,0.2821874617362557,0.3383563657747721,51.595658943215184,Mixed Performer
Ecuador,2014,ECU,16035127.0,172367775440.0,47.54,52.46,369.16,0.083,0.331,46.879,24.19,-23.970000000000006,0.4754,0.5246000000000001,0.2825088771886862,0.33783568558267174,51.528813354022915,Mixed Performer
Ecuador,2015,ECU,16266229.0,172538423301.0,51.103,48.897,345.72,0.155,0.387,50.213,25.83,-20.407000000000004,0.51103,0.48897,0.2645708338435166,0.3596613741056552,54.4424497654969,Mixed Performer
Ecuador,2016,ECU,16505142.0,170423090933.0,59.978,40.022,288.66,0.147,0.295,57.732,27.16,-11.532000000000004,0.59978,0.40022,0.2209042488061712,0.41402651181025185,61.674591456999494,Emerging Improver
Ecuador,2017,ECU,16759515.0,174458721084.0,73.518,26.482,201.22,0.144,0.252,71.47,27.83,2.0079999999999956,0.7351800000000001,0.26482,0.1539886127096853,0.49696780358718023,72.71560173606557,Emerging Improver
Ecuador,2018,ECU,17049542.0,176707497535.0,71.912,28.088,210.06,0.137,0.274,70.031,29.23,0.402000000000001,0.7191200000000001,0.28088,0.16075364270846088,0.4871300107811428,71.43530909400562,Emerging Improver
Ecuador,2019,ECU,17340017.0,176728682555.0,77.781,22.219,171.96,0.123,0.277,75.994,32.45,6.271000000000001,0.7778100000000001,0.22219000000000003,0.13159666952369292,0.5230814466333431,76.22490496140783,Transition Leader
Ecuador,2020,ECU,17546058.0,162965075602.0,79.642,20.358,159.48,0.128,0.256,77.756,31.29,8.13199999999999,0.79642,0.20358,0.12204603893718623,0.5344812800156816,77.75126822680556,Transition Leader
Ecuador,2021,ECU,17682454.0,169866634253.0,81.196,18.804,149.13,0.125,0.187,79.608,32.12,9.685999999999993,0.81196,0.18803999999999998,0.11412544385943431,0.5440005390571401,79.02447198937124,Transition Leader
Ecuador,2022,ECU,17823900.0,175028884708.0,76.013,23.987,181.19,0.121,0.181,74.531,33.06,4.503,0.7601300000000001,0.23987,0.1386601567282968,0.5122512986376556,74.82506556135742,Emerging Improver
Ecuador,2023,ECU,17980079.0,,73.618,26.382,195.42,0.112,0.586,71.831,35.82,2.10799999999999,0.73618,0.26382,0.1495500183665973,0.49758036851906295,72.89575506862101,Emerging Improver
Ecuador,2024,ECU,18135478.0,,72.443,27.557,203.61,0.122,0.704,70.423,32.66,0.9329999999999927,0.72443,0.27557,0.1558176196889923,0.4903827305694403,71.92610046631678,Emerging Improver
Ecuador,2025,ECU,18289898.0,,79.399,20.601,159.02,0.109,0.519,77.896,36.6,7.888999999999996,0.79399,0.20601,0.12169401248928616,0.5329927472312065,77.59194089623594,Transition Leader
Egypt,2000,EGY,73083287.0,444250275939.0,19.449,80.551,525.64,0.0,0.109,19.34,73.32,0.0,0.19449000000000002,0.8055100000000001,0.4022590914656545,0.48466749975497403,33.88293520968324,Transition Laggard
Egypt,2001,EGY,74652035.0,475679003242.0,18.077,81.923,533.76,0.0,0.223,17.854,80.71,-1.3719999999999999,0.18077000000000001,0.81923,0.4084731235459777,0.4762631088895423,32.77831854469369,Transition Laggard
Egypt,2002,EGY,76239140.0,501912285229.0,16.468,83.532,542.97,0.0,0.244,16.224,86.23,-2.9810000000000016,0.16468,0.83532,0.41552130525284686,0.46640693913554837,31.488871455712054,Transition Laggard
Egypt,2003,EGY,77853548.0,528750466385.0,14.351,85.649,556.03,0.0,0.315,14.036,92.19,-5.098000000000001,0.14351,0.85649,0.4255157952736623,0.4534389395275899,29.77428921107229,Transition Laggard
Egypt,2004,EGY,79477441.0,561597926809.0,13.567,86.433,559.9,0.0,0.509,13.059,98.25,-5.8820000000000014,0.13567,0.86433,0.42847740908534343,0.44863643046162893,29.15781122979085,Transition Laggard
Egypt,2005,EGY,81101012.0,600297394092.0,12.531,87.469,566.99,0.0,0.486,12.045,104.94,-6.918000000000001,0.12531,0.87469,0.43390320803232524,0.44229025776732334,28.305373665701715,Transition Laggard
Egypt,2006,EGY,82700404.0,650403845291.0,11.992,88.008,570.21,0.0,0.546,11.445,111.66,-7.457000000000001,0.11992000000000001,0.88008,0.43636739316762585,0.43898853278447514,27.87084316257648,Transition Laggard
Egypt,2007,EGY,84276224.0,713462332878.0,12.414,87.586,567.58,0.0,0.551,11.864,119.86,-7.035000000000002,0.12414,0.87586,0.4343547202155014,0.4415735567970205,28.213135346567775,Transition Laggard
Egypt,2008,EGY,85864791.0,775303694329.0,12.446,87.554,567.39,0.0,0.722,11.724,128.8,-7.003000000000002,0.12446,0.87554,0.43420931798702095,0.44176957757522295,28.23891071395282,Transition Laggard
Egypt,2009,EGY,87501635.0,831415021492.0,11.03,88.97,576.45,0.0,0.775,10.255,134.27,-8.419000000000002,0.1103,0.8897,0.44114270846087916,0.4330956581397628,27.085867160574463,Transition Laggard
Egypt,2010,EGY,89196073.0,898751418203.0,9.963,90.037,582.7,0.021,0.976,8.966,144.43,-9.486000000000002,0.09963,0.9003700000000001,0.4459256765029999,0.42655959031657353,26.228051942173604,Transition Laggard
Egypt,2011,EGY,91093066.0,923052843843.0,9.842,90.158,583.18,0.16,0.996,8.685,149.56,-9.607000000000001,0.09842000000000001,0.90158,0.44629300844863473,0.4258183867489954,26.135150590019062,Transition Laggard
Egypt,2012,EGY,93161000.0,950287307199.0,9.132,90.868,587.88,0.307,0.823,8.002,162.84,-10.317000000000002,0.09132,0.9086799999999999,0.44988980041630955,0.42146917573262765,25.553992625581678,Transition Laggard
Egypt,2013,EGY,95333551.0,984556585202.0,8.996,91.004,589.17,0.018,0.957,8.02,165.08,-10.453000000000001,0.08996000000000001,0.9100400000000001,0.4508770050202032,0.42063608742526704,25.43521618587392,Transition Laggard
Egypt,2014,EGY,97528655.0,1035721838706.0,8.619,91.381,591.86,0.082,0.601,7.936,171.24,-10.830000000000002,0.08619,0.91381,0.45293559446553205,0.41832671763206897,25.122910902842733,Transition Laggard
Egypt,2015,EGY,99597334.0,1079611566322.0,8.585,91.415,592.26,0.022,1.039,7.524,181.83,-10.864,0.08585000000000001,0.9141500000000001,0.45324170442022776,0.41811844555522887,25.091734072822735,Transition Laggard
Egypt,2016,EGY,101644583.0,1121578599865.0,8.412,91.588,592.97,0.122,1.275,7.014,188.19,-11.037,0.08412000000000001,0.9158799999999999,0.4537850495898127,0.4170587082230717,24.95845438360076,Transition Laggard
Egypt,2017,EGY,103696055.0,1158060486104.0,8.022,91.978,594.69,0.311,1.092,6.62,193.21,-11.427000000000001,0.08022,0.9197799999999999,0.45510132239500434,0.4146697049887288,24.655712514955823,Transition Laggard
Egypt,2018,EGY,105682092.0,1220661740193.0,8.255,91.745,592.41,0.276,1.5,6.48,199.39,-11.194,0.08255000000000001,0.9174500000000001,0.4533564956532386,0.41609698128001565,24.86054232786927,Transition Laggard
Egypt,2019,EGY,107553159.0,1289253465646.0,9.767,90.233,582.49,0.743,2.483,6.541,200.57,-9.682000000000002,0.09766999999999999,0.9023300000000001,0.4457649687767846,0.4253589630500833,26.09646022633163,Transition Laggard
Egypt,2020,EGY,109315118.0,1307778142529.0,11.964,88.036,569.08,2.241,2.633,7.09,198.6,-7.485000000000001,0.11964000000000001,0.88036,0.43550263254561045,0.43881701460354794,27.87308940541296,Transition Laggard
Egypt,2021,EGY,110957005.0,1400985648780.0,12.096,87.904,568.06,2.371,2.619,7.107,209.66,-7.3530000000000015,0.12096,0.8790399999999999,0.43472205216113624,0.43962560031363324,27.983932700676096,Transition Laggard
Egypt,2022,EGY,112618252.0,1460427350416.0,11.817,88.183,570.04,2.307,2.722,6.788,216.72,-7.6320000000000014,0.11817,0.8818300000000001,0.4362372964368801,0.4379165441536803,27.7530157513832,Transition Laggard
Egypt,2023,EGY,114535772.0,,11.702,88.298,571.29,2.222,2.699,6.782,221.92,-7.747000000000002,0.11702,0.88298,0.43719389004530423,0.4372120944820151,27.649534166097617,Transition Laggard
Egypt,2024,EGY,116538256.0,,11.197,88.803,574.5,2.557,2.586,6.053,237.39,-8.252000000000002,0.11197,0.88803,0.43965042243173746,0.43411864157600705,27.238719062846666,Transition Laggard
Egypt,2025,EGY,118365995.0,,13.015,86.985,563.23,3.097,3.785,6.133,245.71,-6.434000000000001,0.13015000000000002,0.86985,0.4310257744581854,0.445255072037636,28.712181719109907,Transition Laggard
El Salvador,2000,SLV,5943363.0,31478454275.0,55.89,44.11,309.59,0.0,,33.425,3.65,0.0,0.5589000000000001,0.4411,0.23692145218562505,0.48466749975497403,59.88097619168398,Mixed Performer
El Salvador,2001,SLV,5968058.0,32499941192.0,53.902,46.098,321.95,0.0,,29.512,4.1,-1.9879999999999995,0.53902,0.46098,0.24638024978572304,0.4724897089091444,58.269039388994095,Mixed Performer
El Salvador,2002,SLV,5986629.0,33751219265.0,50.682,49.318,343.18,0.0,,27.045,4.4,-5.207999999999998,0.50682,0.49318,0.2626270356311987,0.45276511810251885,55.63500088075782,Mixed Performer
El Salvador,2003,SLV,5998597.0,35029541311.0,56.317,43.683,308.35,0.0,,32.548,4.67,0.4269999999999996,0.5631700000000001,0.43683,0.23597251132606833,0.4872831520141135,60.20013449706,Emerging Improver
El Salvador,2004,SLV,6004673.0,36185189370.0,52.795,47.205,329.19,0.0,,29.814,4.83,-3.094999999999999,0.52795,0.47204999999999997,0.2519208399657157,0.465708615113202,57.36460822755514,Mixed Performer
El Salvador,2005,SLV,6005583.0,38001442916.0,56.863,43.137,305.88,0.0,,33.725,5.1,0.972999999999999,0.56863,0.43137000000000003,0.2340822823558222,0.4906277565421935,60.62515928923735,Emerging Improver
El Salvador,2006,SLV,6002321.0,40054319005.0,58.596,41.404,294.74,0.0,,35.439,5.7,2.705999999999996,0.5859599999999999,0.41404,0.22555712011754622,0.501243506811722,62.037324599237174,Emerging Improver
El Salvador,2007,SLV,6009820.0,42202462933.0,57.167,42.833,305.23,0.0,,30.185,5.93,1.277000000000001,0.57167,0.42833,0.23358485367944168,0.49248995393511713,60.84792796704072,Emerging Improver
El Salvador,2008,SLV,6029302.0,43393063628.0,63.279,36.721,267.21,0.0,,34.426,6.1,7.389000000000003,0.6327900000000001,0.36721,0.2044891024856128,0.5299299225717926,65.80412127643656,Emerging Improver
El Salvador,2009,SLV,6048284.0,42668179532.0,56.752,43.248,309.4,0.0,,26.838,5.85,0.8620000000000019,0.56752,0.43248,0.2367760499571446,0.4899478094678036,60.48101589308844,Emerging Improver
El Salvador,2010,SLV,6068253.0,43862777197.0,65.455,34.545,256.2,0.0,,35.537,6.05,9.564999999999998,0.65455,0.34545000000000003,0.19606342598261295,0.5432593354895618,67.5203043827781,Emerging Improver
El Salvador,2011,SLV,6090128.0,45520507146.0,63.533,36.467,267.42,0.0,,33.874,6.17,7.643000000000001,0.6353300000000001,0.36467,0.2046498102118281,0.5314858374987749,65.97584230718591,Emerging Improver
El Salvador,2012,SLV,6113977.0,46608113564.0,60.635,39.365,288.89,0.0,,30.317,6.3,4.744999999999997,0.60635,0.39365000000000006,0.2210802620301212,0.5137337057728119,63.55999903583914,Emerging Improver
El Salvador,2013,SLV,6138845.0,48017379514.0,60.759,39.241,287.98,0.0,,29.272,6.32,4.869,0.60759,0.39241,0.22038386188318845,0.5144932862883466,63.663202747245485,Emerging Improver
El Salvador,2014,SLV,6162952.0,49026874064.0,60.159,39.841,293.65,0.0,,28.413,6.3,4.268999999999998,0.60159,0.39841000000000004,0.22472297049100035,0.5108178966970499,63.13959418818074,Emerging Improver
El Salvador,2015,SLV,6183675.0,50319726389.0,58.32,41.68,308.07,0.165,,23.394,6.07,2.4299999999999997,0.5832,0.4168,0.23575823435778132,0.4995528275997256,61.591336555051356,Emerging Improver
El Salvador,2016,SLV,6200808.0,51794877474.0,59.416,40.584,308.44,0.325,,21.753,6.16,3.5259999999999962,0.59416,0.40584000000000003,0.23604138606587485,0.5062665392531608,62.342563437150545,Emerging Improver
El Salvador,2017,SLV,6213538.0,53295513328.0,74.775,25.225,212.61,2.883,,30.811,5.55,18.885000000000005,0.74775,0.25225000000000003,0.16270509366964614,0.600350387141037,74.8026284653744,Emerging Improver
El Salvador,2018,SLV,6219803.0,55053057931.0,77.941,22.059,194.85,5.699,,29.963,5.44,22.051000000000002,0.77941,0.22059,0.14911381168115587,0.6197441928844458,77.3329176012378,Transition Leader
El Salvador,2019,SLV,6222316.0,56393644127.0,71.475,28.525,238.25,9.4,,24.797,6.17,15.584999999999994,0.71475,0.28525,0.18232674176564223,0.5801357443889053,72.02886762169253,Emerging Improver
El Salvador,2020,SLV,6234679.0,51960808936.0,84.759,15.241,152.41,15.397,0.156,32.193,6.43,28.869,0.8475900000000001,0.15241,0.11663554548793927,0.6615088699402136,82.86214441190471,Transition Leader
El Salvador,2021,SLV,6255780.0,57771997522.0,86.037,13.963,143.87,23.836,1.834,25.67,7.09,30.147000000000006,0.8603700000000001,0.13963,0.11010009795518551,0.6693374497696756,83.9097592976655,Transition Leader
El Salvador,2022,SLV,6280316.0,59270934820.0,90.799,9.201,113.12,18.703,2.112,33.786,6.63,34.909000000000006,0.9079900000000001,0.09201000000000001,0.08656789518795152,0.6985077918259336,87.79281949769022,Transition Leader
El Salvador,2023,SLV,6309629.0,,87.793,12.207,135.45,20.067,2.843,24.916,5.98,31.903000000000006,0.8779300000000001,0.12207000000000001,0.10365648340884044,0.6800940899735373,85.28579926438205,Transition Leader
El Salvador,2024,SLV,6338197.0,,90.812,9.188,113.32,19.142,2.144,32.619,6.53,34.922,0.90812,0.09188,0.08672095016529938,0.6985874252670783,87.79798762487368,Transition Leader
El Salvador,2025,SLV,6365506.0,,86.533,13.467,139.32,20.279,3.096,30.341,6.46,30.643,0.86533,0.13467,0.10661809722052161,0.6723757718318142,84.33998414696417,Transition Leader
Equatorial Guinea,2000,GNQ,703287.0,6341192117.0,20.0,80.0,800.0,0.0,0.0,20.0,0.05,0.0,0.2,0.8,0.6122199093914534,0.48466749975497403,28.964514761538275,Transition Laggard
Equatorial Guinea,2001,GNQ,749836.0,10710877546.0,16.667,83.333,666.67,0.0,0.0,16.667,0.06,-3.3329999999999984,0.16667,0.83333,0.5101858087425003,0.46425071057532097,29.209315440067307,Transition Laggard
Equatorial Guinea,2002,GNQ,797968.0,12944267386.0,14.286,85.714,714.29,0.0,0.0,14.286,0.07,-5.714,0.14286,0.85714,0.5466281988490266,0.449665539547192,26.650878121982213,Transition Laggard
Equatorial Guinea,2003,GNQ,847867.0,14778140796.0,14.286,85.714,714.29,0.0,0.0,14.286,0.07,-5.714,0.14286,0.85714,0.5466281988490266,0.449665539547192,26.650878121982213,Transition Laggard
Equatorial Guinea,2004,GNQ,899924.0,18414357582.0,11.111,88.889,777.78,0.0,0.0,11.111,0.09,-8.889,0.11111000000000001,0.88889,0.5952155014081058,0.43021660295991376,23.23946150919606,Transition Laggard
Equatorial Guinea,2005,GNQ,947370.0,20168023886.0,10.0,90.0,800.0,0.0,0.0,10.0,0.1,-10.0,0.1,0.9,0.6122199093914534,0.42341100656669606,22.045667363714106,Transition Laggard
Equatorial Guinea,2006,GNQ,990349.0,21346957199.0,9.091,90.909,818.18,0.0,0.0,9.091,0.11,-10.909,0.09090999999999999,0.9090900000000001,0.6261326068323742,0.4178427913358816,21.068926699228868,Transition Laggard
Equatorial Guinea,2007,GNQ,1036053.0,24766652343.0,7.692,92.308,846.15,0.0,0.0,7.692,0.13,-12.308,0.07692,0.9230800000000001,0.6475373454144728,0.4092730079388415,19.5658614837208,Transition Laggard
Equatorial Guinea,2008,GNQ,1084538.0,29298389312.0,25.0,75.0,650.0,0.0,0.0,25.0,0.2,5.0,0.25,0.75,0.4974286763805559,0.515295746349113,35.293719285722794,Transition Laggard
Equatorial Guinea,2009,GNQ,1135683.0,29853093503.0,22.727,77.273,681.82,0.0,0.0,22.727,0.22,2.7270000000000003,0.22727,0.77273,0.521779723276601,0.5013721454474175,33.112289099796236,Transition Laggard
Equatorial Guinea,2010,GNQ,1189097.0,27366671882.0,13.636,86.364,772.73,0.0,0.0,13.636,0.22,-6.364000000000001,0.13636,0.8636400000000001,0.5913508632300722,0.4456838674899539,25.0830864315975,Transition Laggard
Equatorial Guinea,2011,GNQ,1241843.0,29285788000.0,10.0,90.0,800.0,0.0,0.0,10.0,0.3,-10.0,0.1,0.9,0.6122199093914534,0.42341100656669606,22.045667363714106,Transition Laggard
Equatorial Guinea,2012,GNQ,1293485.0,31730930000.0,14.815,85.185,740.74,0.0,0.0,14.815,0.54,-5.1850000000000005,0.14815,0.85185,0.5668697196032815,0.4529060080368519,26.510847130470736,Transition Laggard
Equatorial Guinea,2013,GNQ,1346220.0,30419136000.0,29.412,70.588,623.53,0.0,0.0,29.412,0.85,9.411999999999999,0.29412,0.70588,0.47717185012856617,0.5423221111437813,38.85273541394256,Transition Laggard
Equatorial Guinea,2014,GNQ,1399829.0,30256854000.0,34.862,65.138,577.98,0.0,0.0,34.862,1.09,14.862000000000002,0.34862000000000004,0.6513800000000001,0.44231357903759033,0.5757068999313928,43.49496402303113,Mixed Performer
Equatorial Guinea,2015,GNQ,1453925.0,28026102000.0,36.154,63.846,569.23,0.0,0.0,36.154,1.3,16.154000000000003,0.36154000000000003,0.63846,0.4356174237786213,0.5836212388513182,44.55628298830424,Mixed Performer
Equatorial Guinea,2016,GNQ,1508192.0,25203837269.0,33.571,66.429,585.71,0.0,0.0,33.571,1.4,13.570999999999998,0.33571,0.66429,0.44822915391208523,0.567798686660786,42.45385145210966,Mixed Performer
Equatorial Guinea,2017,GNQ,1562401.0,23511758900.0,32.836,67.164,597.02,0.0,0.0,32.836,1.34,12.835999999999999,0.32836,0.67164,0.45688441288110687,0.5632963344114477,41.72893469414404,Mixed Performer
Equatorial Guinea,2018,GNQ,1616425.0,21813514918.0,32.593,67.407,592.59,0.0,0.0,32.593,1.35,12.593000000000004,0.32593000000000005,0.67407,0.45349424513285175,0.5618078016269725,41.64556089608329,Mixed Performer
Equatorial Guinea,2019,GNQ,1670184.0,20617750095.0,32.143,67.857,600.0,0.0,0.0,32.143,1.4,12.143,0.32143,0.67857,0.45916493204359005,0.5590512594335,41.192445590412746,Mixed Performer
Equatorial Guinea,2020,GNQ,1716479.0,19743252847.0,34.752,65.248,574.47,0.0,0.0,34.752,1.41,14.752000000000002,0.34752000000000005,0.6524800000000001,0.4396274641851353,0.5750330785063217,43.486009572966445,Mixed Performer
Equatorial Guinea,2021,GNQ,1758796.0,19556604569.0,32.867,67.133,594.41,0.0,0.0,32.867,1.43,12.866999999999997,0.32866999999999996,0.67133,0.45488704542671726,0.5634862295403312,41.800317307437034,Mixed Performer
Equatorial Guinea,2022,GNQ,1803549.0,20191378731.0,31.788,68.212,602.65,0.0,0.0,31.788,1.51,11.788,0.31788,0.6821200000000001,0.46119291049344924,0.556876653925316,40.896127046543505,Mixed Performer
Equatorial Guinea,2023,GNQ,1847556.0,,24.476,75.524,664.34,0.0,0.0,24.476,1.43,4.475999999999999,0.24476,0.75524,0.5084027182563977,0.5120859061060472,34.656820635180765,Transition Laggard
Equatorial Guinea,2024,GNQ,1892523.0,,26.846,73.154,644.3,0.0,0.0,26.846,1.49,6.846,0.26846000000000003,0.73154,0.4930666095261418,0.5266036949916691,36.67999018672149,Transition Laggard
Eritrea,2000,ERI,2247036.0,,0.0,100.0,666.67,0.0,0.0,0.0,0.21,0.0,0.0,1.0,0.5101858087425003,0.48466749975497403,19.515367277762103,Transition Laggard
Eritrea,2001,ERI,2312083.0,,0.0,100.0,652.17,0.0,0.0,0.0,0.23,0.0,0.0,1.0,0.4990893228847802,0.48466749975497403,19.792779424205108,Transition Laggard
Eritrea,2002,ERI,2392981.0,,0.0,100.0,653.85,0.0,0.0,0.0,0.26,0.0,0.0,1.0,0.5003749846945023,0.48466749975497403,19.760637878962054,Transition Laggard
Eritrea,2003,ERI,2493906.0,,0.0,100.0,642.86,0.0,0.0,0.0,0.28,0.0,0.0,1.0,0.4919646136892372,0.48466749975497403,19.970897154093677,Transition Laggard
Eritrea,2004,ERI,2598288.0,,0.0,100.0,642.86,0.0,0.0,0.0,0.28,0.0,0.0,1.0,0.4919646136892372,0.48466749975497403,19.970897154093677,Transition Laggard
Eritrea,2005,ERI,2661215.0,,0.0,100.0,655.17,0.0,0.0,0.0,0.29,0.0,0.0,1.0,0.5013851475449982,0.48466749975497403,19.735383807699655,Transition Laggard
Eritrea,2006,ERI,2703501.0,,0.0,100.0,666.67,0.0,0.0,0.0,0.27,0.0,0.0,1.0,0.5101858087425003,0.48466749975497403,19.515367277762103,Transition Laggard
Eritrea,2007,ERI,2743226.0,,0.0,100.0,655.17,0.0,0.0,0.0,0.29,0.0,0.0,1.0,0.5013851475449982,0.48466749975497403,19.735383807699655,Transition Laggard
Eritrea,2008,ERI,2816331.0,,0.0,100.0,642.86,0.0,0.0,0.0,0.28,0.0,0.0,1.0,0.4919646136892372,0.48466749975497403,19.970897154093677,Transition Laggard
Eritrea,2009,ERI,2887887.0,,0.0,100.0,655.17,0.0,0.0,0.0,0.29,0.0,0.0,1.0,0.5013851475449982,0.48466749975497403,19.735383807699655,Transition Laggard
Eritrea,2010,ERI,2945184.0,,0.0,100.0,645.16,0.0,0.0,0.0,0.31,0.0,0.0,1.0,0.4937247459287376,0.48466749975497403,19.926893848106168,Transition Laggard
Eritrea,2011,ERI,2998493.0,,0.0,100.0,656.25,0.0,0.0,0.0,0.32,0.0,0.0,1.0,0.5022116444226766,0.48466749975497403,19.714721385757695,Transition Laggard
Eritrea,2012,ERI,3036998.0,,0.0,100.0,656.25,0.0,0.0,0.0,0.32,0.0,0.0,1.0,0.5022116444226766,0.48466749975497403,19.714721385757695,Transition Laggard
Eritrea,2013,ERI,3074367.0,,0.0,100.0,666.67,0.0,0.0,0.0,0.27,0.0,0.0,1.0,0.5101858087425003,0.48466749975497403,19.515367277762103,Transition Laggard
Eritrea,2014,ERI,3095168.0,,0.0,100.0,666.67,0.0,0.0,0.0,0.27,0.0,0.0,1.0,0.5101858087425003,0.48466749975497403,19.515367277762103,Transition Laggard
Eritrea,2015,ERI,3105554.0,,0.0,100.0,653.85,0.0,0.0,0.0,0.26,0.0,0.0,1.0,0.5003749846945023,0.48466749975497403,19.760637878962054,Transition Laggard
Eritrea,2016,ERI,3124700.0,,0.0,100.0,666.67,0.0,0.0,0.0,0.27,0.0,0.0,1.0,0.5101858087425003,0.48466749975497403,19.515367277762103,Transition Laggard
Eritrea,2017,ERI,3150350.0,,2.941,97.059,647.06,2.941,0.0,0.0,0.34,2.941,0.02941,0.97059,0.4951787682135423,0.5026830344016466,21.925376310686143,Transition Laggard
Eritrea,2018,ERI,3192763.0,,12.821,87.179,564.1,12.821,0.0,0.0,0.39,12.821,0.12821,0.8717900000000001,0.4316915636096486,0.5632044496716652,30.348377654833765,Transition Laggard
Eritrea,2019,ERI,3240194.0,,12.5,87.5,575.0,12.5,0.0,0.0,0.4,12.5,0.125,0.875,0.44003305987510716,0.5612381162403215,29.917745246727144,Transition Laggard
Eritrea,2020,ERI,3291277.0,,12.195,87.805,585.37,12.195,0.0,0.0,0.41,12.195,0.12195,0.8780500000000001,0.44796896045059387,0.559369793198079,29.508322886706335,Transition Laggard
Eritrea,2021,ERI,3350185.0,,11.905,88.095,571.43,11.905,0.0,0.0,0.42,11.905,0.11904999999999999,0.88095,0.43730102852944774,0.5575933548956189,29.574374610198088,Transition Laggard
Eritrea,2022,ERI,3409450.0,,11.364,88.636,590.91,11.364,0.0,0.0,0.44,11.364,0.11364,0.8863599999999999,0.45220858332312963,0.5542793786141331,28.82737609613376,Transition Laggard
Eritrea,2023,ERI,3470391.0,,10.204,89.796,591.84,10.204,0.0,0.0,0.49,10.204,0.10204,0.8979600000000001,0.45292028896779724,0.5471736254042928,28.006997156869456,Transition Laggard
Eritrea,2024,ERI,3535610.0,,11.111,88.889,577.78,11.111,0.0,0.0,0.45,11.111,0.11111000000000001,0.88889,0.4421605240602424,0.5527295893364697,28.903530738540983,Transition Laggard
Estonia,2000,EST,1397001.0,23525730943.0,0.118,99.882,634.55,0.0,,0.0,8.51,0.0,0.00118,0.99882,0.4856051793804334,0.48466749975497403,20.200683011813773,Transition Laggard
Estonia,2001,EST,1388174.0,24618992841.0,0.236,99.764,633.69,0.0,,0.118,8.49,0.118,0.00236,0.99764,0.4849470429778377,0.4853903263745957,20.29877882117299,Transition Laggard
Estonia,2002,EST,1379438.0,25689833693.0,0.352,99.648,634.23,0.0,0.0,0.117,8.53,0.23399999999999999,0.0035199999999999997,0.99648,0.4853602914166769,0.48610090169557973,20.368706240016774,Transition Laggard
Estonia,2003,EST,1370849.0,27160243367.0,0.492,99.508,638.78,0.0,0.098,0.098,10.16,0.374,0.00492,0.99508,0.48884229215134073,0.4869584926002156,20.37852008521972,Transition Laggard
Estonia,2004,EST,1362682.0,28392969678.0,0.582,99.418,639.19,0.0,0.097,0.194,10.31,0.46399999999999997,0.00582,0.9941800000000001,0.48915605485490393,0.4875098010389101,20.432945644211053,Transition Laggard
Estonia,2005,EST,1354847.0,30566893529.0,1.078,98.922,634.31,0.0,0.49,0.196,10.2,0.9600000000000001,0.010780000000000001,0.98922,0.48542151340761597,0.4905481231010487,20.86948401132533,Transition Laggard
Estonia,2006,EST,1346885.0,33162229951.0,1.336,98.664,632.07,0.0,0.822,0.103,9.73,1.218,0.01336,0.9866400000000001,0.48370729766132,0.4921285406253063,21.09084566784659,Transition Laggard
Estonia,2007,EST,1340709.0,35115520992.0,1.149,98.851,642.04,0.0,0.739,0.164,12.18,1.0310000000000001,0.01149,0.98851,0.4913370882821109,0.4909830442026855,20.770718455987513,Transition Laggard
Estonia,2008,EST,1337078.0,32659893005.0,1.89,98.11,633.27,0.0,1.229,0.284,10.58,1.7719999999999998,0.0189,0.9811,0.4846256275254071,0.4955221503479369,21.451191567083878,Transition Laggard
Estonia,2009,EST,1334528.0,27402480486.0,6.15,93.85,621.87,0.0,2.278,0.342,8.78,6.032,0.061500000000000006,0.9385,0.4759014938165789,0.5216174164461433,24.616723901277677,Transition Laggard
Estonia,2010,EST,1331450.0,27586968284.0,8.096,91.904,609.87,0.0,2.159,0.231,12.97,7.978,0.08096,0.91904,0.4667181951757071,0.5335379300205821,26.192714070916058,Transition Laggard
Estonia,2011,EST,1327366.0,29217295065.0,9.154,90.846,604.34,0.0,2.87,0.233,12.89,9.036,0.09154,0.90846,0.46248622505203874,0.540018866999902,27.030527378697556,Transition Laggard
Estonia,2012,EST,1322615.0,30160490093.0,12.291,87.709,592.81,0.0,3.595,0.334,11.96,12.173,0.12291,0.87709,0.4536626056079343,0.5592350289130648,29.421560293497613,Transition Laggard
Estonia,2013,EST,1317920.0,30600421813.0,9.262,90.738,606.18,0.0,3.991,0.226,13.28,9.144,0.09262000000000001,0.90738,0.463894330843639,0.5406804371263354,27.07004828580406,Transition Laggard
Estonia,2014,EST,1314457.0,31521829560.0,11.165,88.835,595.98,0.0,4.819,0.241,12.45,11.046999999999999,0.11165,0.88835,0.456088526998898,0.5523375477800647,28.58185004172852,Transition Laggard
Estonia,2015,EST,1314580.0,32106015454.0,15.369,84.631,573.4,0.0,6.995,0.296,10.15,15.251,0.15369,0.84631,0.4388086200563242,0.5780897775164168,31.922531161338146,Transition Laggard
Estonia,2016,EST,1315850.0,33119083785.0,13.065,86.935,588.33,0.082,4.848,0.329,12.17,12.947,0.13065,0.8693500000000001,0.4502341741153423,0.5639762814858376,30.042789869404007,Transition Laggard
Estonia,2017,EST,1317430.0,35037377711.0,14.134,85.866,582.83,0.076,5.471,0.228,13.16,14.016,0.14134,0.85866,0.44602516223827604,0.5705246006076644,30.887639953158065,Transition Laggard
Estonia,2018,EST,1321972.0,36363239216.0,16.087,83.913,573.97,0.243,5.174,0.081,12.37,15.969,0.16087,0.8391299999999999,0.4392448267417657,0.5824879937273351,32.408399237365884,Transition Laggard
Estonia,2019,EST,1326822.0,37723175050.0,28.121,71.879,509.86,0.92,9.067,0.263,7.61,28.003,0.28121,0.71879,0.39018305375290807,0.6562040576301088,41.96108452062893,Mixed Performer
Estonia,2020,EST,1329675.0,37515273353.0,48.849,51.151,404.61,4.112,13.816,0.493,6.08,48.730999999999995,0.48849,0.51151,0.309637871923595,0.7831765167107714,58.316100952571695,Mixed Performer
Estonia,2021,EST,1331750.0,40521483538.0,39.917,60.083,450.63,4.868,10.153,0.278,7.19,39.799,0.39917,0.60083,0.3448558222113383,0.7284622169950015,51.25573769964157,Mixed Performer
Estonia,2022,EST,1350093.0,39999856613.0,31.991,68.009,487.7,6.711,7.494,0.224,8.94,31.873,0.31991,0.68009,0.3732245622627648,0.6799103204939724,45.062640750840465,Mixed Performer
Estonia,2023,EST,1367195.0,,48.78,51.22,395.47,12.544,11.847,0.348,5.74,48.662,0.4878,0.5122,0.3026432594587976,0.7827538469077722,58.44322621714664,Mixed Performer
Estonia,2024,EST,1360548.0,,55.751,44.249,343.45,17.093,16.773,0.479,6.26,55.632999999999996,0.55751,0.44249000000000005,0.26283365985061835,0.8254557483093208,64.26159472837435,Emerging Improver
Estonia,2025,EST,1344236.0,,59.574,40.426,319.15,18.494,18.822,0.491,6.11,59.455999999999996,0.59574,0.40426,0.24423748010285293,0.8488741056551994,67.37157458225667,Emerging Improver
Eswatini,2000,SWZ,1041428.0,5050303320.0,98.485,1.515,166.67,0.0,0.0,28.788,0.66,0.0,0.98485,0.015149999999999999,0.12754836537284192,0.48466749975497403,88.17230336200356,Transition Leader
Eswatini,2001,SWZ,1051066.0,5125500508.0,98.571,1.429,171.43,0.0,0.0,27.143,0.7,0.08599999999999852,0.98571,0.01429,0.13119107383372108,0.4851943055963932,88.14073773810287,Transition Leader
Eswatini,2002,SWZ,1059456.0,5280506497.0,95.833,4.167,194.44,0.0,0.0,27.778,0.72,-2.652000000000001,0.95833,0.04167,0.14880004897759275,0.4684222777614427,85.80613294198183,Transition Leader
Eswatini,2003,SWZ,1066706.0,5518729007.0,95.313,4.688,218.75,0.0,0.0,18.75,0.64,-3.171999999999997,0.95313,0.04688,0.16740388147422555,0.46523694011565225,84.98100706487915,Transition Leader
Eswatini,2004,SWZ,1073170.0,5696422388.0,94.828,5.172,224.14,0.0,0.0,17.241,0.58,-3.6569999999999965,0.94828,0.051719999999999995,0.17152871311375045,0.4622660001960208,84.54257217509654,Transition Leader
Eswatini,2005,SWZ,1079022.0,6002942535.0,96.774,3.226,193.55,0.0,0.0,25.806,0.62,-1.7109999999999985,0.96774,0.03226,0.14811895432839478,0.47418651377045967,86.47422384834702,Transition Leader
Eswatini,2006,SWZ,1084442.0,6319744849.0,97.101,2.899,188.41,0.0,0.0,21.739,0.69,-1.3840000000000003,0.97101,0.028990000000000002,0.14418544141055467,0.47618960109771635,86.79880798120188,Transition Leader
Eswatini,2007,SWZ,1090713.0,6589486313.0,97.183,2.817,183.1,0.0,0.0,23.944,0.71,-1.3019999999999925,0.9718300000000001,0.02817,0.1401218317619689,0.47669190434186026,86.95713277107868,Transition Leader
Eswatini,2008,SWZ,1098098.0,6906669172.0,97.101,2.899,188.41,0.0,0.0,23.188,0.69,-1.3840000000000003,0.97101,0.028990000000000002,0.14418544141055467,0.47618960109771635,86.79880798120188,Transition Leader
Eswatini,2009,SWZ,1105158.0,7131566747.0,96.97,3.03,181.82,0.0,0.0,30.303,0.66,-1.5150000000000006,0.9697,0.030299999999999997,0.13914227990694258,0.4753871410369499,86.83425011788069,Transition Leader
Eswatini,2010,SWZ,1111651.0,7332277029.0,97.297,2.703,175.68,0.0,0.0,32.432,0.74,-1.1880000000000024,0.97297,0.02703,0.13444349210236317,0.4773902283642066,87.17796612290401,Transition Leader
Eswatini,2011,SWZ,1117845.0,7567466177.0,96.552,3.448,155.17,0.0,0.0,48.276,0.58,-1.9329999999999927,0.96552,0.034480000000000004,0.11874770417533978,0.47282661962167993,87.05490668994172,Transition Leader
Eswatini,2012,SWZ,1123870.0,7793097968.0,92.308,7.692,173.08,0.0,0.0,46.154,0.52,-6.1769999999999925,0.9230800000000001,0.07692,0.13245377739684094,0.4468293639125748,83.77589602376759,Transition Leader
Eswatini,2013,SWZ,1130000.0,8126636123.0,93.333,6.667,150.0,0.0,0.0,51.667,0.6,-5.152000000000001,0.93333,0.06667,0.11479123301089751,0.45310815446437325,84.92664149169316,Transition Leader
Eswatini,2014,SWZ,1136305.0,8327527350.0,95.833,4.167,166.67,0.0,0.0,47.917,0.48,-2.652000000000001,0.95833,0.04167,0.12754836537284192,0.4684222777614427,86.3374250321006,Transition Leader
Eswatini,2015,SWZ,1142822.0,8445665268.0,94.737,5.263,184.21,0.0,0.0,31.579,0.38,-3.7480000000000047,0.9473699999999999,0.05263,0.14097128688624955,0.4617085661080074,85.24354631946387,Transition Leader
Eswatini,2016,SWZ,1149516.0,8545156780.0,91.667,8.333,222.22,0.0,0.0,33.333,0.36,-6.817999999999998,0.91667,0.08333,0.17005938533121098,0.4429028226992061,82.39225770720782,Transition Leader
Eswatini,2017,SWZ,1158198.0,8725282454.0,95.349,4.651,139.54,0.0,0.0,48.837,0.43,-3.1359999999999957,0.9534900000000001,0.046509999999999996,0.10678645769560426,0.4654574634911301,86.52160050997685,Transition Leader
Eswatini,2018,SWZ,1168933.0,8936238936.0,95.918,4.082,142.86,0.0,0.0,55.102,0.49,-2.566999999999993,0.95918,0.04082,0.10932717031957881,0.4689429579535431,86.85176511131367,Transition Leader
Eswatini,2019,SWZ,1179885.0,9177836965.0,91.837,8.163,204.08,0.0,0.0,46.939,0.49,-6.647999999999996,0.91837,0.08163000000000001,0.15617729888575976,0.4439441830834069,82.85693027410711,Transition Leader
Eswatini,2020,SWZ,1192734.0,9034694873.0,95.918,4.082,163.27,0.0,0.0,46.939,0.49,-2.566999999999993,0.95918,0.04082,0.12494643075792826,0.4689429579535431,86.46128360035495,Transition Leader
Eswatini,2021,SWZ,1206598.0,9746927305.0,96.078,3.922,137.26,5.882,0.0,50.98,0.51,-2.4069999999999965,0.9607800000000001,0.039220000000000005,0.10504163095383862,0.46992306184455557,87.06960515382237,Transition Leader
Eswatini,2022,SWZ,1218921.0,9594910875.0,96.364,3.636,127.27,5.455,0.0,54.545,0.55,-2.120999999999995,0.96364,0.03636,0.09739653483531284,0.4716749975497403,87.45861159236328,Transition Leader
Eswatini,2023,SWZ,1230507.0,,96.97,3.03,121.21,4.545,0.0,60.606,0.66,-1.5150000000000006,0.9697,0.030299999999999997,0.09275896902167258,0.4753871410369499,87.99383289001244,Transition Leader
Eswatini,2024,SWZ,1242829.0,,96.721,3.279,131.15,4.918,0.0,57.377,0.61,-1.7639999999999958,0.96721,0.03279,0.1003658013958614,0.4738618543565618,87.6313827804519,Transition Leader
Ethiopia,2000,ETH,67411496.0,50326965912.0,98.817,1.183,35.5,0.0,0.0,96.45,1.69,0.0,0.98817,0.01183,0.027167258479245747,0.48466749975497403,90.88103103434348,Transition Leader
Ethiopia,2001,ETH,69487767.0,52434129516.0,99.02,0.98,34.31,0.0,0.0,96.569,2.04,0.20300000000000296,0.9902,0.0098,0.02625658136402596,0.4859110065666961,91.0442505643998,Transition Leader
Ethiopia,2002,ETH,71635521.0,54501781462.0,99.029,0.971,33.98,0.0,0.0,97.087,2.06,0.2120000000000033,0.99029,0.00971,0.02600404065140198,0.48596613741056555,91.05679104487344,Transition Leader
Ethiopia,2003,ETH,73832664.0,53892038989.0,99.142,0.858,30.04,0.0,0.0,96.996,2.33,0.32500000000000284,0.99142,0.00858,0.022988857597649074,0.4866583357835931,91.21035359681267,Transition Leader
Ethiopia,2004,ETH,76077211.0,55845384136.0,99.222,0.778,31.13,0.0,0.0,97.276,2.57,0.40500000000000114,0.99222,0.0077800000000000005,0.02382300722419493,0.4871483877290993,91.24485063533162,Transition Leader
Ethiopia,2005,ETH,78367476.0,61634778962.0,99.653,0.347,31.25,0.0,0.0,97.569,2.88,0.8360000000000127,0.99653,0.00347,0.02391484021060365,0.48978854258551413,91.54075713351762,Transition Leader
Ethiopia,2006,ETH,80703495.0,67217118145.0,99.396,0.604,30.21,0.0,0.0,97.583,3.31,0.5790000000000077,0.9939600000000001,0.00604,0.02311895432839476,0.4882142507105754,91.38283990244877,Transition Leader
Ethiopia,2007,ETH,83103218.0,73421784125.0,98.834,1.166,34.99,0.0,0.0,97.668,3.43,0.017000000000010118,0.9883400000000001,0.01166,0.026776968287008696,0.48477163579339416,90.90255032972571,Transition Leader
Ethiopia,2008,ETH,85543670.0,79756503135.0,99.7,0.3,30.03,0.0,0.0,97.898,3.33,0.8830000000000098,0.997,0.003,0.022981204848781682,0.49007644810349904,91.59661660033294,Transition Leader
Ethiopia,2009,ETH,88007641.0,86391027022.0,98.343,1.657,35.91,0.0,0.0,96.409,3.62,-0.47399999999998954,0.98343,0.01657,0.027481021182808863,0.4817639419778497,90.54523360009752,Transition Leader
Ethiopia,2010,ETH,90538518.0,94148625646.0,99.002,0.998,31.94,0.0,0.0,97.405,5.01,0.18500000000000227,0.99002,0.009980000000000001,0.024442879882453777,0.4858007448789572,91.07713917612301,Transition Leader
Ethiopia,2011,ETH,93149977.0,104948629242.0,99.211,0.789,29.97,0.0,0.473,97.792,6.34,0.39400000000000546,0.99211,0.007890000000000001,0.022935288355577323,0.48708100558659223,91.25943287490946,Transition Leader
Ethiopia,2012,ETH,95798771.0,116345224724.0,99.736,0.264,25.1,0.0,2.51,96.565,7.57,0.9190000000000111,0.99736,0.00264,0.01920839965715685,0.49029697147897683,91.71584458075573,Transition Leader
Ethiopia,2013,ETH,98438752.0,128310309167.0,99.885,0.115,25.38,0.115,4.152,95.271,8.67,1.068000000000012,0.9988500000000001,0.00115,0.01942267662544386,0.4912096932274822,91.81357848277614,Transition Leader
Ethiopia,2014,ETH,101115615.0,141950543442.0,100.0,0.0,23.23,0.211,5.28,94.192,9.47,1.183000000000007,1.0,0.0,0.01777733561895433,0.49191414289914737,91.93427875301336,Transition Leader
Ethiopia,2015,ETH,103867140.0,157107146471.0,100.0,0.0,24.06,0.192,7.315,92.204,10.39,1.183000000000007,1.0,0.0,0.018412513774947962,0.49191414289914737,91.9183992991135,Transition Leader
Ethiopia,2016,ETH,106718163.0,173708917362.0,100.0,0.0,24.06,0.16,6.255,93.344,12.47,1.183000000000007,1.0,0.0,0.018412513774947962,0.49191414289914737,91.9183992991135,Transition Leader
Ethiopia,2017,ETH,109666482.0,190761659136.0,100.0,0.0,23.63,0.152,4.04,95.655,13.12,1.183000000000007,1.0,0.0,0.018083445573650055,0.49191414289914737,91.92662600414594,Transition Leader
Ethiopia,2018,ETH,112664157.0,206205566995.0,100.0,0.0,23.89,0.141,3.725,95.924,14.23,1.183000000000007,1.0,0.0,0.01828241704420228,0.49191414289914737,91.92165171738215,Transition Leader
Ethiopia,2019,ETH,115737384.0,221885291686.0,99.935,0.065,24.17,0.131,5.552,94.056,15.31,1.1180000000000092,0.9993500000000001,0.0006500000000000001,0.01849669401248929,0.49151597569342353,91.87132228508912,Transition Leader
Ethiopia,2020,ETH,118917670.0,237860193068.0,99.936,0.064,24.33,0.192,3.905,95.647,15.62,1.119000000000014,0.9993600000000001,0.00064,0.018619137994367575,0.49152210134274243,91.86895307028195,Transition Leader
Ethiopia,2021,ETH,122138588.0,251849804145.0,100.0,0.0,22.81,0.19,5.196,94.487,15.78,1.183000000000007,1.0,0.0,0.017455920166523815,0.49191414289914737,91.94231413932411,Transition Leader
Ethiopia,2022,ETH,125384285.0,269977225159.0,100.0,0.0,23.55,0.23,3.217,96.324,17.41,1.183000000000007,1.0,0.0,0.01802222358271091,0.49191414289914737,91.92815655391944,Transition Leader
Ethiopia,2023,ETH,128691695.0,,100.0,0.0,23.64,0.225,3.151,96.398,17.77,1.183000000000007,1.0,0.0,0.01809109832251745,0.49191414289914737,91.92643468542427,Transition Leader
Ethiopia,2024,ETH,132059770.0,,100.0,0.0,23.41,0.159,2.778,96.905,25.2,1.183000000000007,1.0,0.0,0.017915085098567405,0.49191414289914737,91.93083501602302,Transition Leader
Ethiopia,2025,ETH,135472048.0,,100.0,0.0,23.08,0.12,3.296,96.464,33.37,1.183000000000007,1.0,0.0,0.01766254438594343,0.49191414289914737,91.93714853383862,Transition Leader
Falkland Islands,2000,FLK,3119.0,,0.0,100.0,1000.0,0.0,0.0,0.0,0.01,0.0,0.0,1.0,0.7652748867393168,0.48466749975497403,13.138140327841692,Transition Laggard
Falkland Islands,2001,FLK,3167.0,,0.0,100.0,1000.0,0.0,0.0,0.0,0.01,0.0,0.0,1.0,0.7652748867393168,0.48466749975497403,13.138140327841692,Transition Laggard
Falkland Islands,2002,FLK,3193.0,,0.0,100.0,1000.0,0.0,0.0,0.0,0.01,0.0,0.0,1.0,0.7652748867393168,0.48466749975497403,13.138140327841692,Transition Laggard
Falkland Islands,2003,FLK,3212.0,,0.0,100.0,1000.0,0.0,0.0,0.0,0.01,0.0,0.0,1.0,0.7652748867393168,0.48466749975497403,13.138140327841692,Transition Laggard
Falkland Islands,2004,FLK,3230.0,,0.0,100.0,1000.0,0.0,0.0,0.0,0.01,0.0,0.0,1.0,0.7652748867393168,0.48466749975497403,13.138140327841692,Transition Laggard
Falkland Islands,2005,FLK,3242.0,,0.0,100.0,1000.0,0.0,0.0,0.0,0.01,0.0,0.0,1.0,0.7652748867393168,0.48466749975497403,13.138140327841692,Transition Laggard
Falkland Islands,2006,FLK,3254.0,,0.0,100.0,500.0,0.0,0.0,0.0,0.02,0.0,0.0,1.0,0.3826374433696584,0.48466749975497403,22.70407641208315,Transition Laggard
Falkland Islands,2007,FLK,3249.0,,0.0,100.0,500.0,0.0,0.0,0.0,0.02,0.0,0.0,1.0,0.3826374433696584,0.48466749975497403,22.70407641208315,Transition Laggard
Falkland Islands,2008,FLK,3244.0,,0.0,100.0,1000.0,0.0,0.0,0.0,0.01,0.0,0.0,1.0,0.7652748867393168,0.48466749975497403,13.138140327841692,Transition Laggard
Falkland Islands,2009,FLK,3233.0,,0.0,100.0,1000.0,0.0,0.0,0.0,0.01,0.0,0.0,1.0,0.7652748867393168,0.48466749975497403,13.138140327841692,Transition Laggard
Falkland Islands,2010,FLK,3218.0,,0.0,100.0,1000.0,0.0,0.0,0.0,0.01,0.0,0.0,1.0,0.7652748867393168,0.48466749975497403,13.138140327841692,Transition Laggard
Falkland Islands,2011,FLK,3205.0,,50.0,50.0,500.0,0.0,50.0,0.0,0.02,50.0,0.5,0.5,0.3826374433696584,0.7909499656963639,57.29831340120399,Mixed Performer
Falkland Islands,2012,FLK,3223.0,,50.0,50.0,500.0,0.0,50.0,0.0,0.02,50.0,0.5,0.5,0.3826374433696584,0.7909499656963639,57.29831340120399,Mixed Performer
Falkland Islands,2013,FLK,3291.0,,50.0,50.0,500.0,0.0,50.0,0.0,0.02,50.0,0.5,0.5,0.3826374433696584,0.7909499656963639,57.29831340120399,Mixed Performer
Falkland Islands,2014,FLK,3362.0,,50.0,50.0,500.0,0.0,50.0,0.0,0.02,50.0,0.5,0.5,0.3826374433696584,0.7909499656963639,57.29831340120399,Mixed Performer
Falkland Islands,2015,FLK,3432.0,,50.0,50.0,500.0,0.0,50.0,0.0,0.02,50.0,0.5,0.5,0.3826374433696584,0.7909499656963639,57.29831340120399,Mixed Performer
Falkland Islands,2016,FLK,3499.0,,50.0,50.0,500.0,0.0,50.0,0.0,0.02,50.0,0.5,0.5,0.3826374433696584,0.7909499656963639,57.29831340120399,Mixed Performer
Falkland Islands,2017,FLK,3541.0,,0.0,100.0,1000.0,0.0,0.0,0.0,0.01,0.0,0.0,1.0,0.7652748867393168,0.48466749975497403,13.138140327841692,Transition Laggard
Falkland Islands,2018,FLK,3549.0,,0.0,100.0,1000.0,0.0,0.0,0.0,0.01,0.0,0.0,1.0,0.7652748867393168,0.48466749975497403,13.138140327841692,Transition Laggard
Falkland Islands,2019,FLK,3541.0,,0.0,100.0,1000.0,0.0,0.0,0.0,0.01,0.0,0.0,1.0,0.7652748867393168,0.48466749975497403,13.138140327841692,Transition Laggard
Falkland Islands,2020,FLK,3537.0,,0.0,100.0,1000.0,0.0,0.0,0.0,0.01,0.0,0.0,1.0,0.7652748867393168,0.48466749975497403,13.138140327841692,Transition Laggard
Falkland Islands,2021,FLK,3524.0,,0.0,100.0,1000.0,0.0,0.0,0.0,0.01,0.0,0.0,1.0,0.7652748867393168,0.48466749975497403,13.138140327841692,Transition Laggard
Falkland Islands,2022,FLK,3515.0,,0.0,100.0,1000.0,0.0,0.0,0.0,0.01,0.0,0.0,1.0,0.7652748867393168,0.48466749975497403,13.138140327841692,Transition Laggard
Falkland Islands,2023,FLK,3498.0,,0.0,100.0,1000.0,0.0,0.0,0.0,0.01,0.0,0.0,1.0,0.7652748867393168,0.48466749975497403,13.138140327841692,Transition Laggard
Faroe Islands,2000,FRO,45687.0,,36.364,63.636,409.09,0.0,0.0,36.364,0.22,0.0,0.36363999999999996,0.63636,0.3130663034161871,0.48466749975497403,46.261754910919926,Mixed Performer
Faroe Islands,2001,FRO,46262.0,,33.333,66.667,458.33,0.0,0.0,33.333,0.24,-3.030999999999999,0.33333,0.66667,0.35074843883923107,0.466100656669607,43.22259887906333,Mixed Performer
Faroe Islands,2002,FRO,46852.0,,41.667,58.333,375.0,0.0,0.0,41.667,0.24,5.303000000000004,0.41667000000000004,0.58333,0.28697808252724377,0.5171518180927178,50.583025208209676,Mixed Performer
Faroe Islands,2003,FRO,47448.0,,33.333,66.667,458.33,0.0,0.0,33.333,0.24,-3.030999999999999,0.33333,0.66667,0.35074843883923107,0.466100656669607,43.22259887906333,Mixed Performer
Faroe Islands,2004,FRO,48041.0,,40.0,60.0,400.0,0.0,4.0,36.0,0.25,3.636000000000003,0.4,0.6,0.3061099546957267,0.5069403606782319,48.95135654278031,Mixed Performer
Faroe Islands,2005,FRO,48386.0,,44.0,56.0,360.0,0.0,4.0,40.0,0.25,7.636000000000003,0.44,0.56,0.275498959226154,0.5314429579535431,52.4841703886493,Mixed Performer
Faroe Islands,2006,FRO,48456.0,,44.0,56.0,360.0,0.0,4.0,40.0,0.25,7.636000000000003,0.44,0.56,0.275498959226154,0.5314429579535431,52.4841703886493,Mixed Performer
Faroe Islands,2007,FRO,48498.0,,44.444,55.556,370.37,0.0,7.407,37.037,0.27,8.080000000000005,0.44444000000000006,0.5555599999999999,0.28343485980164074,0.5341627462511026,52.592969698725526,Mixed Performer
Faroe Islands,2008,FRO,48528.0,,37.037,62.963,407.41,0.0,3.704,33.333,0.27,0.6730000000000018,0.37037,0.62963,0.31178064160646507,0.48879006174654516,46.75953488603655,Mixed Performer
Faroe Islands,2009,FRO,48512.0,,37.037,62.963,407.41,0.0,3.704,33.333,0.27,0.6730000000000018,0.37037,0.62963,0.31178064160646507,0.48879006174654516,46.75953488603655,Mixed Performer
Faroe Islands,2010,FRO,48191.0,,28.571,71.429,464.29,0.0,3.571,25.0,0.28,-7.792999999999996,0.28571,0.71429,0.3553094771641974,0.436930314613349,39.8138177900953,Transition Laggard
Faroe Islands,2011,FRO,47957.0,,37.037,62.963,407.41,0.0,3.704,33.333,0.27,0.6730000000000018,0.37037,0.62963,0.31178064160646507,0.48879006174654516,46.75953488603655,Mixed Performer
Faroe Islands,2012,FRO,48113.0,,37.931,62.069,413.79,0.0,3.448,34.483,0.29,1.5670000000000002,0.37931,0.6206900000000001,0.3166630953838619,0.4942663922375772,47.25601849896711,Mixed Performer
Faroe Islands,2013,FRO,48297.0,,37.931,62.069,413.79,0.0,6.897,31.034,0.29,1.5670000000000002,0.37931,0.6206900000000001,0.3166630953838619,0.4942663922375772,47.25601849896711,Mixed Performer
Faroe Islands,2014,FRO,48515.0,,51.613,48.387,322.58,0.0,12.903,38.71,0.31,15.249000000000002,0.51613,0.48387,0.2468623729643688,0.5780775262177791,58.46740356915746,Mixed Performer
Faroe Islands,2015,FRO,48916.0,,59.375,40.625,281.25,0.0,18.75,40.625,0.32,23.011000000000003,0.59375,0.40625,0.21523356189543283,0.6256248162305205,64.62853319607198,Emerging Improver
Faroe Islands,2016,FRO,49554.0,,48.387,51.613,354.84,0.0,16.129,32.258,0.31,12.023000000000003,0.48387,0.51613,0.27155014081057915,0.5583161815152407,55.61818920246413,Mixed Performer
Faroe Islands,2017,FRO,50268.0,,51.515,48.485,333.33,0.0,18.182,33.333,0.33,15.151000000000003,0.51515,0.48485,0.25508907799681646,0.577477212584534,58.1939312388476,Mixed Performer
Faroe Islands,2018,FRO,51062.0,,48.571,51.429,342.86,0.0,17.143,31.429,0.35,12.207,0.48571,0.51429,0.26238214766744217,0.5594433009899049,55.97469582316251,Mixed Performer
Faroe Islands,2019,FRO,51868.0,,39.474,60.526,394.74,0.0,13.158,26.316,0.38,3.1099999999999994,0.39474,0.60526,0.3020846087914779,0.5037182691365285,48.68805881726097,Mixed Performer
Faroe Islands,2020,FRO,52615.0,,39.024,60.976,390.24,0.0,12.195,26.829,0.41,2.6600000000000037,0.39024000000000003,0.60976,0.298640871801151,0.500961726943056,48.462804109117066,Mixed Performer
Faroe Islands,2021,FRO,53324.0,,39.535,60.465,395.35,0.0,11.628,25.581,0.43,3.1709999999999994,0.39535,0.60465,0.3025514264723889,0.504091933744977,48.718593344364926,Mixed Performer
Faroe Islands,2022,FRO,54039.0,,45.833,54.167,354.17,0.0,18.75,27.083,0.48,9.469000000000001,0.45833,0.54167,0.2710374066364638,0.5426712731549544,53.863933931412724,Mixed Performer
Faroe Islands,2023,FRO,54738.0,,46.939,53.061,346.94,0.0,18.367,26.531,0.49,10.575000000000003,0.46939000000000003,0.53061,0.26550446920533854,0.5494462413015779,54.767481889390204,Mixed Performer
Fiji,2000,FJI,840913.0,,72.0,28.0,240.0,0.0,0.0,54.667,0.75,0.0,0.72,0.28,0.18366597281743602,0.48466749975497403,70.87836317588871,Emerging Improver
Fiji,2001,FJI,849606.0,,74.684,25.316,215.19,0.0,0.0,58.228,0.79,2.6839999999999975,0.74684,0.25316,0.16467950287743358,0.5011087425267078,73.21004356596478,Emerging Improver
Fiji,2002,FJI,858057.0,,69.88,30.12,240.96,0.0,0.0,54.217,0.83,-2.1200000000000045,0.6988,0.3012,0.18440063670870577,0.4716811231990591,69.39320093026824,Emerging Improver
Fiji,2003,FJI,866297.0,,54.023,45.977,344.83,0.0,0.0,39.08,0.87,-17.976999999999997,0.5402300000000001,0.45976999999999996,0.2638897391943186,0.37454670195040674,56.434757049398144,Mixed Performer
Fiji,2004,FJI,874369.0,,56.818,43.182,329.55,0.0,0.0,42.045,0.88,-15.182000000000002,0.56818,0.43182000000000004,0.25219633892494187,0.3916678917965304,58.66090990382441,Mixed Performer
Fiji,2005,FJI,882384.0,,52.809,47.191,359.55,0.0,0.0,38.202,0.89,-19.191000000000003,0.52809,0.47191000000000005,0.27515458552712135,0.3671101636773498,55.313187816982214,Mixed Performer
Fiji,2006,FJI,890370.0,,52.222,47.778,355.56,0.0,0.0,37.778,0.9,-19.778,0.52222,0.47778,0.27210113872903147,0.3635144075271979,54.98338764468218,Mixed Performer
Fiji,2007,FJI,897843.0,,68.539,31.461,235.96,0.0,1.124,57.303,0.89,-3.4609999999999985,0.68539,0.31461,0.1805742622750092,0.46346662746251105,68.56104285506244,Emerging Improver
Fiji,2008,FJI,903403.0,,67.857,32.143,238.1,0.0,2.381,59.524,0.84,-4.143000000000001,0.67857,0.32143,0.1822119505326313,0.4592889346270705,68.04823525609027,Emerging Improver
Fiji,2009,FJI,907248.0,,62.651,37.349,265.06,0.0,2.41,55.422,0.83,-9.348999999999997,0.62651,0.37349,0.2028437614791233,0.427398804273253,63.9304880271207,Emerging Improver
Fiji,2010,FJI,910427.0,,52.273,47.727,340.91,0.0,1.136,46.591,0.88,-19.726999999999997,0.52273,0.47726999999999997,0.2608898616383005,0.3638268156424581,55.29895569367936,Mixed Performer
Fiji,2011,FJI,912991.0,,57.647,42.353,305.88,0.0,0.0,52.941,0.85,-14.353000000000002,0.57647,0.42353,0.2340822823558222,0.3967460550818387,59.68733376733203,Mixed Performer
Fiji,2012,FJI,914920.0,,66.279,33.721,244.19,0.0,1.163,60.465,0.86,-5.721000000000004,0.66279,0.33720999999999995,0.18687247459287376,0.44962266000196016,66.83992803520755,Emerging Improver
Fiji,2013,FJI,916359.0,,63.636,36.364,261.36,0.0,0.0,59.091,0.88,-8.363999999999997,0.63636,0.36363999999999996,0.20001224439818785,0.43343256885229836,64.68278242282977,Emerging Improver
Fiji,2014,FJI,917589.0,,48.352,51.648,362.64,0.0,0.0,43.956,0.91,-23.648000000000003,0.48352,0.51648,0.27751928492714584,0.3398081446633343,52.17034004677137,Mixed Performer
Fiji,2015,FJI,918585.0,,48.387,51.613,365.59,0.0,1.075,43.011,0.93,-23.613,0.48387,0.51613,0.2797768458430268,0.34002254238949325,52.13811698976672,Mixed Performer
Fiji,2016,FJI,919167.0,,54.737,45.263,305.26,1.053,0.0,51.579,0.95,-17.262999999999998,0.54737,0.45263,0.23360781192604382,0.37892041556404976,57.68581093530965,Mixed Performer
Fiji,2017,FJI,918762.0,,50.0,50.0,343.14,0.98,0.0,48.039,1.02,-22.0,0.5,0.5,0.26259642463572913,0.3499032147407625,53.683637605218216,Mixed Performer
Fiji,2018,FJI,917185.0,,59.091,40.909,300.0,0.909,0.0,50.909,1.1,-12.908999999999999,0.59091,0.40909,0.22958246602179502,0.40559149269822603,60.798910739928516,Emerging Improver
Fiji,2019,FJI,914906.0,,57.895,42.105,307.02,0.877,0.0,49.123,1.14,-14.104999999999997,0.5789500000000001,0.42105,0.23495469572670502,0.398265216112908,59.837110848525995,Mixed Performer
Fiji,2020,FJI,914971.0,,62.963,37.037,268.52,0.926,0.0,51.852,1.08,-9.036999999999999,0.62963,0.37037,0.20549161258724133,0.42931000686072723,64.08015978822988,Emerging Improver
Fiji,2021,FJI,916718.0,,62.264,37.736,273.59,0.943,0.0,51.887,1.06,-9.735999999999997,0.6226400000000001,0.37736,0.20937155626300966,0.42502817798686665,63.49953376322777,Emerging Improver
Fiji,2022,FJI,919428.0,,60.748,39.252,280.37,0.935,0.0,56.075,1.07,-11.252000000000002,0.60748,0.39252000000000004,0.21456011999510224,0.4157416936195236,62.3209224044153,Emerging Improver
Fiji,2023,FJI,924150.0,,63.478,36.522,278.26,0.87,0.0,52.174,1.15,-8.521999999999998,0.63478,0.36522,0.21294538998408227,0.43246471625992355,64.2501359942968,Emerging Improver
Fiji,2024,FJI,928800.0,,63.478,36.522,278.26,0.87,0.0,52.174,1.15,-8.521999999999998,0.63478,0.36522,0.21294538998408227,0.43246471625992355,64.2501359942968,Emerging Improver
Finland,2000,FIN,5176197.0,169209765102.0,33.414,34.458,246.82,0.0,0.114,20.952,69.97,0.0,0.33414000000000005,0.34458,0.18888514754499816,0.48466749975497403,55.62828380769965,Mixed Performer
Finland,2001,FIN,5187970.0,173703951475.0,28.932,40.484,284.89,0.0,0.094,17.73,74.45,-4.482000000000003,0.28931999999999997,0.40484000000000003,0.21801916248316394,0.45721233950798784,51.41290603054072,Mixed Performer
Finland,2002,FIN,5200548.0,176751491921.0,26.468,43.767,316.2,0.0,0.08,14.389,74.92,-6.9460000000000015,0.26468,0.43767000000000006,0.24197991918697195,0.44211873958639614,48.90433311412165,Mixed Performer
Finland,2003,FIN,5212958.0,180408462125.0,22.615,50.415,371.38,0.0,0.107,11.379,84.28,-10.799000000000003,0.22615,0.50415,0.28420778743724745,0.41851661276095264,44.4840545054831,Mixed Performer
Finland,2004,FIN,5228147.0,187633923914.0,29.858,43.674,325.37,0.0,0.14,17.556,85.84,-3.556000000000001,0.29858,0.43674,0.2489974898983715,0.4628846907772224,50.250133114199045,Mixed Performer
Finland,2005,FIN,5246078.0,192990732516.0,33.248,33.773,230.87,0.0,0.241,19.529,70.56,-0.16600000000000392,0.33248,0.33773000000000003,0.17667901310150608,0.4836506419680486,56.03133430198307,Mixed Performer
Finland,2006,FIN,5266248.0,200966858669.0,27.294,44.866,335.76,0.0,0.194,13.963,82.29,-6.120000000000001,0.27294,0.44866,0.256948695971593,0.4471785259237479,48.62036048956639,Mixed Performer
Finland,2007,FIN,5288715.0,211541390078.0,29.962,41.185,309.1,0.0,0.234,17.47,81.17,-3.4520000000000017,0.29962,0.41185000000000005,0.23654646749112282,0.4635217583063805,51.229614687317635,Mixed Performer
Finland,2008,FIN,5313379.0,213226105706.0,35.902,34.415,246.15,0.0,0.336,22.12,77.35,2.4879999999999995,0.35902,0.34415,0.18837241337088284,0.4999081152602176,56.75126139463119,Mixed Performer
Finland,2009,FIN,5338854.0,195739132370.0,30.114,37.233,276.16,0.0,0.389,17.61,72.06,-3.3000000000000007,0.30114,0.37233,0.21133831272192974,0.4644528570028423,52.91498503699439,Mixed Performer
Finland,2010,FIN,5363347.0,201746033638.0,29.985,41.741,314.86,0.0,0.36,16.022,80.64,-3.429000000000002,0.29985,0.41741,0.24095445083874129,0.4636626482407135,50.99057845264217,Mixed Performer
Finland,2011,FIN,5388236.0,207084301562.0,32.898,35.551,268.16,0.014,0.653,16.939,73.5,-0.5159999999999982,0.32898000000000005,0.35551000000000005,0.2052161136280152,0.4815066647064589,54.71874712989651,Mixed Performer
Finland,2012,FIN,5413978.0,204190196792.0,40.562,26.786,215.17,0.014,0.696,23.945,70.41,7.147999999999996,0.40562,0.26786000000000004,0.16466419737969878,0.528453641085955,61.310399681796866,Emerging Improver
Finland,2013,FIN,5439057.0,202349011206.0,35.967,30.901,257.65,0.014,1.081,18.019,71.26,2.5529999999999973,0.35967,0.30901,0.19717307456838495,0.5003062824659413,57.43846737277949,Mixed Performer
Finland,2014,FIN,5461686.0,201610622550.0,38.59,26.784,226.43,0.015,1.63,19.677,68.1,5.176000000000002,0.3859,0.26784,0.1732811926043835,0.5163738606292267,60.22407809432882,Emerging Improver
Finland,2015,FIN,5479719.0,202706706722.0,44.498,21.615,182.04,0.015,3.396,24.443,68.61,11.083999999999996,0.44498,0.21614999999999998,0.13931064038202523,0.5525641968048614,64.97624694252228,Emerging Improver
Finland,2016,FIN,5495468.0,208405735062.0,44.233,22.022,199.56,0.029,4.465,22.982,68.75,10.818999999999996,0.44233,0.22022,0.15271825639769807,0.550940899735372,64.42220708608812,Emerging Improver
Finland,2017,FIN,5508398.0,215058877437.0,46.608,20.098,186.17,0.074,7.094,21.875,67.52,13.193999999999996,0.46608,0.20098,0.1424712256642586,0.565489316867588,66.20885911140736,Emerging Improver
Finland,2018,FIN,5515730.0,217509947213.0,45.764,21.786,193.37,0.128,8.316,18.938,70.23,12.350000000000001,0.45764000000000005,0.21786000000000003,0.1479812048487817,0.5603192688424973,65.27615891141791,Emerging Improver
Finland,2019,FIN,5521754.0,220173891564.0,46.466,18.744,171.55,0.219,8.774,18.102,68.61,13.052,0.46466,0.18744,0.1312829068201298,0.5646194746643144,66.76431944946147,Emerging Improver
Finland,2020,FIN,5529616.0,214988893865.0,51.892,14.471,130.27,0.318,11.93,22.935,69.24,18.478,0.51892,0.14471,0.0996923594955308,0.5978572478682741,71.01999973063585,Emerging Improver
Finland,2021,FIN,5541069.0,221538476826.0,52.947,14.325,135.63,0.416,11.801,21.897,72.11,19.533,0.52947,0.14325,0.10379423288845353,0.6043198078996374,71.42014129628322,Emerging Improver
Finland,2022,FIN,5569300.0,226154847456.0,53.568,11.32,129.97,0.54,16.655,18.692,72.17,20.153999999999996,0.53568,0.11320000000000001,0.099462777029509,0.6081238361266295,72.55408811616171,Emerging Improver
Finland,2023,FIN,5601185.0,,51.889,6.023,81.21,0.883,18.449,18.646,81.52,18.475,0.5188900000000001,0.06023,0.06214797355209991,0.5978388709203175,74.06928372500226,Emerging Improver
Finland,2024,FIN,5617311.0,,55.857,4.652,66.63,1.139,24.809,17.323,82.55,22.442999999999998,0.55857,0.04652,0.050990265703440674,0.6221454474174263,76.44437506867537,Transition Leader
Finland,2025,FIN,5623328.0,,56.464,3.657,57.47,1.191,27.436,15.115,82.3,23.049999999999997,0.56464,0.03657,0.04398034774090853,0.6258637165539547,77.1365970547866,Transition Leader
France,2000,FRA,59483716.0,2031676031476.0,12.737,9.308,79.77,0.002,0.009,12.164,532.56,0.0,0.12737,0.09308,0.06104597771519529,0.48466749975497403,57.87481305344472,Mixed Performer
France,2001,FRA,59905131.0,2077786711965.0,14.023,8.373,68.63,0.002,0.024,13.384,542.6,1.2859999999999996,0.14023,0.08373,0.05252081547691931,0.49254508477898656,58.88995588476181,Mixed Performer
France,2002,FRA,60327247.0,2107316572579.0,11.373,9.395,75.21,0.002,0.049,10.681,551.24,-1.3640000000000008,0.11373,0.09394999999999999,0.057556324231664006,0.4763121140840929,57.33757360546979,Mixed Performer
France,2003,FRA,60741119.0,2130940712046.0,10.994,10.121,80.86,0.002,0.07,10.257,559.13,-1.7430000000000003,0.10994,0.10121000000000001,0.061880127341741156,0.47399049299225715,56.88050421134032,Mixed Performer
France,2004,FRA,61175244.0,2196883540402.0,11.022,9.825,77.19,0.002,0.104,10.249,566.3,-1.7149999999999999,0.11022,0.09824999999999999,0.05907156850740786,0.47416201117318435,57.03709095491257,Mixed Performer
France,2005,FRA,61625031.0,2238790479440.0,9.66,11.004,85.53,0.002,0.169,8.81,569.14,-3.077,0.0966,0.11004,0.06545396106281376,0.4658188768009409,55.980934125443774,Mixed Performer
France,2006,FRA,62049831.0,2297018080700.0,10.737,9.907,76.57,0.002,0.384,9.674,567.3,-2.0,0.10737000000000001,0.09907,0.05859709807762948,0.4724162011173184,56.90251556481903,Mixed Performer
France,2007,FRA,62432438.0,2354672057875.0,11.445,10.289,80.11,0.004,0.724,9.965,561.84,-1.2919999999999998,0.11445000000000001,0.10289,0.061306171176686665,0.47675316083504854,57.05214313310856,Mixed Performer
France,2008,FRA,62780187.0,2362451821701.0,12.757,9.736,76.03,0.007,1.004,10.963,566.98,0.019999999999999574,0.12757,0.09736,0.05818384963879025,0.4847900127413506,57.8482039501505,Mixed Performer
France,2009,FRA,63106460.0,2295352990111.0,12.886,9.639,75.6,0.032,1.496,10.492,528.87,0.14899999999999913,0.12886,0.09638999999999999,0.05785478143749234,0.48558022150347935,57.93768378661488,Mixed Performer
France,2010,FRA,63417366.0,2342490492199.0,13.635,10.164,78.56,0.11,1.768,10.883,562.36,0.8979999999999997,0.13635,0.10164,0.060119995102240725,0.4901683328432814,58.08077511509321,Mixed Performer
France,2011,FRA,63733776.0,2393401943613.0,11.63,10.436,74.62,0.41,2.179,8.058,567.65,-1.1069999999999993,0.11630000000000001,0.10436000000000001,0.05710481204848782,0.47788640595903165,57.20217578817328,Mixed Performer
France,2012,FRA,64058465.0,2400896391731.0,15.02,10.029,77.59,0.781,2.675,10.541,567.58,2.2829999999999995,0.1502,0.10029,0.05937767846210359,0.4986523571498579,58.74509339569528,Mixed Performer
France,2013,FRA,64387736.0,2414733629218.0,17.24,9.3,76.29,0.9,2.798,12.47,576.75,4.502999999999998,0.1724,0.09300000000000001,0.05838282110934248,0.5122512986376556,59.933198951831265,Mixed Performer
France,2014,FRA,64692495.0,2437822780219.0,16.604,6.322,52.22,1.128,3.058,11.261,566.31,3.866999999999999,0.16604,0.06322,0.03996265458552712,0.5083553856708811,60.857164420425036,Emerging Improver
France,2015,FRA,64916337.0,2464953810985.0,15.996,7.815,59.17,1.35,3.731,9.677,574.14,3.2590000000000003,0.15996000000000002,0.07815000000000001,0.04528131504836538,0.5046309908850338,60.08228198706638,Emerging Improver
France,2016,FRA,65086853.0,2491956183265.0,17.715,10.135,68.62,1.55,3.826,10.887,558.84,4.978,0.17715,0.10135,0.05251316272805192,0.5151609820640988,60.08108566276018,Emerging Improver
France,2017,FRA,65284775.0,2549057506683.0,16.538,11.781,78.31,1.596,4.428,8.997,555.74,3.801,0.16538,0.11781000000000001,0.0599286763805559,0.5079510928158385,58.96409948272369,Mixed Performer
France,2018,FRA,65519537.0,2596599107835.0,19.757,8.581,59.92,1.935,4.963,11.299,576.24,7.020000000000001,0.19757000000000002,0.08581,0.04585527121341986,0.5276695579731452,61.53836158926168,Emerging Improver
France,2019,FRA,65729460.0,2644453795826.0,19.964,9.48,59.79,2.125,6.139,10.063,565.52,7.2269999999999985,0.19963999999999998,0.09480000000000001,0.04575578547814375,0.5289375673821425,61.40756887377854,Emerging Improver
France,2020,FRA,65905273.0,2438594133224.0,23.714,9.178,59.08,2.483,7.596,11.858,527.25,10.976999999999999,0.23714,0.09178000000000001,0.04521244030855883,0.5519087523277467,63.15372027720223,Emerging Improver
France,2021,FRA,66083547.0,2604822841790.0,22.187,8.877,59.8,2.777,6.745,10.819,550.31,9.450000000000001,0.22187,0.08877,0.04576343822701114,0.5425548858178967,62.54043733159317,Emerging Improver
France,2022,FRA,66277412.0,2671568767031.0,24.201,12.883,78.54,4.129,8.155,9.726,468.45,11.464,0.24201,0.12883,0.06010468960450594,0.5548919435460159,62.07036191307759,Emerging Improver
France,2023,FRA,66438828.0,,26.89,7.915,53.26,4.355,9.731,10.776,518.75,14.153,0.26890000000000003,0.07915,0.04075854046773601,0.5713638145643438,64.98424370677175,Emerging Improver
France,2024,FRA,66548532.0,,27.176,5.102,40.48,4.427,8.087,12.66,561.78,14.438999999999998,0.27176,0.05102,0.030978327415207542,0.5731157502695285,66.05837806866273,Emerging Improver
France,2025,FRA,66650804.0,,26.064,5.149,41.44,5.583,8.156,10.423,569.98,13.327,0.26064,0.05149,0.031712991306477284,0.5663040282269921,65.53688564074295,Emerging Improver
French Guiana,2000,GUF,160633.0,,89.13,10.87,86.96,0.0,,89.13,0.46,0.0,0.8913,0.10869999999999999,0.06654830415085099,0.48466749975497403,84.08430489255333,Transition Leader
French Guiana,2001,GUF,168544.0,,70.0,30.0,216.67,0.0,,70.0,0.6,-19.129999999999995,0.7000000000000001,0.3,0.16581210970980775,0.3674838282857983,68.36695468154178,Emerging Improver
French Guiana,2002,GUF,176719.0,,66.667,33.333,238.1,0.0,,66.667,0.63,-22.462999999999994,0.66667,0.33333,0.1822119505326313,0.3470670391061453,65.65090682327639,Emerging Improver
French Guiana,2003,GUF,185101.0,,50.746,49.254,343.28,0.0,,50.746,0.67,-38.38399999999999,0.50746,0.49254,0.26270356311987264,0.24954057630108795,52.623119566519506,Mixed Performer
French Guiana,2004,GUF,193656.0,,61.194,38.806,268.66,0.0,,61.194,0.67,-27.935999999999993,0.61194,0.38805999999999996,0.20559875107138487,0.3135413603842008,61.2795516289784,Emerging Improver
French Guiana,2005,GUF,202452.0,,60.563,39.437,267.61,0.0,,60.563,0.71,-28.566999999999993,0.60563,0.39437,0.20479521244030857,0.30967607566402044,60.86306082395259,Emerging Improver
French Guiana,2006,GUF,210976.0,,73.973,26.027,191.78,0.0,,73.973,0.73,-15.156999999999996,0.73973,0.26027,0.14676441777886617,0.39182103302950116,71.59200505097087,Emerging Improver
French Guiana,2007,GUF,219123.0,,68.493,31.507,219.18,0.0,,68.493,0.73,-20.637,0.6849299999999999,0.31507,0.16773294967552346,0.3582524747623248,67.27626337954678,Emerging Improver
French Guiana,2008,GUF,226106.0,,66.667,33.333,226.67,0.0,,66.667,0.75,-22.462999999999994,0.66667,0.33333,0.17346485857720093,0.3470670391061453,65.86958412216215,Emerging Improver
French Guiana,2009,GUF,230715.0,,44.872,55.128,371.8,0.0,,44.872,0.78,-44.257999999999996,0.44872,0.55128,0.284529202889678,0.21355851220229344,48.01334761079246,Mixed Performer
French Guiana,2010,GUF,234578.0,,56.627,43.373,301.21,0.0,,55.422,0.83,-32.50299999999999,0.56627,0.43373,0.2305084486347496,0.28556551994511425,57.496971583307975,Mixed Performer
French Guiana,2011,GUF,239525.0,,61.446,38.554,265.06,4.819,,55.422,0.83,-27.683999999999997,0.61446,0.38554000000000005,0.2028437614791233,0.31508502401254534,61.5227813232101,Emerging Improver
French Guiana,2012,GUF,245784.0,,69.663,30.337,213.48,5.618,,62.921,0.89,-19.467,0.69663,0.30337000000000003,0.16337088282110934,0.36541948446535333,68.19482019645257,Emerging Improver
French Guiana,2013,GUF,253250.0,,60.674,39.326,269.66,4.494,,55.056,0.89,-28.455999999999996,0.6067400000000001,0.39326,0.20636402595812417,0.3103560227384103,60.90063969212305,Emerging Improver
French Guiana,2014,GUF,260564.0,,60.87,39.13,271.74,5.435,,54.348,0.92,-28.259999999999998,0.6087,0.39130000000000004,0.20795579772254194,0.3115566500049005,60.99645480700996,Emerging Improver
French Guiana,2015,GUF,266377.0,,59.14,40.86,279.57,5.376,,52.688,0.93,-29.989999999999995,0.5914,0.4086,0.2139479000857108,0.30095927668332845,59.649691648107165,Mixed Performer
French Guiana,2016,GUF,271278.0,,54.945,45.055,307.69,5.495,,48.352,0.91,-34.184999999999995,0.54945,0.45055,0.23546742990082037,0.27526217779084583,56.209246919342185,Mixed Performer
French Guiana,2017,GUF,276158.0,,67.391,32.609,228.26,5.435,,60.87,0.92,-21.73899999999999,0.6739100000000001,0.32609000000000005,0.17468164564711644,0.35150200921297664,66.34008899701675,Emerging Improver
French Guiana,2018,GUF,280972.0,,64.516,35.484,247.31,5.376,,58.065,0.93,-24.61399999999999,0.6451600000000001,0.35484000000000004,0.18926013223950044,0.3338907674213467,63.98645820533269,Emerging Improver
French Guiana,2019,GUF,285574.0,,49.474,50.526,347.37,5.263,,43.158,0.95,-39.656,0.49473999999999996,0.50526,0.26583353740663646,0.24174875036753896,51.664792820347174,Mixed Performer
French Guiana,2020,GUF,289063.0,,52.632,47.368,326.32,6.316,,45.263,0.95,-36.498,0.52632,0.47368000000000005,0.24972450104077384,0.26109355091639713,54.25249073772661,Mixed Performer
French Guiana,2021,GUF,293023.0,,70.103,29.897,216.5,6.186,,59.794,0.97,-19.027,0.7010299999999999,0.29897,0.16568201297906207,0.36811477016563754,68.441471228008,Emerging Improver
French Guiana,2022,GUF,298319.0,,71.579,28.421,210.53,5.263,,62.105,0.95,-17.551000000000002,0.7157899999999999,0.28421,0.16111332190522837,0.37715622856022735,69.57691038077269,Emerging Improver
French Guiana,2023,GUF,303408.0,,65.306,34.694,244.9,6.122,,53.061,0.98,-23.823999999999998,0.65306,0.34694,0.1874158197624587,0.33873003038322064,64.57915496168684,Emerging Improver
French Polynesia,2000,PYF,240346.0,,29.268,70.732,463.42,0.0,0.0,29.268,0.41,0.0,0.29268,0.7073200000000001,0.3546436880127342,0.48466749975497403,40.96472029600625,Mixed Performer
French Polynesia,2001,PYF,244107.0,,23.81,76.19,500.0,0.0,0.0,23.81,0.42,-5.458000000000002,0.23809999999999998,0.7619,0.3826374433696584,0.4512337057728119,36.488569502350714,Transition Laggard
French Polynesia,2002,PYF,247785.0,,28.261,71.739,478.26,0.0,0.0,28.261,0.46,-1.0070000000000014,0.28261,0.7173900000000001,0.36600036733194563,0.4784989708909144,39.98407538006507,Transition Laggard
French Polynesia,2003,PYF,251650.0,,31.915,68.085,446.81,0.0,0.0,31.915,0.47,2.6469999999999985,0.31915,0.68085,0.34193247214399414,0.5008820935019112,43.11391959892881,Mixed Performer
French Polynesia,2004,PYF,255663.0,,33.333,66.667,444.44,0.0,0.0,33.333,0.54,4.064999999999998,0.33333,0.66667,0.34011877066242197,0.509568264236009,44.140354696979585,Mixed Performer
French Polynesia,2005,PYF,259517.0,,35.294,64.706,431.37,0.0,0.0,35.294,0.51,6.025999999999996,0.35294,0.6470600000000001,0.3301166278927391,0.5215806625502303,45.747194240934974,Mixed Performer
French Polynesia,2006,PYF,263234.0,,37.736,62.264,415.09,0.0,0.0,37.736,0.53,8.467999999999996,0.37736,0.6226400000000001,0.317657952736623,0.5365394981868078,47.748243654386535,Mixed Performer
French Polynesia,2007,PYF,266448.0,,40.0,60.0,418.18,0.0,0.0,40.0,0.55,10.732,0.4,0.6,0.3200226521366475,0.5504079682446339,49.25555322025332,Mixed Performer
French Polynesia,2008,PYF,268390.0,,36.842,63.158,421.05,0.0,0.0,36.842,0.57,7.573999999999998,0.36841999999999997,0.63158,0.32221899106158935,0.5310631676957758,47.015672738896896,Mixed Performer
French Polynesia,2009,PYF,269494.0,,36.207,63.793,413.79,0.0,0.0,36.207,0.58,6.939,0.36207,0.63793,0.3166630953838619,0.5271733803783201,46.715223321078255,Mixed Performer
French Polynesia,2010,PYF,270590.0,,34.177,65.823,443.04,0.0,0.0,34.177,0.79,4.908999999999999,0.34177,0.65823,0.3390473858209869,0.5147383122610997,44.75109003839183,Mixed Performer
French Polynesia,2011,PYF,271734.0,,31.081,68.919,472.97,1.351,0.0,29.73,0.74,1.8129999999999988,0.31081,0.68919,0.3619520631810947,0.4957733019700088,42.03639795002276,Mixed Performer
French Polynesia,2012,PYF,273092.0,,29.167,70.833,472.22,1.389,0.0,27.778,0.72,-0.10099999999999909,0.29167000000000004,0.70833,0.3613781070160402,0.4840488091737724,40.726479462205575,Mixed Performer
French Polynesia,2013,PYF,274736.0,,25.0,75.0,500.0,2.941,0.0,22.059,0.68,-4.268000000000001,0.25,0.75,0.3826374433696584,0.458523228462217,37.31191234269179,Transition Laggard
French Polynesia,2014,PYF,276391.0,,29.412,70.588,470.59,4.412,0.0,25.0,0.68,0.14399999999999835,0.29412,0.70588,0.3601307089506551,0.48554959325688524,40.9271761750869,Mixed Performer
French Polynesia,2015,PYF,277877.0,,29.412,70.588,470.59,4.412,0.0,25.0,0.68,0.14399999999999835,0.29412,0.70588,0.3601307089506551,0.48554959325688524,40.9271761750869,Mixed Performer
French Polynesia,2016,PYF,279180.0,,30.882,69.118,455.88,4.412,0.0,26.471,0.68,1.6140000000000008,0.30882000000000004,0.69118,0.34887351536671973,0.4945542977555621,42.22567658216544,Mixed Performer
French Polynesia,2017,PYF,280096.0,,31.884,68.116,449.28,5.797,0.0,26.087,0.69,2.6159999999999997,0.31884,0.68116,0.34382270111424024,0.5006921983730276,43.04521544773941,Mixed Performer
French Polynesia,2018,PYF,279823.0,,29.412,70.588,470.59,5.882,0.0,23.529,0.68,0.14399999999999835,0.29412,0.70588,0.3601307089506551,0.48554959325688524,40.9271761750869,Mixed Performer
French Polynesia,2019,PYF,279040.0,,28.986,71.014,463.77,5.797,0.0,23.188,0.69,-0.28200000000000003,0.28986,0.71014,0.3549115342230929,0.48294006664706457,40.76291264412865,Mixed Performer
French Polynesia,2020,PYF,279218.0,,30.303,69.697,454.55,6.061,0.0,24.242,0.66,1.0350000000000001,0.30303,0.6969700000000001,0.3478556997673565,0.4910075467999608,41.8505207078155,Mixed Performer
French Polynesia,2021,PYF,279808.0,,28.788,71.212,469.7,7.576,0.0,21.212,0.66,-0.4800000000000004,0.28788,0.7121200000000001,0.35944961430145705,0.4817271880819367,40.51246746369262,Mixed Performer
French Polynesia,2022,PYF,280388.0,,33.803,66.197,436.62,7.042,0.0,26.761,0.71,4.534999999999997,0.33803,0.6619700000000001,0.3341343210481205,0.5124473194158581,44.61515176503486,Mixed Performer
French Polynesia,2023,PYF,281125.0,,33.803,66.197,436.62,7.042,0.0,26.761,0.71,4.534999999999997,0.33803,0.6619700000000001,0.3341343210481205,0.5124473194158581,44.61515176503486,Mixed Performer
French Polynesia,2024,PYF,281816.0,,34.722,65.278,430.56,8.333,0.0,26.389,0.72,5.454000000000001,0.34722000000000003,0.65278,0.32949675523448024,0.5180767911398608,45.36693298623591,Mixed Performer
Gabon,2000,GAB,1275578.0,12538030035.0,61.832,38.168,305.34,0.0,0.0,61.069,1.31,0.0,0.61832,0.38168,0.23366903391698296,0.48466749975497403,63.527486648400036,Emerging Improver
Gabon,2001,GAB,1309594.0,13408080502.0,62.857,37.143,307.14,0.0,0.0,62.143,1.4,1.0249999999999986,0.62857,0.37143000000000004,0.23504652871311374,0.4909462903067725,64.20223113677373,Emerging Improver
Gabon,2002,GAB,1345142.0,13745891364.0,62.585,37.415,306.12,0.0,0.0,61.905,1.47,0.7530000000000001,0.62585,0.37415,0.23426594832863964,0.4892801136920514,64.03355299716478,Emerging Improver
Gabon,2003,GAB,1382354.0,14717147740.0,58.824,41.176,326.8,0.0,0.0,58.17,1.53,-3.0080000000000027,0.58824,0.41176,0.25009183298640875,0.46624154660394,61.035727374398874,Emerging Improver
Gabon,2004,GAB,1421620.0,15597639635.0,58.17,41.83,333.33,0.0,0.0,57.516,1.53,-3.661999999999999,0.5817,0.4183,0.25508907799681646,0.46223537194942665,60.45830362932099,Emerging Improver
Gabon,2005,GAB,1463503.0,16662264363.0,51.592,48.408,375.8,0.0,0.0,50.955,1.57,-10.240000000000002,0.51592,0.48408,0.28759030243663525,0.4219408507301774,55.09455520003678,Mixed Performer
Gabon,2006,GAB,1508338.0,17083887620.0,57.229,42.771,337.35,0.0,0.0,56.627,1.66,-4.6030000000000015,0.57229,0.42771000000000003,0.25816548304150855,0.45647113594040967,59.73032996306843,Mixed Performer
Gabon,2007,GAB,1556242.0,19294943982.0,46.243,53.757,404.62,0.0,0.0,45.665,1.73,-15.588999999999999,0.46243,0.53757,0.30964552467246237,0.38917475252376754,50.842283171044954,Mixed Performer
Gabon,2008,GAB,1607182.0,19821156608.0,49.171,50.829,403.32,0.0,0.0,48.619,1.81,-12.661000000000001,0.49171,0.50829,0.30865066731970126,0.4071106537292953,52.8929931229469,Mixed Performer
Gabon,2009,GAB,1661567.0,21001791917.0,51.913,48.087,398.91,0.0,0.0,51.366,1.83,-9.919000000000004,0.51913,0.48087,0.3052758050691809,0.42390718416152107,54.87451263569329,Mixed Performer
Gabon,2010,GAB,1719883.0,23885406357.0,47.15,52.85,445.6,0.0,0.0,46.632,1.93,-14.682000000000002,0.4715,0.5285,0.34100648953103957,0.3947307164559443,50.685798508563174,Mixed Performer
Gabon,2011,GAB,1781987.0,27165828850.0,41.379,58.621,492.61,0.0,0.0,40.887,2.03,-20.453000000000003,0.41379,0.58621,0.37698206195665485,0.35937959423698906,45.79354236463846,Mixed Performer
Gabon,2012,GAB,1846893.0,28592310064.0,42.13,57.87,481.48,0.0,0.0,41.667,2.16,-19.701999999999998,0.4213,0.5787,0.36846455246724624,0.36397995687542883,46.52608554145027,Mixed Performer
Gabon,2013,GAB,1913061.0,30169739768.0,44.976,55.024,454.55,0.0,0.0,44.498,2.09,-16.856,0.44976,0.5502400000000001,0.3478556997673565,0.3814135548368127,49.01041082836828,Mixed Performer
Gabon,2014,GAB,1978400.0,31507773384.0,40.201,59.799,497.49,0.0,0.0,39.698,1.99,-21.631,0.40201000000000003,0.59799,0.3807166034039427,0.35216357933941,44.885138604992584,Mixed Performer
Gabon,2015,GAB,2040990.0,32729961516.0,43.396,56.604,476.42,0.0,0.0,42.925,2.12,-18.436,0.43396,0.56604,0.3645922615403453,0.37173502891306476,47.49881889518734,Mixed Performer
Gabon,2016,GAB,2100310.0,33414337569.0,37.9,62.1,525.11,0.0,0.0,37.443,2.19,-23.932000000000002,0.379,0.621,0.40185349577568263,0.33806846025678716,42.76468950945974,Mixed Performer
Gabon,2017,GAB,2156902.0,33572391290.0,41.964,58.036,495.54,0.0,0.0,41.518,2.24,-19.868000000000002,0.41964,0.58036,0.37922431737480106,0.3629630990885034,46.142238551957526,Mixed Performer
Gabon,2018,GAB,2212320.0,33855404131.0,47.122,52.878,438.85,0.0,0.0,46.763,2.78,-14.71,0.47122,0.52878,0.3358408840455492,0.3945591982750172,50.79556587298653,Mixed Performer
Gabon,2019,GAB,2267711.0,35180839675.0,46.479,53.521,443.66,0.0,0.0,46.127,2.84,-15.353000000000002,0.46479,0.5352100000000001,0.3395218562507653,0.3906204057630109,50.258659680176024,Mixed Performer
Gabon,2020,GAB,2322538.0,34525072669.0,48.805,51.195,423.21,0.0,0.0,48.464,2.93,-13.027000000000001,0.48805,0.51195,0.32387198481694623,0.40486866607860433,52.259230370755404,Mixed Performer
Gabon,2021,GAB,2376729.0,35037430976.0,46.622,53.378,439.19,0.0,0.0,46.284,2.96,-15.21,0.46622,0.53378,0.33610107750704055,0.39149637361560324,50.44311866655803,Mixed Performer
Gabon,2022,GAB,2430750.0,36035291983.0,47.962,52.038,429.47,0.0,0.0,47.649,3.19,-13.869999999999997,0.47962000000000005,0.52038,0.3286626056079344,0.3997047437028325,51.55620601534413,Mixed Performer
Gabon,2023,GAB,2484790.0,,35.521,64.479,525.1,0.0,0.0,35.135,2.59,-26.311,0.35521,0.64479,0.40184584302681525,0.3234955405272959,41.11888703223906,Mixed Performer
Gabon,2024,GAB,2538953.0,,35.385,64.615,523.08,0.0,0.0,35.0,2.6,-26.447000000000003,0.35385,0.64615,0.4002999877556018,0.3226624522199353,41.063437089408986,Mixed Performer
Gambia,2000,GMB,1455095.0,1955249650.0,0.0,100.0,692.31,0.0,0.0,0.0,0.13,0.0,0.0,1.0,0.5298074568384964,0.48466749975497403,19.0248260753622,Transition Laggard
Gambia,2001,GMB,1495023.0,2082662873.0,0.0,100.0,666.67,0.0,0.0,0.0,0.15,0.0,0.0,1.0,0.5101858087425003,0.48466749975497403,19.515367277762103,Transition Laggard
Gambia,2002,GMB,1535700.0,2108436308.0,0.0,100.0,666.67,0.0,0.0,0.0,0.15,0.0,0.0,1.0,0.5101858087425003,0.48466749975497403,19.515367277762103,Transition Laggard
Gambia,2003,GMB,1577619.0,2172586623.0,0.0,100.0,647.06,0.0,0.0,0.0,0.17,0.0,0.0,1.0,0.4951787682135423,0.48466749975497403,19.890543290986056,Transition Laggard
Gambia,2004,GMB,1621309.0,2391385185.0,0.0,100.0,684.21,0.0,0.0,0.0,0.19,0.0,0.0,1.0,0.5236087302559079,0.48466749975497403,19.179794239926913,Transition Laggard
Gambia,2005,GMB,1667035.0,2386414713.0,0.0,100.0,650.0,0.0,0.0,0.0,0.2,0.0,0.0,1.0,0.4974286763805559,0.48466749975497403,19.83429558681071,Transition Laggard
Gambia,2006,GMB,1715285.0,2432257588.0,0.0,100.0,636.36,0.0,0.0,0.0,0.22,0.0,0.0,1.0,0.48699032692543165,0.48466749975497403,20.09525432318882,Transition Laggard
Gambia,2007,GMB,1765778.0,2539291281.0,0.0,100.0,652.17,0.0,0.0,0.0,0.23,0.0,0.0,1.0,0.4990893228847802,0.48466749975497403,19.792779424205108,Transition Laggard
Gambia,2008,GMB,1817859.0,2704420689.0,0.0,100.0,666.67,0.0,0.0,0.0,0.24,0.0,0.0,1.0,0.5101858087425003,0.48466749975497403,19.515367277762103,Transition Laggard
Gambia,2009,GMB,1871428.0,2899496318.0,0.0,100.0,666.67,0.0,0.0,0.0,0.24,0.0,0.0,1.0,0.5101858087425003,0.48466749975497403,19.515367277762103,Transition Laggard
Gambia,2010,GMB,1926634.0,3111135545.0,0.0,100.0,640.0,0.0,0.0,0.0,0.25,0.0,0.0,1.0,0.48977592751316273,0.48466749975497403,20.02561430849554,Transition Laggard
Gambia,2011,GMB,1983785.0,3000862000.0,0.0,100.0,640.0,0.0,0.0,0.0,0.25,0.0,0.0,1.0,0.48977592751316273,0.48466749975497403,20.02561430849554,Transition Laggard
Gambia,2012,GMB,2043097.0,3174000000.0,0.0,100.0,640.0,0.0,0.0,0.0,0.25,0.0,0.0,1.0,0.48977592751316273,0.48466749975497403,20.02561430849554,Transition Laggard
Gambia,2013,GMB,2103825.0,3327261000.0,0.0,100.0,640.0,0.0,0.0,0.0,0.25,0.0,0.0,1.0,0.48977592751316273,0.48466749975497403,20.02561430849554,Transition Laggard
Gambia,2014,GMB,2164535.0,3357018000.0,0.0,100.0,640.0,0.0,0.0,0.0,0.25,0.0,0.0,1.0,0.48977592751316273,0.48466749975497403,20.02561430849554,Transition Laggard
Gambia,2015,GMB,2224530.0,3514848000.0,0.0,100.0,642.86,0.0,0.0,0.0,0.28,0.0,0.0,1.0,0.4919646136892372,0.48466749975497403,19.970897154093677,Transition Laggard
Gambia,2016,GMB,2283775.0,3558432648.0,0.0,100.0,666.67,0.0,0.0,0.0,0.3,0.0,0.0,1.0,0.5101858087425003,0.48466749975497403,19.515367277762103,Transition Laggard
Gambia,2017,GMB,2342191.0,3704517995.0,0.0,100.0,645.16,0.0,0.0,0.0,0.31,0.0,0.0,1.0,0.4937247459287376,0.48466749975497403,19.926893848106168,Transition Laggard
Gambia,2018,GMB,2399633.0,3947001965.0,0.0,100.0,666.67,0.0,0.0,0.0,0.39,0.0,0.0,1.0,0.5101858087425003,0.48466749975497403,19.515367277762103,Transition Laggard
Gambia,2019,GMB,2456847.0,4192588256.0,0.0,100.0,652.17,0.0,0.0,0.0,0.46,0.0,0.0,1.0,0.4990893228847802,0.48466749975497403,19.792779424205108,Transition Laggard
Gambia,2020,GMB,2515744.0,4217390293.0,0.0,100.0,666.67,0.0,0.0,0.0,0.48,0.0,0.0,1.0,0.5101858087425003,0.48466749975497403,19.515367277762103,Transition Laggard
Gambia,2021,GMB,2576015.0,4439051582.0,0.0,100.0,660.0,0.0,0.0,0.0,0.5,0.0,0.0,1.0,0.5050814252479491,0.48466749975497403,19.64297686512588,Transition Laggard
Gambia,2022,GMB,2636472.0,4656793663.0,0.0,100.0,666.67,0.0,0.0,0.0,0.51,0.0,0.0,1.0,0.5101858087425003,0.48466749975497403,19.515367277762103,Transition Laggard
Gambia,2023,GMB,2697846.0,,0.0,100.0,666.67,0.0,0.0,0.0,0.51,0.0,0.0,1.0,0.5101858087425003,0.48466749975497403,19.515367277762103,Transition Laggard
Gambia,2024,GMB,2759999.0,,0.0,100.0,666.67,0.0,0.0,0.0,0.51,0.0,0.0,1.0,0.5101858087425003,0.48466749975497403,19.515367277762103,Transition Laggard
Georgia,2000,GEO,4328361.0,23550477143.0,78.804,21.196,152.17,0.0,0.0,78.804,7.36,0.0,0.7880400000000001,0.21196,0.11645187951512183,0.48466749975497403,76.64111550844656,Transition Leader
Georgia,2001,GEO,4209641.0,24543619701.0,79.797,20.203,146.8,0.0,0.0,79.797,6.88,0.992999999999995,0.79797,0.20203,0.1123423533733317,0.49075026952857,77.43089520859525,Transition Leader
Georgia,2002,GEO,4127854.0,25794086372.0,93.185,6.815,65.37,0.0,0.0,93.185,7.19,14.381,0.9318500000000001,0.06815,0.05002601934614914,0.5727604626090366,88.25175645548183,Transition Leader
Georgia,2003,GEO,4085489.0,28539726793.0,90.986,9.014,77.47,0.0,0.0,90.986,7.1,12.182000000000002,0.9098600000000001,0.09014,0.05928584547569487,0.5592901597569343,86.49880625946165,Transition Leader
Georgia,2004,GEO,4056076.0,30055110813.0,87.318,12.682,100.58,0.0,0.0,87.318,6.86,8.513999999999996,0.87318,0.12682000000000002,0.07697134810824048,0.5368212780554739,83.5188354681261,Transition Leader
Georgia,2005,GEO,4026135.0,32780625465.0,85.694,14.306,111.11,0.0,0.0,85.694,7.2,6.890000000000001,0.85694,0.14306,0.08502969266560549,0.5268732235616975,82.19375603678533,Transition Leader
Georgia,2006,GEO,3996584.0,35705812889.0,70.415,29.585,200.8,0.0,0.0,70.415,7.47,-8.388999999999996,0.70415,0.29585,0.1536671972572548,0.4332794276193277,69.90651148285856,Emerging Improver
Georgia,2007,GEO,3967592.0,40006939154.0,79.412,20.588,148.24,0.0,0.0,79.412,8.5,0.6080000000000041,0.79412,0.20588,0.11344434921023633,0.4883918945408214,77.13696968785642,Transition Leader
Georgia,2008,GEO,3941192.0,40781279289.0,84.606,15.394,116.95,0.0,0.0,84.606,8.38,5.8019999999999925,0.8460599999999999,0.15394,0.0894988980041631,0.5202085171028129,81.32925530643811,Transition Leader
Georgia,2009,GEO,3918935.0,39112877651.0,88.115,11.885,94.84,0.0,0.0,88.115,8.33,9.310999999999993,0.88115,0.11885,0.0725786702583568,0.5417034205625796,84.18008455197977,Transition Leader
Georgia,2010,GEO,3895932.0,41359835742.0,93.166,6.834,65.33,0.0,0.0,93.166,9.95,14.361999999999995,0.9316599999999999,0.06834,0.04999540835067957,0.5726440752719788,88.2393759203127,Transition Leader
Georgia,2011,GEO,3868724.0,44138043878.0,77.944,22.056,157.69,0.0,0.0,77.944,10.02,-0.8599999999999994,0.77944,0.22056,0.12067619688992286,0.4793994413407821,75.94048669786365,Transition Leader
Georgia,2012,GEO,3839208.0,46970386649.0,74.324,25.676,177.76,0.0,0.0,74.324,9.62,-4.480000000000004,0.74324,0.25676,0.13603526386678094,0.4572245908066255,73.05188726542985,Emerging Improver
Georgia,2013,GEO,3809128.0,48668828674.0,82.064,17.936,131.26,0.0,0.0,82.064,9.98,3.259999999999991,0.8206399999999999,0.17936,0.10044998163340271,0.5046371165343526,79.29670720718023,Transition Leader
Georgia,2014,GEO,3792921.0,50830708616.0,80.175,19.825,143.83,0.0,0.0,80.175,10.29,1.3709999999999951,0.80175,0.19825,0.11006948695971594,0.4930657649710869,77.74924930057341,Transition Leader
Georgia,2015,GEO,3791570.0,52369351007.0,77.86,22.14,157.21,0.0,0.0,77.86,10.75,-0.9440000000000026,0.7786,0.2214,0.120308864944288,0.47888488679800056,75.8915516783628,Transition Leader
Georgia,2016,GEO,3792061.0,53891203471.0,80.505,19.495,141.86,0.0,0.087,80.418,11.49,1.7009999999999934,0.8050499999999999,0.19495,0.10856189543283949,0.49508722924630005,78.01526105287351,Transition Leader
Georgia,2017,GEO,3792860.0,56501161966.0,80.507,19.493,141.61,0.0,0.787,79.72,11.44,1.703000000000003,0.8050700000000001,0.19493,0.10837057671115466,0.4950994805449378,78.0214277903952,Transition Leader
Georgia,2018,GEO,3794881.0,59237502380.0,82.475,17.525,128.74,0.0,0.664,81.811,12.04,3.6709999999999923,0.82475,0.17525,0.09852148891881965,0.5071547584043908,79.62928415309538,Transition Leader
Georgia,2019,GEO,3796722.0,62188716739.0,76.054,23.946,167.79,0.0,0.759,75.295,11.86,-2.75,0.76054,0.23946,0.12840547324598994,0.4678219641281976,74.4395926307732,Emerging Improver
Georgia,2020,GEO,3795680.0,57984758412.0,74.731,25.269,175.63,0.0,0.806,73.925,11.16,-4.0730000000000075,0.7473099999999999,0.25268999999999997,0.1344052283580262,0.4597177300793884,73.37423524224018,Emerging Improver
Georgia,2021,GEO,3788450.0,64053441556.0,81.171,18.829,136.87,0.0,0.633,80.538,12.64,2.3670000000000044,0.81171,0.18829,0.10474317374801029,0.49916691169263944,78.57152433168933,Transition Leader
Georgia,2022,GEO,3794782.0,70528605169.0,76.211,23.789,167.02,0.0,0.632,75.579,14.25,-2.5930000000000035,0.76211,0.23789000000000002,0.1278162115832007,0.4687836910712535,74.56295007648878,Emerging Improver
Georgia,2023,GEO,3807494.0,,76.091,23.909,167.71,0.208,0.624,75.26,14.43,-2.713000000000008,0.76091,0.23909,0.12834425125505083,0.4680486131529942,74.46672291591864,Emerging Improver
Georgia,2024,GEO,3807668.0,,79.828,20.172,145.01,0.215,0.646,78.966,13.93,1.024000000000001,0.7982800000000001,0.20172,0.11097251132606832,0.4909401646574537,77.48658968671009,Transition Leader
Georgia,2025,GEO,3806669.0,,79.63,20.37,145.93,0.222,0.593,78.815,13.5,0.8259999999999934,0.7963,0.20370000000000002,0.1116765642218685,0.48972728609232574,77.33199518583818,Transition Leader
Germany,2000,DEU,81797255.0,2718560455818.0,6.224,63.965,573.16,0.0,1.643,3.819,568.95,0.0,0.062240000000000004,0.63965,0.43862495408350677,0.48466749975497403,32.49153864423694,Transition Laggard
Germany,2001,DEU,81933882.0,2793373055251.0,6.543,63.868,565.48,0.017,1.807,3.926,578.94,0.31899999999999995,0.06543,0.63868,0.4327476429533489,0.4866215818876801,32.80368265448148,Transition Laggard
Germany,2002,DEU,82068328.0,2822441773260.0,7.621,64.141,569.62,0.034,2.717,3.961,583.76,1.3970000000000002,0.07621,0.64141,0.4359158809844496,0.49322503185337646,33.1325784531894,Transition Laggard
Germany,2003,DEU,82111619.0,2831676106520.0,7.752,64.831,570.01,0.051,3.171,3.043,602.03,1.5279999999999996,0.07752,0.64831,0.43621433819027794,0.4940274919141429,33.0105039239552,Transition Laggard
Germany,2004,DEU,82092706.0,2894624877966.0,9.51,63.084,554.71,0.092,4.268,3.404,609.6,3.2859999999999996,0.0951,0.6308400000000001,0.4245056324231664,0.5047963834166421,34.51680494067047,Transition Laggard
Germany,2005,DEU,82046733.0,2945460930734.0,10.342,63.074,546.3,0.214,4.528,3.202,613.34,4.118,0.10342000000000001,0.63074,0.4180696706256887,0.5098929236499069,35.047852089106385,Transition Laggard
Germany,2006,DEU,81701971.0,3086359147617.0,11.514,61.944,536.21,0.36,4.97,3.178,630.2,5.289999999999999,0.11513999999999999,0.61944,0.4103480470184891,0.5170721846515731,36.04128159431137,Transition Laggard
Germany,2007,DEU,81298546.0,3220275669650.0,14.172,63.56,551.81,0.498,6.419,3.354,631.1,7.948,0.14172,0.6356,0.42228633525162235,0.5333541605410174,36.5133540268247,Transition Laggard
Germany,2008,DEU,81110780.0,3289020399474.0,14.925,61.59,525.41,0.713,6.544,3.233,632.29,8.701,0.14925000000000002,0.6159,0.4020830782417044,0.5379667744780947,37.843674661128816,Transition Laggard
Germany,2009,DEU,80935276.0,3136502162046.0,16.341,60.71,521.55,1.143,6.705,3.237,587.96,10.117,0.16341000000000003,0.6071,0.3991291171788906,0.5466406939135549,38.76323247923106,Transition Laggard
Germany,2010,DEU,80830916.0,3301123203586.0,16.887,60.595,516.65,1.916,6.176,3.356,624.21,10.663,0.16887000000000002,0.60595,0.395379270233868,0.5499852984416348,39.12699772077782,Transition Laggard
Germany,2011,DEU,80857877.0,3467712967640.0,20.567,61.587,529.67,3.304,8.241,2.921,605.0,14.343,0.20567000000000002,0.61587,0.4053431492592139,0.5725276879349211,40.25603658754348,Mixed Performer
Germany,2012,DEU,80916391.0,3482225441398.0,23.136,60.817,534.16,4.314,8.338,3.509,619.81,16.912,0.23136,0.60817,0.4087792335006734,0.5882644810349897,41.49783637800801,Mixed Performer
Germany,2013,DEU,81041581.0,3497463140441.0,24.131,60.419,538.04,4.863,8.376,3.653,629.69,17.907,0.24131,0.60419,0.411748500061222,0.5943595021072234,41.9627800300778,Mixed Performer
Germany,2014,DEU,81376078.0,3574741315261.0,26.171,58.132,521.68,5.729,9.455,3.166,618.75,19.947,0.26171,0.58132,0.39922860291416673,0.606855826717632,43.748972327910316,Mixed Performer
Germany,2015,DEU,82077546.0,3628073946157.0,29.435,56.204,503.59,5.958,12.613,2.969,639.17,23.211,0.29435,0.56204,0.3853847802130525,0.626849946094286,46.01937968608797,Mixed Performer
Germany,2016,DEU,82760102.0,3708979940863.0,29.482,57.326,498.3,5.855,12.458,3.203,641.52,23.258,0.29482,0.57326,0.38133647606220156,0.6271378516122709,45.860855872629024,Mixed Performer
Germany,2017,DEU,83104010.0,3808389445530.0,33.467,54.691,469.71,6.014,16.4,3.127,644.46,27.243,0.33466999999999997,0.54691,0.3594572670503245,0.6515485641477996,48.82749678595888,Mixed Performer
Germany,2018,DEU,83368507.0,3845758522294.0,35.258,52.722,454.55,7.01,17.389,2.798,632.28,29.034000000000002,0.35258000000000006,0.52722,0.3478556997673565,0.6625196020778203,50.401201536983386,Mixed Performer
Germany,2019,DEU,83559184.0,3886392581475.0,40.189,47.301,392.51,7.536,20.979,3.288,600.09,33.965,0.40189,0.47301000000000004,0.3003780457940492,0.6927251788689601,55.122326538183174,Mixed Performer
Germany,2020,DEU,83628711.0,3742721113842.0,44.374,44.266,355.61,8.734,23.31,3.303,566.75,38.150000000000006,0.44374,0.44266,0.27213940247336843,0.7183610212682545,58.4363302571896,Mixed Performer
Germany,2021,DEU,83697080.0,3841041747482.0,40.167,47.89,394.64,8.524,19.723,3.397,578.83,33.943,0.40167,0.4789,0.302008081302804,0.6925904145839459,54.9246041861891,Mixed Performer
Germany,2022,DEU,84086227.0,3909612753939.0,44.373,49.504,419.74,10.637,22.017,3.108,566.88,38.149,0.44372999999999996,0.49504,0.3212164809599608,0.7183548956189356,55.899461410285014,Mixed Performer
Germany,2023,DEU,84548233.0,,54.685,43.89,362.92,12.605,27.735,4.192,506.72,48.461,0.5468500000000001,0.4389,0.27773356189543286,0.7815225913946878,62.946749823534496,Emerging Improver
Germany,2024,DEU,84552234.0,,58.642,41.358,336.38,14.946,28.549,4.805,495.99,52.418000000000006,0.58642,0.41358,0.25742316640137136,0.8057617857492895,65.83604762620506,Emerging Improver
Germany,2025,DEU,84075075.0,,59.092,40.908,329.65,17.907,27.18,3.908,500.47,52.867999999999995,0.59092,0.40908,0.25227286641361574,0.8085183279427619,66.27615325880103,Emerging Improver
Ghana,2000,GHA,19637085.0,41569375833.0,91.353,8.647,79.5,0.0,0.0,91.213,7.17,0.0,0.91353,0.08647,0.06083935349577568,0.48466749975497403,85.5608286589302,Transition Leader
Ghana,2001,GHA,20167073.0,43462708607.0,83.867,16.133,126.76,0.0,0.0,83.739,7.81,-7.48599999999999,0.83867,0.16133,0.09700624464307579,0.4388108889542292,79.47720721823653,Transition Leader
Ghana,2002,GHA,20729392.0,45606385848.0,68.776,31.224,221.46,0.0,0.0,68.638,7.27,-22.576999999999998,0.6877599999999999,0.31224,0.1694777764172891,0.34636871508379885,67.22418631582474,Emerging Improver
Ghana,2003,GHA,21296710.0,48182826322.0,65.646,34.354,241.5,0.0,0.0,65.476,5.88,-25.706999999999994,0.65646,0.34354,0.184813885147545,0.32719543271586793,64.6751843620494,Emerging Improver
Ghana,2004,GHA,21868298.0,51015950853.0,87.333,12.667,103.33,0.0,0.0,87.167,6.0,-4.019999999999996,0.87333,0.12667,0.0790758540467736,0.4600423894932863,82.32353949122995,Transition Leader
Ghana,2005,GHA,22449446.0,54178109578.0,82.789,17.211,132.05,0.0,0.0,82.641,6.74,-8.563999999999993,0.82789,0.17210999999999999,0.1010545487939268,0.4322074389885328,78.63014786497983,Transition Leader
Ghana,2006,GHA,23040704.0,57735681030.0,66.389,33.611,237.19,0.0,0.0,66.269,8.39,-24.964,0.66389,0.33610999999999996,0.18151555038569855,0.33174679015975694,65.27171309275388,Emerging Improver
Ghana,2007,GHA,23642284.0,60409358255.0,53.161,46.839,321.84,0.0,0.0,53.017,6.96,-38.19199999999999,0.53161,0.46839,0.2462960695481817,0.25071670097030285,54.499948775849994,Mixed Performer
Ghana,2008,GHA,24249945.0,66155974151.0,73.918,26.082,189.9,0.0,0.0,73.678,8.32,-17.434999999999988,0.7391800000000001,0.26082,0.14532570099179626,0.37786680388121147,71.38565953342327,Emerging Improver
Ghana,2009,GHA,24862667.0,69564814012.0,76.398,23.602,173.38,0.0,0.0,76.174,8.94,-14.954999999999998,0.76398,0.23602,0.13268335986286273,0.39305841419190435,73.41759221630699,Emerging Improver
Ghana,2010,GHA,25475000.0,75296610301.0,68.676,31.324,230.24,0.0,0.0,68.478,10.12,-22.676999999999992,0.68676,0.31324,0.1761968899228603,0.34575615015191613,66.98702000420724,Emerging Improver
Ghana,2011,GHA,26095091.0,86160263888.0,66.401,33.599,253.76,0.0,0.0,66.225,11.31,-24.951999999999998,0.66401,0.33598999999999996,0.19419615525896902,0.33182029795158285,64.96300058779953,Emerging Improver
Ghana,2012,GHA,26734273.0,93421855305.0,65.926,34.074,251.03,0.0,0.0,65.761,12.15,-25.426999999999992,0.6592600000000001,0.34074,0.1921069548181707,0.3289106145251397,64.68658534742283,Emerging Improver
Ghana,2013,GHA,27386193.0,100187456075.0,62.895,37.105,266.36,0.0,0.0,62.741,12.99,-28.45799999999999,0.62895,0.37105,0.20383861883188442,0.31034377143977265,62.29619110079947,Emerging Improver
Ghana,2014,GHA,28041592.0,103048820009.0,63.609,36.391,269.11,0.0,0.0,63.456,13.08,-27.743999999999993,0.63609,0.36391,0.20594312477041754,0.3147174850534157,62.737584156540805,Emerging Improver
Ghana,2015,GHA,28696071.0,105234477793.0,49.914,50.086,369.42,0.0,0.0,49.742,11.64,-41.43899999999999,0.49914000000000003,0.50086,0.2827078486592384,0.23082671763206902,51.34310454800007,Mixed Performer
Ghana,2016,GHA,29356736.0,108784039058.0,42.217,57.783,410.02,0.228,0.0,41.838,13.17,-49.135999999999996,0.42217,0.5778300000000001,0.3137780090608546,0.18367759482505147,45.2409136958544,Mixed Performer
Ghana,2017,GHA,30008364.0,117627099029.0,42.632,57.368,407.52,0.226,0.0,42.256,13.3,-48.721,0.42632,0.5736800000000001,0.3118648218440064,0.18621973929236502,45.57587554328531,Mixed Performer
Ghana,2018,GHA,30637592.0,124919973796.0,40.711,59.289,421.87,0.201,0.0,40.376,14.91,-50.641999999999996,0.40710999999999997,0.59289,0.3228465164687156,0.17445236695089678,43.97222259254556,Mixed Performer
Ghana,2019,GHA,31258943.0,133049773378.0,42.312,57.688,416.76,0.289,0.0,41.908,17.3,-49.041,0.42312,0.5768800000000001,0.31893596179747763,0.18425953151034008,45.17769392771816,Mixed Performer
Ghana,2020,GHA,31887802.0,133733644694.0,37.354,62.646,459.2,0.304,0.0,36.949,19.73,-53.998999999999995,0.37354,0.62646,0.3514142279906943,0.1538885621875919,40.93537273304652,Mixed Performer
Ghana,2021,GHA,32518662.0,140896419821.0,34.783,65.217,478.26,0.589,0.0,34.103,22.08,-56.56999999999999,0.34783000000000003,0.65217,0.36600036733194563,0.13813951778888567,38.79188358353464,Transition Laggard
Ghana,2022,GHA,33149152.0,145431875240.0,36.047,63.953,469.42,0.689,0.0,35.271,23.22,-55.306,0.36046999999999996,0.63953,0.3592353373331701,0.14588233852788396,39.835551644589,Transition Laggard
Ghana,2023,GHA,33787916.0,,38.519,61.481,452.68,0.617,0.0,37.819,24.3,-52.833999999999996,0.38519,0.6148100000000001,0.34642463572915394,0.16102494364402625,41.86615826143154,Mixed Performer
Ghana,2024,GHA,34427417.0,,36.218,63.782,468.89,0.7,0.0,35.435,24.27,-55.13499999999999,0.36218000000000006,0.6378199999999999,0.35882974164319825,0.14692982456140352,39.9640038273411,Transition Laggard
Gibraltar,2000,GIB,27734.0,,0.0,100.0,692.31,0.0,0.0,0.0,0.13,0.0,0.0,1.0,0.5298074568384964,0.48466749975497403,19.0248260753622,Transition Laggard
Gibraltar,2001,GIB,27685.0,,0.0,100.0,692.31,0.0,0.0,0.0,0.13,0.0,0.0,1.0,0.5298074568384964,0.48466749975497403,19.0248260753622,Transition Laggard
Gibraltar,2002,GIB,27850.0,,0.0,100.0,692.31,0.0,0.0,0.0,0.13,0.0,0.0,1.0,0.5298074568384964,0.48466749975497403,19.0248260753622,Transition Laggard
Gibraltar,2003,GIB,28301.0,,0.0,100.0,692.31,0.0,0.0,0.0,0.13,0.0,0.0,1.0,0.5298074568384964,0.48466749975497403,19.0248260753622,Transition Laggard
Gibraltar,2004,GIB,28741.0,,0.0,100.0,642.86,0.0,0.0,0.0,0.14,0.0,0.0,1.0,0.4919646136892372,0.48466749975497403,19.970897154093677,Transition Laggard
Gibraltar,2005,GIB,29191.0,,0.0,100.0,642.86,0.0,0.0,0.0,0.14,0.0,0.0,1.0,0.4919646136892372,0.48466749975497403,19.970897154093677,Transition Laggard
Gibraltar,2006,GIB,29620.0,,0.0,100.0,666.67,0.0,0.0,0.0,0.15,0.0,0.0,1.0,0.5101858087425003,0.48466749975497403,19.515367277762103,Transition Laggard
Gibraltar,2007,GIB,30032.0,,0.0,100.0,687.5,0.0,0.0,0.0,0.16,0.0,0.0,1.0,0.5261264846332803,0.48466749975497403,19.116850380492604,Transition Laggard
Gibraltar,2008,GIB,30431.0,,0.0,100.0,647.06,0.0,0.0,0.0,0.17,0.0,0.0,1.0,0.4951787682135423,0.48466749975497403,19.890543290986056,Transition Laggard
Gibraltar,2009,GIB,30847.0,,0.0,100.0,647.06,0.0,0.0,0.0,0.17,0.0,0.0,1.0,0.4951787682135423,0.48466749975497403,19.890543290986056,Transition Laggard
Gibraltar,2010,GIB,31271.0,,0.0,100.0,666.67,0.0,0.0,0.0,0.18,0.0,0.0,1.0,0.5101858087425003,0.48466749975497403,19.515367277762103,Transition Laggard
Gibraltar,2011,GIB,31685.0,,0.0,100.0,647.06,0.0,0.0,0.0,0.17,0.0,0.0,1.0,0.4951787682135423,0.48466749975497403,19.890543290986056,Transition Laggard
Gibraltar,2012,GIB,32054.0,,0.0,100.0,666.67,0.0,0.0,0.0,0.18,0.0,0.0,1.0,0.5101858087425003,0.48466749975497403,19.515367277762103,Transition Laggard
Gibraltar,2013,GIB,32429.0,,0.0,100.0,684.21,0.0,0.0,0.0,0.19,0.0,0.0,1.0,0.5236087302559079,0.48466749975497403,19.179794239926913,Transition Laggard
Gibraltar,2014,GIB,32836.0,,0.0,100.0,650.0,0.0,0.0,0.0,0.2,0.0,0.0,1.0,0.4974286763805559,0.48466749975497403,19.83429558681071,Transition Laggard
Gibraltar,2015,GIB,33214.0,,0.0,100.0,636.36,0.0,0.0,0.0,0.22,0.0,0.0,1.0,0.48699032692543165,0.48466749975497403,20.09525432318882,Transition Laggard
Gibraltar,2016,GIB,33682.0,,0.0,100.0,666.67,0.0,0.0,0.0,0.21,0.0,0.0,1.0,0.5101858087425003,0.48466749975497403,19.515367277762103,Transition Laggard
Gibraltar,2017,GIB,34267.0,,0.0,100.0,666.67,0.0,0.0,0.0,0.21,0.0,0.0,1.0,0.5101858087425003,0.48466749975497403,19.515367277762103,Transition Laggard
Gibraltar,2018,GIB,34883.0,,0.0,100.0,636.36,0.0,0.0,0.0,0.22,0.0,0.0,1.0,0.48699032692543165,0.48466749975497403,20.09525432318882,Transition Laggard
Gibraltar,2019,GIB,35518.0,,0.0,100.0,636.36,0.0,0.0,0.0,0.22,0.0,0.0,1.0,0.48699032692543165,0.48466749975497403,20.09525432318882,Transition Laggard
Gibraltar,2020,GIB,36198.0,,0.0,100.0,571.43,0.0,0.0,0.0,0.21,0.0,0.0,1.0,0.43730102852944774,0.48466749975497403,21.337486783088416,Transition Laggard
Gibraltar,2021,GIB,36881.0,,0.0,100.0,565.22,0.0,0.0,0.0,0.23,0.0,0.0,1.0,0.43254867148279663,0.48466749975497403,21.456295709254693,Transition Laggard
Gibraltar,2022,GIB,37631.0,,0.0,100.0,571.43,0.0,0.0,0.0,0.21,0.0,0.0,1.0,0.43730102852944774,0.48466749975497403,21.337486783088416,Transition Laggard
Gibraltar,2023,GIB,38493.0,,0.0,100.0,608.7,0.0,0.0,0.0,0.23,0.0,0.0,1.0,0.46582282355822213,0.48466749975497403,20.624441907369057,Transition Laggard
Gibraltar,2024,GIB,39351.0,,0.0,100.0,590.91,0.0,0.0,0.0,0.22,0.0,0.0,1.0,0.45220858332312963,0.48466749975497403,20.964797913246368,Transition Laggard
Greece,2000,GRC,10782638.0,223530895992.0,7.82,92.18,822.82,0.0,0.85,6.97,52.94,0.0,0.0782,0.9218000000000001,0.6296834823068447,0.48466749975497403,21.21992543865349,Transition Laggard
Greece,2001,GRC,10843166.0,234861781413.0,5.596,94.404,845.64,0.0,1.447,3.997,52.54,-2.224,0.05596,0.94404,0.6471470552222358,0.471044055669901,19.244584454492617,Transition Laggard
Greece,2002,GRC,10890287.0,246267119689.0,6.709,93.291,827.59,0.0,1.218,5.247,53.36,-1.1110000000000007,0.06709,0.93291,0.6333338435165912,0.4778619033617563,20.359982462511567,Transition Laggard
Greece,2003,GRC,10918467.0,262880256421.0,10.283,89.717,790.33,0.0,1.781,8.328,57.28,2.462999999999999,0.10282999999999999,0.89717,0.6048197012366843,0.4997549740272469,23.545632079491593,Transition Laggard
Greece,2004,GRC,10947369.0,278667908011.0,10.151,89.849,786.16,0.0,1.924,8.021,58.22,2.3309999999999995,0.10151,0.89849,0.6016285049589812,0.4989463883171616,23.53408320078289,Transition Laggard
Greece,2005,GRC,10981340.0,282859759866.0,10.914,89.086,782.56,0.0,2.162,8.548,58.73,3.0939999999999994,0.10914,0.89086,0.5988735153667197,0.5036202587474272,24.13086599704341,Transition Laggard
Greece,2006,GRC,11016107.0,301538680337.0,12.91,87.09,743.14,0.0,2.861,9.864,59.41,5.09,0.1291,0.8709,0.5687063793314558,0.5158470547878075,26.266046338530714,Transition Laggard
Greece,2007,GRC,11045737.0,314210147911.0,7.356,92.644,776.92,0.0,2.917,4.151,62.4,-0.4640000000000004,0.07356,0.92644,0.5945573650055099,0.48182519847103794,21.777043851927818,Transition Laggard
Greece,2008,GRC,11076874.0,315974328109.0,9.247,90.753,758.93,0.016,3.602,5.323,62.18,1.4269999999999996,0.09247,0.9075300000000001,0.5807900697930697,0.4934088013329413,23.429580275167375,Transition Laggard
Greece,2009,GRC,11108067.0,305101334774.0,13.523,86.477,747.1,0.083,4.209,8.866,60.34,5.702999999999999,0.13523,0.86477,0.5717368678829435,0.5196020778202489,26.614409470230143,Transition Laggard
Greece,2010,GRC,11124666.0,290984350750.0,18.601,81.399,707.3,0.283,4.787,13.196,56.61,10.780999999999999,0.18600999999999998,0.81399,0.5412789273907187,0.5507081250612564,30.88924869115088,Transition Laggard
Greece,2011,GRC,11108838.0,266793942822.0,13.944,86.056,725.06,1.044,5.68,6.861,58.45,6.1240000000000006,0.13944,0.86056,0.554870209379209,0.5221809761834755,27.327359408271906,Transition Laggard
Greece,2012,GRC,11048291.0,247887031358.0,16.909,83.091,704.06,2.821,6.426,7.328,59.91,9.088999999999999,0.16909,0.8309099999999999,0.5387994367576833,0.5403435264137999,29.780566977264915,Transition Laggard
Greece,2013,GRC,10967534.0,241650188710.0,25.475,74.525,636.69,6.475,7.344,11.265,56.37,17.655,0.25475000000000003,0.7452500000000001,0.48724286763805563,0.5928158384788788,36.99616588623179,Transition Laggard
Greece,2014,GRC,10893169.0,242799798246.0,24.547,75.453,667.88,7.638,7.437,9.029,49.62,16.727,0.24547000000000002,0.75453,0.5111117913554549,0.5871312359110066,35.757373754778726,Transition Laggard
Greece,2015,GRC,10820902.0,242323725826.0,29.089,70.911,603.53,7.64,9.05,11.949,51.05,21.269,0.29089,0.70911,0.4618663523937798,0.6149539351171224,40.131050216912335,Mixed Performer
Greece,2016,GRC,10775506.0,241143085639.0,27.656,72.344,571.51,7.299,9.565,10.29,53.84,19.836,0.27656,0.72344,0.4373622505203869,0.6061758796432422,39.75218193163896,Transition Laggard
Greece,2017,GRC,10753532.0,243776808141.0,25.182,74.818,579.75,7.281,10.109,7.226,54.8,17.362,0.25182,0.74818,0.4436681155871189,0.5910210232284622,37.88281245874896,Transition Laggard
Greece,2018,GRC,10730846.0,247844015413.0,30.679,69.321,545.14,7.204,11.975,10.91,52.61,22.858999999999998,0.30679,0.69321,0.4171819517570711,0.6246937175340586,42.3482569690841,Mixed Performer
Greece,2019,GRC,10718581.0,252514250712.0,33.577,66.423,496.98,9.239,15.162,8.342,47.95,25.756999999999998,0.33577,0.66423,0.3803263132117057,0.6424458492600216,45.27472990860769,Mixed Performer
Greece,2020,GRC,10699370.0,229777821500.0,36.94,63.06,423.07,9.366,19.596,7.03,47.51,29.119999999999997,0.3694,0.6306,0.3237648463328027,0.6630464079192394,49.01557496046852,Mixed Performer
Greece,2021,GRC,10579561.0,249158215293.0,40.8,59.2,383.11,9.679,19.322,10.878,54.24,32.98,0.408,0.5920000000000001,0.2931844618586997,0.6866914142899148,52.45075966788123,Mixed Performer
Greece,2022,GRC,10412481.0,263892672733.0,43.449,56.551,376.81,13.818,21.057,7.47,51.67,35.629,0.43449,0.5655100000000001,0.28836323007224196,0.7029182593354896,54.404093138226294,Mixed Performer
Greece,2023,GRC,10242910.0,,49.826,50.174,336.4,18.169,22.522,7.807,48.93,42.006,0.49826000000000004,0.50174,0.2574384718991061,0.7419815250416544,59.589361078147164,Mixed Performer
Greece,2024,GRC,10047813.0,,49.229,50.771,321.65,19.727,21.987,6.272,57.08,41.409,0.49229,0.50771,0.24615066731970123,0.7383245123983142,59.458501002982175,Mixed Performer
Greece,2025,GRC,9938847.0,,49.7,50.3,315.09,22.173,20.439,5.869,58.27,41.88,0.49700000000000005,0.503,0.2411304640626913,0.7412096932274821,59.909883796844944,Mixed Performer
Greenland,2000,GRL,56228.0,,58.621,41.379,275.86,0.0,0.0,58.621,0.29,0.0,0.58621,0.41379,0.21110873025590793,0.48466749975497403,62.1648942399269,Emerging Improver
Greenland,2001,GRL,56433.0,,57.143,42.857,285.71,0.0,0.0,57.143,0.28,-1.4780000000000015,0.57143,0.42857,0.21864668789029018,0.47561379006174653,60.953839653668936,Emerging Improver
Greenland,2002,GRL,56617.0,,58.065,41.935,290.32,0.0,0.0,58.065,0.31,-0.5560000000000045,0.58065,0.41935000000000006,0.22217460511815845,0.48126163873370575,61.503559453051615,Emerging Improver
Greenland,2003,GRL,56781.0,,58.065,41.935,290.32,0.0,0.0,58.065,0.31,-0.5560000000000045,0.58065,0.41935000000000006,0.22217460511815845,0.48126163873370575,61.503559453051615,Emerging Improver
Greenland,2004,GRL,56926.0,,57.576,42.424,272.73,0.0,0.0,57.576,0.33,-1.0450000000000017,0.57576,0.42424,0.2087134198604139,0.478266196216799,61.501757446741635,Emerging Improver
Greenland,2005,GRL,56969.0,,58.824,41.176,264.71,0.0,0.0,58.824,0.34,0.20299999999999585,0.58824,0.41176,0.20257591526876453,0.48591100656669606,62.518667216781324,Emerging Improver
Greenland,2006,GRL,56901.0,,57.143,42.857,285.71,0.0,0.0,57.143,0.35,-1.4780000000000015,0.57143,0.42857,0.21864668789029018,0.47561379006174653,60.953839653668936,Emerging Improver
Greenland,2007,GRL,56807.0,,55.556,44.444,305.56,0.0,0.0,55.556,0.36,-3.065000000000005,0.5555599999999999,0.44444000000000006,0.23383739439206563,0.46589238459276683,59.476050909089864,Mixed Performer
Greenland,2008,GRL,56683.0,,54.054,45.946,297.3,0.0,0.0,54.054,0.37,-4.567,0.54054,0.45946,0.2275162238275989,0.4566916593158875,58.59486929404834,Mixed Performer
Greenland,2009,GRL,56547.0,,63.415,36.585,268.29,0.0,0.0,63.415,0.41,4.793999999999997,0.63415,0.36585,0.2053155993632913,0.5140338625894345,65.62661795475924,Emerging Improver
Greenland,2010,GRL,56634.0,,70.732,29.268,219.51,0.0,0.0,70.732,0.41,12.110999999999997,0.7073200000000001,0.29268,0.16798549038814742,0.5588552386552974,71.62239132012577,Emerging Improver
Greenland,2011,GRL,56853.0,,75.556,24.444,177.78,0.0,0.0,75.556,0.45,16.934999999999995,0.75556,0.24444,0.13605056936451573,0.5884053709693228,75.75841633042695,Transition Leader
Greenland,2012,GRL,56797.0,,75.556,24.444,177.78,0.0,0.0,75.556,0.45,16.934999999999995,0.75556,0.24444,0.13605056936451573,0.5884053709693228,75.75841633042695,Transition Leader
Greenland,2013,GRL,56532.0,,80.435,19.565,152.17,0.0,0.0,80.435,0.46,21.814,0.80435,0.19565000000000002,0.11645187951512183,0.6182924139958836,79.6240892220602,Transition Leader
Greenland,2014,GRL,56195.0,,81.25,18.75,145.83,0.0,0.0,81.25,0.48,22.628999999999998,0.8125,0.1875,0.11160003673319457,0.6232848181907282,80.30927135453105,Transition Leader
Greenland,2015,GRL,56048.0,,82.353,17.647,137.26,0.0,0.0,82.353,0.51,23.731999999999992,0.82353,0.17647,0.10504163095383862,0.6300414093893952,81.23638036699495,Transition Leader
Greenland,2016,GRL,56082.0,,83.333,16.667,125.0,0.0,0.0,83.333,0.48,24.711999999999996,0.83333,0.16667,0.0956593608424146,0.6360445457218465,82.14898416476733,Transition Leader
Greenland,2017,GRL,56094.0,,76.0,24.0,180.0,0.0,0.0,76.0,0.5,17.378999999999998,0.76,0.24,0.137749479613077,0.5911251592668822,76.0231403986763,Transition Leader
Greenland,2018,GRL,56100.0,,80.769,19.231,153.85,0.0,0.0,80.769,0.52,22.148000000000003,0.80769,0.19231,0.11773754132484388,0.6203383808683721,79.82303717990447,Transition Leader
Greenland,2019,GRL,56109.0,,83.673,16.327,122.45,0.0,0.0,83.673,0.49,25.052,0.8367300000000001,0.16327000000000003,0.09370790988122935,0.638127266490248,82.43301125032299,Transition Leader
Greenland,2020,GRL,56105.0,,82.692,17.308,134.62,0.0,0.0,82.692,0.52,24.07099999999999,0.82692,0.17308,0.10302130525284683,0.6321180045084779,81.52143743630599,Transition Leader
Greenland,2021,GRL,56065.0,,84.314,15.686,117.65,0.0,0.0,84.314,0.51,25.69299999999999,0.84314,0.15686,0.09003459042488063,0.6420538077036165,82.96834235493223,Transition Leader
Greenland,2022,GRL,56014.0,,87.037,12.963,111.11,0.0,0.0,87.037,0.54,28.416000000000004,0.8703700000000001,0.12963,0.08502969266560549,0.6587339507987847,84.97746694534163,Transition Leader
Greenland,2023,GRL,55951.0,,81.967,18.033,131.15,0.0,0.0,78.689,0.61,23.345999999999997,0.81967,0.18033000000000002,0.1003658013958614,0.6276769087523277,81.08620859638837,Transition Leader
Greenland,2024,GRL,55864.0,,83.333,16.667,150.0,0.0,0.0,78.333,0.6,24.711999999999996,0.83333,0.16667,0.11479123301089751,0.6360445457218465,81.67068736055525,Transition Leader
Grenada,2000,GRD,107466.0,,0.0,100.0,692.31,0.0,0.0,0.0,0.13,0.0,0.0,1.0,0.5298074568384964,0.48466749975497403,19.0248260753622,Transition Laggard
Grenada,2001,GRD,107998.0,,0.0,100.0,642.86,0.0,0.0,0.0,0.14,0.0,0.0,1.0,0.4919646136892372,0.48466749975497403,19.970897154093677,Transition Laggard
Grenada,2002,GRD,108414.0,,0.0,100.0,666.67,0.0,0.0,0.0,0.15,0.0,0.0,1.0,0.5101858087425003,0.48466749975497403,19.515367277762103,Transition Laggard
Grenada,2003,GRD,108895.0,,0.0,100.0,687.5,0.0,0.0,0.0,0.16,0.0,0.0,1.0,0.5261264846332803,0.48466749975497403,19.116850380492604,Transition Laggard
Grenada,2004,GRD,109338.0,,0.0,100.0,642.86,0.0,0.0,0.0,0.14,0.0,0.0,1.0,0.4919646136892372,0.48466749975497403,19.970897154093677,Transition Laggard
Grenada,2005,GRD,109744.0,,0.0,100.0,666.67,0.0,0.0,0.0,0.15,0.0,0.0,1.0,0.5101858087425003,0.48466749975497403,19.515367277762103,Transition Laggard
Grenada,2006,GRD,110149.0,,0.0,100.0,647.06,0.0,0.0,0.0,0.17,0.0,0.0,1.0,0.4951787682135423,0.48466749975497403,19.890543290986056,Transition Laggard
Grenada,2007,GRD,110532.0,,0.0,100.0,666.67,0.0,0.0,0.0,0.18,0.0,0.0,1.0,0.5101858087425003,0.48466749975497403,19.515367277762103,Transition Laggard
Grenada,2008,GRD,110911.0,,0.0,100.0,684.21,0.0,0.0,0.0,0.19,0.0,0.0,1.0,0.5236087302559079,0.48466749975497403,19.179794239926913,Transition Laggard
Grenada,2009,GRD,111266.0,,0.0,100.0,650.0,0.0,0.0,0.0,0.2,0.0,0.0,1.0,0.4974286763805559,0.48466749975497403,19.83429558681071,Transition Laggard
Grenada,2010,GRD,111600.0,,0.0,100.0,666.67,0.0,0.0,0.0,0.21,0.0,0.0,1.0,0.5101858087425003,0.48466749975497403,19.515367277762103,Transition Laggard
Grenada,2011,GRD,112093.0,,0.0,100.0,650.0,0.0,0.0,0.0,0.2,0.0,0.0,1.0,0.4974286763805559,0.48466749975497403,19.83429558681071,Transition Laggard
Grenada,2012,GRD,112792.0,,0.0,100.0,650.0,0.0,0.0,0.0,0.2,0.0,0.0,1.0,0.4974286763805559,0.48466749975497403,19.83429558681071,Transition Laggard
Grenada,2013,GRD,113499.0,,0.0,100.0,650.0,0.0,0.0,0.0,0.2,0.0,0.0,1.0,0.4974286763805559,0.48466749975497403,19.83429558681071,Transition Laggard
Grenada,2014,GRD,114148.0,,0.0,100.0,650.0,0.0,0.0,0.0,0.2,0.0,0.0,1.0,0.4974286763805559,0.48466749975497403,19.83429558681071,Transition Laggard
Grenada,2015,GRD,114691.0,,0.0,100.0,666.67,0.0,0.0,0.0,0.21,0.0,0.0,1.0,0.5101858087425003,0.48466749975497403,19.515367277762103,Transition Laggard
Grenada,2016,GRD,115147.0,,0.0,100.0,636.36,0.0,0.0,0.0,0.22,0.0,0.0,1.0,0.48699032692543165,0.48466749975497403,20.09525432318882,Transition Laggard
Grenada,2017,GRD,115448.0,,0.0,100.0,652.17,0.0,0.0,0.0,0.23,0.0,0.0,1.0,0.4990893228847802,0.48466749975497403,19.792779424205108,Transition Laggard
Grenada,2018,GRD,115703.0,,0.0,100.0,652.17,0.0,0.0,0.0,0.23,0.0,0.0,1.0,0.4990893228847802,0.48466749975497403,19.792779424205108,Transition Laggard
Grenada,2019,GRD,115995.0,,0.0,100.0,666.67,0.0,0.0,0.0,0.24,0.0,0.0,1.0,0.5101858087425003,0.48466749975497403,19.515367277762103,Transition Laggard
Grenada,2020,GRD,116353.0,,0.0,100.0,636.36,0.0,0.0,0.0,0.22,0.0,0.0,1.0,0.48699032692543165,0.48466749975497403,20.09525432318882,Transition Laggard
Grenada,2021,GRD,116696.0,,0.0,100.0,652.17,0.0,0.0,0.0,0.23,0.0,0.0,1.0,0.4990893228847802,0.48466749975497403,19.792779424205108,Transition Laggard
Grenada,2022,GRD,116928.0,,0.0,100.0,666.67,0.0,0.0,0.0,0.24,0.0,0.0,1.0,0.5101858087425003,0.48466749975497403,19.515367277762103,Transition Laggard
Grenada,2023,GRD,117094.0,,0.0,100.0,666.67,0.0,0.0,0.0,0.24,0.0,0.0,1.0,0.5101858087425003,0.48466749975497403,19.515367277762103,Transition Laggard
Grenada,2024,GRD,117218.0,,0.0,100.0,666.67,0.0,0.0,0.0,0.24,0.0,0.0,1.0,0.5101858087425003,0.48466749975497403,19.515367277762103,Transition Laggard
Guadeloupe,2000,GLP,419565.0,,9.836,90.164,672.13,,0.82,0.82,1.22,0.0,0.09836,0.90164,0.514364209624097,0.48466749975497403,25.31250725572218,Transition Laggard
Guadeloupe,2001,GLP,417844.0,,8.527,91.473,666.67,,1.55,0.775,1.29,-1.309000000000001,0.08527,0.91473,0.5101858087425003,0.47664902479662846,24.511290153386916,Transition Laggard
Guadeloupe,2002,GLP,415762.0,,10.526,89.474,654.14,,2.256,1.504,1.33,0.6899999999999995,0.10526,0.8947400000000001,0.5005969144116567,0.4888941977849652,26.13409010648306,Transition Laggard
Guadeloupe,2003,GLP,413418.0,,9.42,90.58,659.42,,2.174,1.449,1.38,-0.41600000000000037,0.0942,0.9058,0.5046375658136403,0.48211922963834164,25.267849299234115,Transition Laggard
Guadeloupe,2004,GLP,410859.0,,11.888,88.112,636.36,,2.098,2.098,1.43,2.0519999999999996,0.11888,0.88112,0.48699032692543165,0.49723733215720867,27.416601809222342,Transition Laggard
Guadeloupe,2005,GLP,408085.0,,14.0,86.0,620.0,0.0,1.333,1.333,1.5,4.164,0.14,0.86,0.4744704297783764,0.510174703518573,29.190859808319185,Transition Laggard
Guadeloupe,2006,GLP,407230.0,,13.072,86.928,633.99,0.0,1.961,1.307,1.53,3.235999999999999,0.13072,0.8692799999999999,0.4851766254438594,0.5044901009507008,28.281135878164026,Transition Laggard
Guadeloupe,2007,GLP,408303.0,,13.75,86.25,625.0,0.0,2.5,1.25,1.6,3.9139999999999997,0.1375,0.8625,0.478296804212073,0.508643291188866,28.92222926253116,Transition Laggard
Guadeloupe,2008,GLP,408987.0,,13.665,86.335,621.12,0.0,3.106,1.242,1.61,3.828999999999999,0.13665,0.86335,0.4753275376515244,0.5081226109967657,28.937650723663378,Transition Laggard
Guadeloupe,2009,GLP,408998.0,,11.656,88.344,613.5,0.613,3.067,1.227,1.63,1.8200000000000003,0.11656000000000001,0.88344,0.4694961430145708,0.4958161815152406,27.69343914736434,Transition Laggard
Guadeloupe,2010,GLP,408815.0,,8.671,91.329,641.62,1.156,2.312,1.156,1.73,-1.165000000000001,0.08671,0.9132899999999999,0.49101567282968045,0.4775311182985396,25.09017495373609,Transition Laggard
Guadeloupe,2011,GLP,409063.0,,11.905,88.095,648.81,1.786,2.976,0.595,1.68,2.068999999999999,0.11904999999999999,0.88095,0.4965179992653361,0.49734146819562874,27.190172041301025,Transition Laggard
Guadeloupe,2012,GLP,409153.0,,15.116,84.884,633.72,5.233,2.907,0.581,1.72,5.279999999999999,0.15116,0.84884,0.48497000122443984,0.5170109281583848,29.70051389176478,Transition Laggard
Guadeloupe,2013,GLP,408367.0,,17.816,82.184,614.94,5.747,3.448,1.149,1.74,7.979999999999999,0.17815999999999999,0.82184,0.4705981388514755,0.5335501813192198,31.927899248501408,Transition Laggard
Guadeloupe,2014,GLP,406652.0,,18.391,81.609,603.45,5.747,2.874,1.724,1.74,8.554999999999998,0.18391,0.81609,0.4618051304028407,0.5370724296775458,32.54555818509217,Transition Laggard
Guadeloupe,2015,GLP,403950.0,,17.614,82.386,596.59,5.682,2.841,1.136,1.76,7.7780000000000005,0.17614000000000002,0.8238599999999999,0.456555344679809,0.5323128001568166,32.13920838535703,Transition Laggard
Guadeloupe,2016,GLP,404642.0,,16.949,83.051,610.17,5.085,2.825,1.695,1.77,7.113000000000001,0.16949000000000003,0.8305100000000001,0.4669477776417289,0.5282392433597961,31.419294209353716,Transition Laggard
Guadeloupe,2017,GLP,412701.0,,20.455,79.545,596.59,5.114,2.841,2.273,1.76,10.618999999999998,0.20454999999999998,0.79545,0.456555344679809,0.5497157698716064,34.104852931078874,Transition Laggard
Guadeloupe,2018,GLP,415184.0,,21.637,78.363,584.8,5.848,2.924,2.339,1.71,11.801,0.21637,0.78363,0.4475327537651524,0.5569562873664609,35.1482254663681,Transition Laggard
Guadeloupe,2019,GLP,410266.0,,21.512,78.488,569.77,5.814,3.488,2.326,1.72,11.676,0.21512,0.78488,0.4360306722174605,0.5561905812016074,35.349291912587596,Transition Laggard
Guadeloupe,2020,GLP,407401.0,,24.118,75.882,547.06,6.471,4.118,1.765,1.7,14.281999999999998,0.24117999999999998,0.75882,0.41865127953961057,0.5721540233264726,37.58682836140682,Transition Laggard
Guadeloupe,2021,GLP,399157.0,,33.735,66.265,500.0,6.627,6.627,0.602,1.66,23.899,0.33735,0.6626500000000001,0.3826374433696584,0.6310643928256395,45.14102980814313,Mixed Performer
Guadeloupe,2022,GLP,384702.0,,34.756,65.244,493.9,6.707,6.707,0.61,1.64,24.92,0.34756000000000004,0.65244,0.3779692665605485,0.6373186807801627,45.96414854768873,Mixed Performer
Guadeloupe,2023,GLP,376518.0,,35.329,64.671,497.01,6.587,5.988,0.599,1.67,25.493000000000002,0.35329,0.6467100000000001,0.3803492714583078,0.6408286778398511,46.30109838114006,Mixed Performer
Guam,2000,GUM,160078.0,,0.0,100.0,659.79,0.0,0.0,0.0,1.94,0.0,0.0,1.0,0.5049207175217337,0.48466749975497403,19.646994558281268,Transition Laggard
Guam,2001,GUM,161339.0,,0.0,100.0,656.41,0.0,0.0,0.0,1.95,0.0,0.0,1.0,0.5023340884045548,0.48466749975497403,19.711660286210737,Transition Laggard
Guam,2002,GUM,162326.0,,0.0,100.0,656.98,0.0,0.0,0.0,1.72,0.0,0.0,1.0,0.5027702950899964,0.48466749975497403,19.7007551190747,Transition Laggard
Guam,2003,GUM,163146.0,,0.0,100.0,657.3,0.0,0.0,0.0,1.78,0.0,0.0,1.0,0.5030151830537529,0.48466749975497403,19.694632919980787,Transition Laggard
Guam,2004,GUM,163815.0,,0.0,100.0,659.57,0.0,0.0,0.0,1.88,0.0,0.0,1.0,0.5047523570466512,0.48466749975497403,19.65120357015833,Transition Laggard
Guam,2005,GUM,164373.0,,0.0,100.0,657.9,0.0,0.0,0.0,1.9,0.0,0.0,1.0,0.5034743479857965,0.48466749975497403,19.683153796679697,Transition Laggard
Guam,2006,GUM,164848.0,,0.0,100.0,656.09,0.0,0.0,0.0,1.89,0.0,0.0,1.0,0.5020892004407984,0.48466749975497403,19.71778248530465,Transition Laggard
Guam,2007,GUM,165278.0,,0.0,100.0,659.57,0.0,0.0,0.0,1.88,0.0,0.0,1.0,0.5047523570466512,0.48466749975497403,19.65120357015833,Transition Laggard
Guam,2008,GUM,165704.0,,0.0,100.0,659.57,0.0,0.0,0.0,1.88,0.0,0.0,1.0,0.5047523570466512,0.48466749975497403,19.65120357015833,Transition Laggard
Guam,2009,GUM,166189.0,,0.0,100.0,657.75,0.0,0.0,0.0,1.87,0.0,0.0,1.0,0.5033595567527857,0.48466749975497403,19.68602357750497,Transition Laggard
Guam,2010,GUM,166533.0,,0.0,100.0,657.75,0.0,0.0,0.0,1.87,0.0,0.0,1.0,0.5033595567527857,0.48466749975497403,19.68602357750497,Transition Laggard
Guam,2011,GUM,166554.0,,0.0,100.0,657.61,0.0,0.0,0.0,1.84,0.0,0.0,1.0,0.5032524182686421,0.48466749975497403,19.688702039608557,Transition Laggard
Guam,2012,GUM,166348.0,,0.0,100.0,657.3,0.0,0.0,0.0,1.78,0.0,0.0,1.0,0.5030151830537529,0.48466749975497403,19.694632919980787,Transition Laggard
Guam,2013,GUM,165979.0,,0.0,100.0,655.17,0.0,0.0,0.0,1.74,0.0,0.0,1.0,0.5013851475449982,0.48466749975497403,19.735383807699655,Transition Laggard
Guam,2014,GUM,165492.0,,0.0,100.0,658.82,0.0,0.0,0.0,1.7,0.0,0.0,1.0,0.5041784008815967,0.48466749975497403,19.66555247428469,Transition Laggard
Guam,2015,GUM,164914.0,,1.754,98.246,649.12,1.754,0.0,0.0,1.71,1.754,0.01754,0.98246,0.4967552344802253,0.495411888660198,21.064697467897336,Transition Laggard
Guam,2016,GUM,164240.0,,4.023,95.977,632.18,4.023,0.0,0.0,1.74,4.023,0.040229999999999995,0.95977,0.48379147789886123,0.5093109869646183,22.958677856997745,Transition Laggard
Guam,2017,GUM,163501.0,,3.39,96.61,638.42,3.39,0.0,0.0,1.77,3.39,0.0339,0.9661000000000001,0.4885667931921146,0.5054334509458003,22.40133193438414,Transition Laggard
Guam,2018,GUM,162689.0,,4.046,95.954,630.06,4.046,0.0,0.0,1.73,4.046,0.04046,0.95954,0.4821690951389739,0.5094518768989513,23.015150775009925,Transition Laggard
Guam,2019,GUM,161819.0,,4.571,95.429,628.57,4.571,0.0,0.0,1.75,4.571,0.04571,0.9542900000000001,0.4810288355577324,0.5126678427913359,23.406896752926727,Transition Laggard
Guam,2020,GUM,162167.0,,4.678,95.322,625.73,4.678,0.0,0.0,1.71,4.678,0.04678,0.9532200000000001,0.4788554548793927,0.5133232872684504,23.53526293704194,Transition Laggard
Guam,2021,GUM,163741.0,,4.598,95.402,626.44,4.598,0.0,0.0,1.74,4.598,0.04598,0.95402,0.4793988000489776,0.5128332353229442,23.466328528619723,Transition Laggard
Guam,2022,GUM,165193.0,,7.778,92.222,611.11,7.778,0.0,0.0,1.8,7.778,0.07778,0.9222199999999999,0.4676671360352639,0.5323128001568166,25.959813601470653,Transition Laggard
Guam,2023,GUM,166522.0,,7.778,92.222,611.11,7.778,0.0,0.0,1.8,7.778,0.07778,0.9222199999999999,0.4676671360352639,0.5323128001568166,25.959813601470653,Transition Laggard
Guam,2024,GUM,167790.0,,8.602,91.398,607.53,8.602,0.0,0.0,1.86,8.602,0.08602,0.91398,0.4649274519407371,0.5373603351955307,26.59841872941453,Transition Laggard
Guatemala,2000,GTM,11697592.0,68731616093.0,50.155,49.845,374.61,0.0,0.0,38.7,6.46,0.0,0.50155,0.49845,0.28667962532141544,0.48466749975497403,55.196021863289225,Mixed Performer
Guatemala,2001,GTM,11969423.0,70402333033.0,43.685,56.315,426.45,0.0,0.0,32.392,6.73,-6.469999999999999,0.43685,0.56315,0.3263514754499816,0.4450345486621582,49.72773134368283,Mixed Performer
Guatemala,2002,GTM,12246923.0,73303957428.0,39.64,60.36,454.96,0.0,0.0,28.979,6.66,-10.515,0.39640000000000003,0.6036,0.34816946247091957,0.42025629716749974,46.38360789573951,Mixed Performer
Guatemala,2003,GTM,12525843.0,75388396403.0,48.77,51.23,393.63,0.0,0.0,38.35,6.91,-1.384999999999998,0.4877,0.5123,0.3012351536671973,0.47618347544839756,53.87387329004603,Mixed Performer
Guatemala,2004,GTM,12807409.0,78142886190.0,50.935,49.065,389.41,0.0,0.0,39.564,6.42,0.7800000000000011,0.5093500000000001,0.49065,0.2980056936451574,0.48944550622365973,55.452540252225965,Mixed Performer
Guatemala,2005,GTM,13087637.0,80920955084.0,56.115,43.885,358.27,0.0,0.0,41.871,6.95,5.960000000000001,0.56115,0.43884999999999996,0.274175033672095,0.5211763696951877,59.632269703625454,Mixed Performer
Guatemala,2006,GTM,13367455.0,85238080655.0,53.494,46.506,368.49,0.0,0.0,41.55,7.87,3.3389999999999986,0.53494,0.46506000000000003,0.2819961430145708,0.50512104283054,57.62331206709382,Mixed Performer
Guatemala,2007,GTM,13652042.0,90511916055.0,50.917,49.083,389.91,0.0,0.0,34.404,8.72,0.7620000000000005,0.50917,0.49083,0.298388331088527,0.4893352445359208,55.430520390825635,Mixed Performer
Guatemala,2008,GTM,13935172.0,93386251977.0,54.954,45.046,355.99,0.0,0.0,41.935,8.68,4.7989999999999995,0.54954,0.45046,0.2724302069303294,0.5140644908360286,58.8726121892822,Mixed Performer
Guatemala,2009,GTM,14215614.0,93773785204.0,45.791,54.209,405.16,0.0,0.0,32.66,8.91,-4.364000000000004,0.45791,0.5420900000000001,0.3100587731113016,0.4579351661276095,51.5921581641316,Mixed Performer
Guatemala,2010,GTM,14500118.0,96390296358.0,63.688,36.312,316.74,0.0,0.0,43.1,8.84,13.533000000000001,0.63688,0.36312,0.2423931676258112,0.5675659119866706,65.66645948915479,Emerging Improver
Guatemala,2011,GTM,14792123.0,100335200000.0,62.671,37.329,315.07,0.0,0.0,47.146,8.76,12.515999999999998,0.62671,0.37329,0.24111515856495652,0.5613361266294227,64.99476293531742,Emerging Improver
Guatemala,2012,GTM,15089639.0,103492749162.0,66.667,33.333,295.94,0.0,0.0,47.65,9.36,16.512,0.66667,0.33333,0.2264754499816334,0.5858142213074586,68.12552707007103,Emerging Improver
Guatemala,2013,GTM,15387339.0,107099471666.0,67.589,32.411,301.38,0.0,0.0,45.949,10.12,17.433999999999997,0.67589,0.32411,0.23063854536549527,0.5914620699794179,68.65936741555387,Emerging Improver
Guatemala,2014,GTM,15681725.0,111858970345.0,68.421,31.579,300.75,0.094,0.0,45.489,10.64,18.266000000000005,0.6842100000000001,0.31579,0.2301564221868495,0.5965586102126825,69.24706859851901,Emerging Improver
Guatemala,2015,GTM,15971745.0,116436247567.0,61.146,38.854,368.85,1.432,0.985,34.646,11.17,10.991,0.61146,0.38854,0.282271641973797,0.5519945114182103,62.91072662192823,Emerging Improver
Guatemala,2016,GTM,16268761.0,119554400888.0,61.804,38.196,371.84,1.602,1.855,33.642,11.86,11.649000000000001,0.61804,0.38195999999999997,0.2845598138851475,0.5560251886699991,63.3087824829213,Emerging Improver
Guatemala,2017,GTM,16567363.0,123236680953.0,68.639,31.361,312.8,1.621,1.783,47.083,12.34,18.483999999999995,0.68639,0.31361,0.2393779845720583,0.5978940017641869,69.16736041216134,Emerging Improver
Guatemala,2018,GTM,16845688.0,127435350812.0,66.113,33.887,340.38,1.509,2.415,40.075,13.25,15.957999999999998,0.66113,0.33887,0.26048426594832863,0.582420611584828,66.8920025250642,Emerging Improver
Guatemala,2019,GTM,17103803.0,132535316516.0,63.858,36.142,363.78,1.811,2.598,35.197,12.7,13.702999999999996,0.63858,0.36142,0.2783916982980286,0.5686072723708713,64.88411662811235,Emerging Improver
Guatemala,2020,GTM,17357331.0,130197392340.0,75.765,24.235,265.7,1.771,2.496,46.538,12.42,25.61,0.75765,0.24235,0.20333353740663646,0.6415453788101539,74.9988422469864,Emerging Improver
Guatemala,2021,GTM,17598652.0,140588440273.0,73.497,26.503,285.71,1.487,2.069,43.051,15.47,23.342,0.73497,0.26503,0.21864668789029018,0.6276524061550525,73.04681889506853,Emerging Improver
Guatemala,2022,GTM,17847877.0,146224632616.0,84.644,15.356,191.4,1.706,2.3,52.226,13.48,34.489000000000004,0.8464400000000001,0.15356,0.14647361332190523,0.6959350191120259,82.56358495363276,Transition Leader
Guatemala,2023,GTM,18124841.0,,67.27,32.73,309.86,1.61,2.28,37.894,14.91,17.114999999999995,0.6727,0.3273,0.2371280764050447,0.5895079878467118,68.27641790757455,Emerging Improver
Guatemala,2024,GTM,18406366.0,,68.334,31.666,301.46,1.773,2.343,39.899,15.79,18.179000000000002,0.6833400000000001,0.31666,0.2306997673564344,0.5960256787219446,69.17329099691831,Emerging Improver
Guinea,2000,GIN,8428837.0,8142368042.0,50.617,49.383,333.33,0.0,0.0,50.617,0.81,0.0,0.50617,0.49383000000000005,0.25508907799681646,0.48466749975497403,56.262985546404195,Mixed Performer
Guinea,2001,GIN,8539963.0,8530150477.0,57.292,42.708,291.67,0.0,0.0,57.292,0.96,6.675000000000004,0.57292,0.42708,0.22320772621525653,0.5255562089581496,61.67834997899082,Emerging Improver
Guinea,2002,GIN,8674072.0,9080053247.0,58.416,41.584,287.13,0.0,0.0,58.416,1.01,7.7989999999999995,0.58416,0.41584000000000004,0.21973337822946,0.532441438792512,62.54288712615118,Emerging Improver
Guinea,2003,GIN,8870790.0,9309105966.0,46.512,53.488,360.47,0.0,0.0,46.512,0.86,-4.104999999999997,0.46512000000000003,0.53488,0.2758586384229215,0.45952170930118597,52.903559678944745,Mixed Performer
Guinea,2004,GIN,9062724.0,9645747516.0,61.111,38.889,266.67,0.0,0.0,61.111,0.9,10.494,0.6111099999999999,0.38889,0.2040758540467736,0.5489500637067529,64.79895460443194,Emerging Improver
Guinea,2005,GIN,9245844.0,10059820577.0,62.025,37.975,265.82,0.0,0.0,62.025,0.79,11.408000000000001,0.62025,0.37975000000000003,0.20342537039304517,0.5545489071841615,65.44759934793629,Emerging Improver
Guinea,2006,GIN,9441174.0,10279820925.0,63.014,36.986,260.27,0.0,0.0,63.014,0.73,12.397000000000006,0.63014,0.36985999999999997,0.19917809477164197,0.5606071743604822,66.23805524611618,Emerging Improver
Guinea,2007,GIN,9662278.0,11105668501.0,67.949,32.051,217.95,0.0,0.0,67.949,0.78,17.332,0.67949,0.32051,0.16679166156483408,0.5908372537488974,70.4621672671126,Emerging Improver
Guinea,2008,GIN,9898870.0,11730748654.0,64.198,35.802,246.91,0.0,0.0,64.198,0.81,13.580999999999996,0.64198,0.35802,0.1889540222848047,0.5678599431539743,67.3128485901895,Emerging Improver
Guinea,2009,GIN,10143540.0,11707653951.0,65.0,35.0,237.5,0.0,0.0,65.0,0.8,14.383000000000003,0.65,0.35000000000000003,0.18175278560058775,0.5727727139076743,68.04777106860041,Emerging Improver
Guinea,2010,GIN,10396090.0,12362234837.0,76.19,23.81,174.6,0.0,0.0,76.19,0.63,25.573,0.7619,0.23809999999999998,0.1336169952246847,0.6413187297853573,76.99335606616324,Transition Leader
Guinea,2011,GIN,10656812.0,13233698841.0,74.545,25.455,181.82,0.0,0.0,74.545,0.55,23.928000000000004,0.7454500000000001,0.25455,0.13914227990694258,0.6312420366558855,75.71707355216472,Transition Leader
Guinea,2012,GIN,10921580.0,14087313893.0,67.123,32.877,232.88,0.0,0.0,67.123,0.73,16.506000000000007,0.6712300000000001,0.32877,0.1782172156238521,0.5857774674115457,69.60503162057688,Emerging Improver
Guinea,2013,GIN,11191874.0,14709018009.0,73.846,26.154,184.62,0.0,0.0,73.846,0.65,23.229000000000006,0.73846,0.26154,0.14128504958981267,0.6269602077820249,75.17987687698506,Transition Leader
Guinea,2014,GIN,11472921.0,14874105154.0,59.155,40.845,281.69,0.0,0.0,59.155,0.71,8.538000000000004,0.59155,0.40845,0.21557028284559815,0.5369682936391258,63.15826733344693,Emerging Improver
Guinea,2015,GIN,11767077.0,14900874140.0,78.947,21.053,157.9,1.754,0.0,77.193,1.14,28.330000000000005,0.78947,0.21053000000000002,0.12083690461613812,0.6582071449573655,79.22038455895702,Transition Leader
Guinea,2016,GIN,12073031.0,16533568057.0,68.323,31.677,229.81,1.242,0.0,67.081,1.61,17.705999999999996,0.6832299999999999,0.31677,0.1758678217215624,0.593128246594139,70.49402815587302,Emerging Improver
Guinea,2017,GIN,12385668.0,18265129177.0,69.492,30.508,220.34,1.13,0.0,68.362,1.77,18.875000000000007,0.6949200000000001,0.30508,0.16862066854414107,0.6002891306478487,71.4840202461142,Emerging Improver
Guinea,2018,GIN,12704776.0,19467826772.0,62.371,37.629,262.89,1.031,0.0,61.34,1.94,11.754000000000005,0.62371,0.37629,0.20118311497489896,0.556668381848476,65.74304785335467,Emerging Improver
Guinea,2019,GIN,13034349.0,20561330331.0,63.902,36.098,253.66,0.976,0.0,62.927,2.05,13.285000000000004,0.63902,0.36098,0.1941196277702951,0.5660467509556013,66.97891057007665,Emerging Improver
Guinea,2020,GIN,13371185.0,21528646361.0,60.887,39.113,274.19,0.806,0.0,60.081,2.48,10.270000000000003,0.60887,0.39113,0.20983072119505328,0.5475779182593355,64.50010074401371,Emerging Improver
Guinea,2021,GIN,13710515.0,22615336825.0,73.077,26.923,192.31,0.549,0.0,72.527,3.64,22.46,0.73077,0.26922999999999997,0.147170013468838,0.6222495834558464,74.50069341511674,Emerging Improver
Guinea,2022,GIN,14055136.0,23678257190.0,74.5,25.5,185.0,0.75,0.0,73.75,4.0,23.883000000000003,0.745,0.255,0.1415758540467736,0.6309663824365384,75.62509938537872,Transition Leader
Guinea,2023,GIN,14405469.0,,74.5,25.5,185.0,0.75,0.0,73.75,4.0,23.883000000000003,0.745,0.255,0.1415758540467736,0.6309663824365384,75.62509938537872,Transition Leader
Guinea,2024,GIN,14754779.0,,75.186,24.814,181.14,0.744,0.0,74.442,4.03,24.56900000000001,0.7518600000000001,0.24814,0.13862189298395983,0.6351685778692542,76.1735813434398,Transition Leader
Guinea-Bissau,2000,GNB,1234747.0,1486201658.0,0.0,100.0,666.67,0.0,0.0,0.0,0.03,0.0,0.0,1.0,0.5101858087425003,0.48466749975497403,19.515367277762103,Transition Laggard
Guinea-Bissau,2001,GNB,1261281.0,1520990575.0,0.0,100.0,500.0,0.0,0.0,0.0,0.02,0.0,0.0,1.0,0.3826374433696584,0.48466749975497403,22.70407641208315,Transition Laggard
Guinea-Bissau,2002,GNB,1289317.0,1507700424.0,0.0,100.0,500.0,0.0,0.0,0.0,0.02,0.0,0.0,1.0,0.3826374433696584,0.48466749975497403,22.70407641208315,Transition Laggard
Guinea-Bissau,2003,GNB,1318809.0,1522869105.0,0.0,100.0,500.0,0.0,0.0,0.0,0.02,0.0,0.0,1.0,0.3826374433696584,0.48466749975497403,22.70407641208315,Transition Laggard
Guinea-Bissau,2004,GNB,1349569.0,1573921435.0,0.0,100.0,666.67,0.0,0.0,0.0,0.03,0.0,0.0,1.0,0.5101858087425003,0.48466749975497403,19.515367277762103,Transition Laggard
Guinea-Bissau,2005,GNB,1381590.0,1653070519.0,0.0,100.0,666.67,0.0,0.0,0.0,0.03,0.0,0.0,1.0,0.5101858087425003,0.48466749975497403,19.515367277762103,Transition Laggard
Guinea-Bissau,2006,GNB,1415315.0,1701901067.0,0.0,100.0,666.67,0.0,0.0,0.0,0.03,0.0,0.0,1.0,0.5101858087425003,0.48466749975497403,19.515367277762103,Transition Laggard
Guinea-Bissau,2007,GNB,1450989.0,1768965179.0,0.0,100.0,666.67,0.0,0.0,0.0,0.03,0.0,0.0,1.0,0.5101858087425003,0.48466749975497403,19.515367277762103,Transition Laggard
Guinea-Bissau,2008,GNB,1488059.0,1837842538.0,0.0,100.0,666.67,0.0,0.0,0.0,0.03,0.0,0.0,1.0,0.5101858087425003,0.48466749975497403,19.515367277762103,Transition Laggard
Guinea-Bissau,2009,GNB,1526384.0,1913611627.0,0.0,100.0,666.67,0.0,0.0,0.0,0.03,0.0,0.0,1.0,0.5101858087425003,0.48466749975497403,19.515367277762103,Transition Laggard
Guinea-Bissau,2010,GNB,1566352.0,2015432308.0,0.0,100.0,666.67,0.0,0.0,0.0,0.03,0.0,0.0,1.0,0.5101858087425003,0.48466749975497403,19.515367277762103,Transition Laggard
Guinea-Bissau,2011,GNB,1608084.0,2192198781.0,0.0,100.0,666.67,0.0,0.0,0.0,0.03,0.0,0.0,1.0,0.5101858087425003,0.48466749975497403,19.515367277762103,Transition Laggard
Guinea-Bissau,2012,GNB,1651425.0,2160239109.0,0.0,100.0,666.67,0.0,0.0,0.0,0.03,0.0,0.0,1.0,0.5101858087425003,0.48466749975497403,19.515367277762103,Transition Laggard
Guinea-Bissau,2013,GNB,1695980.0,2238347369.0,0.0,100.0,500.0,0.0,0.0,0.0,0.02,0.0,0.0,1.0,0.3826374433696584,0.48466749975497403,22.70407641208315,Transition Laggard
Guinea-Bissau,2014,GNB,1741126.0,2253617077.0,0.0,100.0,666.67,0.0,0.0,0.0,0.03,0.0,0.0,1.0,0.5101858087425003,0.48466749975497403,19.515367277762103,Transition Laggard
Guinea-Bissau,2015,GNB,1786461.0,2372699688.0,0.0,100.0,666.67,0.0,0.0,0.0,0.06,0.0,0.0,1.0,0.5101858087425003,0.48466749975497403,19.515367277762103,Transition Laggard
Guinea-Bissau,2016,GNB,1831898.0,2519068025.0,0.0,100.0,625.0,0.0,0.0,0.0,0.08,0.0,0.0,1.0,0.478296804212073,0.48466749975497403,20.312592391022786,Transition Laggard
Guinea-Bissau,2017,GNB,1877074.0,2668676184.0,0.0,100.0,625.0,0.0,0.0,0.0,0.08,0.0,0.0,1.0,0.478296804212073,0.48466749975497403,20.312592391022786,Transition Laggard
Guinea-Bissau,2018,GNB,1922167.0,2771625236.0,0.0,100.0,625.0,0.0,0.0,0.0,0.08,0.0,0.0,1.0,0.478296804212073,0.48466749975497403,20.312592391022786,Transition Laggard
Guinea-Bissau,2019,GNB,1967704.0,2896348420.0,0.0,100.0,625.0,0.0,0.0,0.0,0.08,0.0,0.0,1.0,0.478296804212073,0.48466749975497403,20.312592391022786,Transition Laggard
Guinea-Bissau,2020,GNB,2013259.0,2939793794.0,0.0,100.0,625.0,0.0,0.0,0.0,0.08,0.0,0.0,1.0,0.478296804212073,0.48466749975497403,20.312592391022786,Transition Laggard
Guinea-Bissau,2021,GNB,2058841.0,3127940606.0,0.0,100.0,625.0,0.0,0.0,0.0,0.08,0.0,0.0,1.0,0.478296804212073,0.48466749975497403,20.312592391022786,Transition Laggard
Guinea-Bissau,2022,GNB,2105535.0,3259313986.0,0.0,100.0,625.0,0.0,0.0,0.0,0.08,0.0,0.0,1.0,0.478296804212073,0.48466749975497403,20.312592391022786,Transition Laggard
Guinea-Bissau,2023,GNB,2153343.0,,0.0,100.0,625.0,0.0,0.0,0.0,0.08,0.0,0.0,1.0,0.478296804212073,0.48466749975497403,20.312592391022786,Transition Laggard
Guinea-Bissau,2024,GNB,2201360.0,,0.0,100.0,625.0,0.0,0.0,0.0,0.08,0.0,0.0,1.0,0.478296804212073,0.48466749975497403,20.312592391022786,Transition Laggard
Guyana,2000,GUY,764836.0,,1.111,98.889,655.56,0.0,0.0,0.0,0.9,0.0,0.01111,0.9888899999999999,0.5016836047508264,0.48466749975497403,20.39452237755395,Transition Laggard
Guyana,2001,GUY,764484.0,,1.087,98.913,652.17,0.0,0.0,0.0,0.92,-0.02400000000000002,0.01087,0.98913,0.4990893228847802,0.48452048417132215,20.44277419045033,Transition Laggard
Guyana,2002,GUY,763657.0,,1.087,98.913,652.17,0.0,0.0,0.0,0.92,-0.02400000000000002,0.01087,0.98913,0.4990893228847802,0.48452048417132215,20.44277419045033,Transition Laggard
Guyana,2003,GUY,763107.0,,1.22,98.78,646.34,0.0,0.0,0.0,0.82,0.10899999999999999,0.0122,0.9878,0.49462777029509003,0.48533519553072624,20.64633367558364,Transition Laggard
Guyana,2004,GUY,762424.0,,1.163,98.837,651.16,0.0,0.0,0.0,0.86,0.052000000000000046,0.01163,0.9883700000000001,0.4983163952491735,0.48498603351955305,20.514680621563958,Transition Laggard
Guyana,2005,GUY,760922.0,,1.538,98.462,646.15,0.0,0.0,0.0,0.65,0.42700000000000005,0.015380000000000001,0.98462,0.4944823680666095,0.4872831520141135,20.869988078546463,Transition Laggard
Guyana,2006,GUY,758976.0,,1.515,98.485,651.52,0.0,0.0,0.0,0.66,0.4039999999999999,0.015149999999999999,0.98485,0.49859189420839967,0.48714226207978045,20.751336575986713,Transition Laggard
Guyana,2007,GUY,756874.0,,1.429,98.571,642.86,0.0,0.0,0.0,0.7,0.31800000000000006,0.01429,0.98571,0.4919646136892372,0.4866154562383613,20.857516501344485,Transition Laggard
Guyana,2008,GUY,754614.0,,1.408,98.592,647.89,0.0,0.0,0.0,0.71,0.29699999999999993,0.014079999999999999,0.98592,0.4958139463695359,0.4864868176026659,20.746753604801587,Transition Laggard
Guyana,2009,GUY,752097.0,,1.205,98.795,650.6,0.0,0.0,0.0,0.83,0.09400000000000008,0.012050000000000002,0.98795,0.4978878413125995,0.48524331079094385,20.554453629049167,Transition Laggard
Guyana,2010,GUY,749259.0,,4.444,95.556,644.44,0.0,0.0,0.0,0.9,3.333,0.04444,0.95556,0.49317374801028535,0.5050842889346271,22.913320633762275,Transition Laggard
Guyana,2011,GUY,746161.0,,5.263,94.737,631.58,0.0,0.0,0.0,0.95,4.152,0.05263,0.9473699999999999,0.4833323129668177,0.5101011957267471,23.726010111730766,Transition Laggard
Guyana,2012,GUY,746296.0,,4.167,95.833,645.83,0.0,0.0,0.0,0.96,3.056,0.04167,0.95833,0.49423748010285296,0.5033874840733118,22.69507525852835,Transition Laggard
Guyana,2013,GUY,750020.0,,4.082,95.918,642.86,0.0,0.0,0.0,0.98,2.971,0.04082,0.95918,0.4919646136892372,0.5028668038812114,22.69308671598724,Transition Laggard
Guyana,2014,GUY,754231.0,,4.0,96.0,640.0,0.0,0.0,0.0,1.0,2.8890000000000002,0.04,0.96,0.48977592751316273,0.5023645006370675,22.691069321726946,Transition Laggard
Guyana,2015,GUY,758783.0,,3.96,96.04,643.56,0.0,0.0,0.0,1.01,2.849,0.0396,0.9604,0.49250030610995466,0.5021194746643144,22.595284467215848,Transition Laggard
Guyana,2016,GUY,763553.0,,3.636,96.364,645.46,0.0,0.0,0.0,1.1,2.5250000000000004,0.03636,0.96364,0.49395432839475945,0.5001347642850142,22.33476325440623,Transition Laggard
Guyana,2017,GUY,768483.0,,3.571,96.429,642.86,0.893,0.0,0.0,1.12,2.46,0.035710000000000006,0.9642900000000001,0.4919646136892372,0.4997365970792904,22.339533613958423,Transition Laggard
Guyana,2018,GUY,791563.0,,2.632,97.368,640.35,0.877,0.0,0.0,1.14,1.5210000000000001,0.026320000000000003,0.97368,0.49004377372352154,0.4939846123689111,21.73787484244563,Transition Laggard
Guyana,2019,GUY,807668.0,,3.478,96.522,634.78,1.739,0.0,0.0,1.15,2.367,0.034780000000000005,0.9652200000000001,0.48578119260438346,0.49916691169263944,22.42977386028,Transition Laggard
Guyana,2020,GUY,807486.0,,2.632,97.368,640.35,0.877,0.0,0.0,1.14,1.5210000000000001,0.026320000000000003,0.97368,0.49004377372352154,0.4939846123689111,21.73787484244563,Transition Laggard
Guyana,2021,GUY,815484.0,,3.509,96.491,640.35,0.877,0.0,0.0,1.14,2.3979999999999997,0.03509,0.96491,0.49004377372352154,0.49935680682152306,22.34465775923481,Transition Laggard
Guyana,2022,GUY,821638.0,,2.344,97.656,648.44,0.781,0.0,0.0,1.28,1.2329999999999999,0.02344,0.9765600000000001,0.4962348475572426,0.4922204253650887,21.38383519154526,Transition Laggard
Guyana,2023,GUY,826357.0,,2.899,97.101,644.93,1.449,0.0,0.0,1.38,1.788,0.028990000000000002,0.97101,0.49354873270478755,0.49562016073703813,21.83498409343588,Transition Laggard
Guyana,2024,GUY,831092.0,,2.899,97.101,644.93,1.449,0.0,0.0,1.38,1.788,0.028990000000000002,0.97101,0.49354873270478755,0.49562016073703813,21.83498409343588,Transition Laggard
Haiti,2000,HTI,8303151.0,12590117444.0,51.852,48.148,333.33,0.0,0.0,51.852,0.54,0.0,0.51852,0.48148,0.25508907799681646,0.48466749975497403,57.00398554640419,Mixed Performer
Haiti,2001,HTI,8455917.0,12654293375.0,47.458,52.542,355.93,0.0,0.0,47.458,0.59,-4.393999999999998,0.47458,0.52542,0.27238429043712503,0.4577513966480447,53.53146368879255,Mixed Performer
Haiti,2002,HTI,8607648.0,12820096281.0,47.273,52.727,363.64,0.0,0.0,47.273,0.55,-4.5789999999999935,0.47273000000000004,0.52727,0.27828455981388517,0.4566181515240616,53.25595827751379,Mixed Performer
Haiti,2003,HTI,8759913.0,13072600973.0,47.17,52.83,358.49,0.0,0.0,47.17,0.53,-4.681999999999995,0.4717,0.5283,0.2743433941471777,0.45598720964422235,53.2832232909839,Mixed Performer
Haiti,2004,HTI,8910267.0,12808948010.0,47.273,52.727,363.64,0.0,0.0,47.273,0.55,-4.5789999999999935,0.47273000000000004,0.52727,0.27828455981388517,0.4566181515240616,53.25595827751379,Mixed Performer
Haiti,2005,HTI,9061274.0,13245370242.0,47.273,52.727,363.64,0.0,0.0,47.273,0.55,-4.5789999999999935,0.47273000000000004,0.52727,0.27828455981388517,0.4566181515240616,53.25595827751379,Mixed Performer
Haiti,2006,HTI,9216569.0,13759840125.0,47.368,52.632,368.42,0.0,0.0,47.368,0.57,-4.483999999999995,0.47368000000000005,0.52632,0.2819425737724991,0.4572000882093502,53.23023697882777,Mixed Performer
Haiti,2007,HTI,9373300.0,14437110458.0,32.609,67.391,434.78,0.0,0.0,32.609,0.46,-19.242999999999995,0.32609000000000005,0.6739100000000001,0.33272621525652013,0.3667916299127708,41.749119067278556,Mixed Performer
Haiti,2008,HTI,9530782.0,14789629003.0,36.735,63.265,408.16,0.0,0.0,36.735,0.49,-15.116999999999997,0.36735,0.63265,0.3123545977715195,0.3920660590022542,45.113125940745824,Mixed Performer
Haiti,2009,HTI,9689585.0,15482895499.0,28.169,71.831,478.87,0.0,0.0,28.169,0.71,-23.682999999999996,0.28169,0.71831,0.36646718501285663,0.33959374693717537,37.833626578736215,Transition Laggard
Haiti,2010,HTI,9803299.0,14869726114.0,25.0,75.0,500.0,0.0,0.0,25.0,0.68,-26.851999999999997,0.25,0.75,0.3826374433696584,0.32018156424581007,35.23678737944569,Transition Laggard
Haiti,2011,HTI,9914904.0,15936160000.0,12.121,87.879,575.76,0.0,0.0,12.121,0.99,-39.730999999999995,0.12121000000000001,0.8787900000000001,0.440614668789029,0.2412893266686269,24.876573180303676,Transition Laggard
Haiti,2012,HTI,10069770.0,16393482000.0,20.0,80.0,536.36,0.0,0.0,20.0,1.1,-31.851999999999997,0.2,0.8,0.41046283825149993,0.2895533176516711,31.08172880848757,Transition Laggard
Haiti,2013,HTI,10222365.0,17085684000.0,13.333,86.667,571.43,0.0,0.0,13.333,1.05,-38.519,0.13333,0.86667,0.43730102852944774,0.24871361364304617,25.797978491409495,Transition Laggard
Haiti,2014,HTI,10373241.0,17572203000.0,8.738,91.262,601.94,0.0,0.0,8.738,1.03,-43.114,0.08738,0.91262,0.46064956532386436,0.22056625502303245,22.035054692248877,Transition Laggard
Haiti,2015,HTI,10523249.0,17862468000.0,7.767,92.233,611.65,0.0,0.0,7.767,1.03,-44.084999999999994,0.07767,0.9223300000000001,0.4680803844741031,0.2146182495344507,21.177464131164182,Transition Laggard
Haiti,2016,HTI,10671462.0,18337150574.0,6.481,93.519,611.11,0.0,0.0,6.481,1.08,-45.370999999999995,0.06481,0.9351900000000001,0.4676671360352639,0.2067406645104381,20.29803156677497,Transition Laggard
Haiti,2017,HTI,10817759.0,18822570039.0,12.264,87.736,575.47,0.0,0.0,12.264,1.06,-39.587999999999994,0.12264,0.87736,0.44039273907187465,0.24216529452121927,24.98106094102142,Transition Laggard
Haiti,2018,HTI,10962373.0,19129086184.0,18.269,81.731,538.46,0.0,0.0,18.269,1.04,-33.583,0.18269,0.81731,0.4120699155136525,0.27894981868078017,29.84389939237039,Transition Laggard
Haiti,2019,HTI,11105165.0,18799472313.0,16.038,83.962,556.6,0.0,0.0,16.038,1.06,-35.81399999999999,0.16038,0.83962,0.4259520019591037,0.2652834950504754,27.953252376779535,Transition Laggard
Haiti,2020,HTI,11243846.0,18185520397.0,13.725,86.275,568.63,0.0,0.0,13.725,1.02,-38.126999999999995,0.13725,0.8627500000000001,0.4351582588465777,0.2511148681760267,26.122766551475955,Transition Laggard
Haiti,2021,HTI,11374592.0,17851170361.0,12.621,87.379,572.82,0.0,0.0,12.621,1.03,-39.230999999999995,0.12621000000000002,0.8737900000000001,0.43836476062201546,0.2443521513280408,25.278763254370222,Transition Laggard
Haiti,2022,HTI,11503603.0,17550916862.0,18.812,81.188,534.65,0.0,0.0,18.812,1.01,-33.03999999999999,0.18812,0.81188,0.40915421819517567,0.2822760462609037,30.29248523903416,Transition Laggard
Haiti,2023,HTI,11637402.0,,22.353,77.647,505.88,0.0,0.0,22.353,0.85,-29.498999999999995,0.22353,0.7764700000000001,0.38713725970368557,0.3039669704988729,33.29287306489095,Transition Laggard
Haiti,2024,HTI,11772562.0,,18.605,81.395,534.88,0.0,0.0,18.605,0.86,-33.247,0.18605000000000002,0.81395,0.4093302314191258,0.2810080368519063,30.14486476730045,Transition Laggard
Honduras,2000,HND,6577781.0,21239307387.0,61.813,38.187,263.74,0.0,0.0,61.538,3.64,0.0,0.6181300000000001,0.38187,0.2018335986286274,0.48466749975497403,64.31197253060893,Emerging Improver
Honduras,2001,HND,6757992.0,21992955509.0,49.616,50.384,345.27,0.0,0.0,48.082,3.91,-12.197000000000003,0.49616,0.5038400000000001,0.26422646014448387,0.40995295501323137,54.31323282158637,Mixed Performer
Honduras,2002,HND,6938866.0,22983633152.0,40.723,59.277,404.82,0.0,0.0,38.554,4.15,-21.090000000000003,0.40723,0.59277,0.3097985796498102,0.3554775556208958,47.02099884306818,Mixed Performer
Honduras,2003,HND,7119213.0,24205428089.0,41.026,58.974,405.98,0.0,0.0,36.752,4.68,-20.787,0.41026000000000007,0.5897399999999999,0.31068629851842783,0.35733362736450064,47.20844694750682,Mixed Performer
Honduras,2004,HND,7299003.0,25910108120.0,34.109,65.891,455.43,0.0,0.0,26.938,5.16,-27.704,0.34109,0.6589100000000001,0.34852914166768706,0.3149625110261688,41.47660912370036,Mixed Performer
Honduras,2005,HND,7478362.0,27704981594.0,33.092,66.908,452.08,0.0,0.0,30.741,5.53,-28.721000000000004,0.33092,0.66908,0.3459654707971103,0.30873272566892085,40.837054115106056,Mixed Performer
Honduras,2006,HND,7656832.0,29769398424.0,36.745,63.255,429.53,0.0,0.0,34.396,5.96,-25.068000000000005,0.36745,0.6325500000000001,0.3287085221011387,0.3311097226305988,43.795932786930514,Mixed Performer
Honduras,2007,HND,7834806.0,31871721735.0,37.52,62.48,426.07,0.0,0.0,34.817,6.29,-24.293,0.37520000000000003,0.6248,0.3260606709930207,0.3358571008526904,44.39833973796484,Mixed Performer
Honduras,2008,HND,8012590.0,33484306097.0,38.117,61.883,421.3,0.0,0.0,35.031,6.48,-23.696000000000005,0.38117,0.61883,0.3224103097832742,0.33951411349603056,44.9026539578586,Mixed Performer
Honduras,2009,HND,8189904.0,32923391943.0,47.376,52.624,371.72,0.0,0.0,40.379,6.86,-14.437000000000005,0.47375999999999996,0.52624,0.28446798089873887,0.3962315005390571,52.25737298561738,Mixed Performer
Honduras,2010,HND,8365881.0,34409603132.0,48.611,51.389,361.11,0.0,0.0,42.361,7.2,-13.202000000000005,0.48611,0.5138900000000001,0.27634841435043467,0.40379667744780945,53.31483980295627,Mixed Performer
Honduras,2011,HND,8540587.0,35990758725.0,46.051,53.949,382.87,0.0,1.606,37.349,7.47,-15.762,0.46051000000000003,0.53949,0.29300079588588224,0.3881150151916103,51.127305330727104,Mixed Performer
Honduras,2012,HND,8715081.0,37443688294.0,46.429,53.571,380.1,0.0,4.337,35.204,7.84,-15.384,0.46429000000000004,0.53571,0.2908809844496143,0.3904305106341272,51.44183304827155,Mixed Performer
Honduras,2013,HND,8889276.0,38446700070.0,44.093,55.907,393.42,0.0,3.776,33.009,8.21,-17.72,0.44093000000000004,0.55907,0.30107444594098204,0.3761209938253455,49.57075375885564,Mixed Performer
Honduras,2014,HND,9063127.0,39484545761.0,40.602,59.398,410.84,0.12,4.819,31.084,8.3,-21.211000000000006,0.40602,0.5939800000000001,0.31440553446798086,0.3547363520533176,46.822106919100236,Mixed Performer
Honduras,2015,HND,9237306.0,40757802007.0,44.062,55.938,394.01,4.883,7.436,25.749,9.01,-17.751000000000005,0.44062,0.55938,0.3015259581241582,0.3759310986964618,49.53801752734297,Mixed Performer
Honduras,2016,HND,9412380.0,42125312119.0,48.065,51.935,368.82,9.57,6.237,24.194,9.3,-13.748000000000005,0.48064999999999997,0.51935,0.2822486837271948,0.40045207291972945,52.789564000616075,Mixed Performer
Honduras,2017,HND,9588144.0,43936103834.0,57.356,42.644,311.3,9.915,6.183,31.663,9.38,-4.457000000000001,0.5735600000000001,0.42644,0.2382300722419493,0.45736548074095856,60.31833040506566,Emerging Improver
Honduras,2018,HND,9765209.0,45477892182.0,62.822,37.178,276.0,10.299,9.578,32.441,9.71,1.0090000000000003,0.62822,0.37178,0.21121586874005144,0.49084827991767127,64.77552748026379,Emerging Improver
Honduras,2019,HND,9943637.0,46684518271.0,52.908,47.092,342.4,10.507,7.692,22.795,10.66,-8.905000000000001,0.52908,0.47092,0.26203012121954206,0.4301185925708125,56.64582585807363,Mixed Performer
Honduras,2020,HND,10119638.0,42499283305.0,54.635,45.365,326.43,10.947,7.002,26.627,10.14,-7.178000000000004,0.54635,0.45365000000000005,0.24980868127831518,0.44069758894442806,58.14624680220854,Mixed Performer
Honduras,2021,HND,10289881.0,47826185166.0,61.421,38.579,284.17,10.252,6.924,33.903,11.12,-0.392000000000003,0.61421,0.38579,0.21746816456471166,0.4822662452219935,63.64988956421212,Emerging Improver
Honduras,2022,HND,10463880.0,49738252980.0,59.665,40.335,296.56,9.179,6.09,34.245,11.33,-2.1480000000000032,0.59665,0.40335000000000004,0.2269499204114118,0.4715096050181319,62.197896064986665,Emerging Improver
Honduras,2023,HND,10644853.0,,54.363,45.637,328.26,8.327,5.524,31.065,12.49,-7.450000000000003,0.5436300000000001,0.45637,0.25120913432104813,0.43903141232970694,57.9230428269194,Mixed Performer
Honduras,2024,HND,10825704.0,,55.449,44.551,322.12,9.455,6.01,30.449,12.48,-6.364000000000004,0.55449,0.44551,0.24651034651646872,0.4456838674899539,58.791899349437585,Mixed Performer
Hong Kong,2000,HKG,6704665.0,218622146616.0,0.0,100.0,792.39,0.0,0.0,0.0,31.26,0.0,0.0,1.0,0.6063961675033672,0.48466749975497403,17.11010830874043,Transition Laggard
Hong Kong,2001,HKG,6774243.0,219159408785.0,0.0,100.0,796.35,0.0,0.0,0.0,32.36,0.0,0.0,1.0,0.6094266560548549,0.48466749975497403,17.034346094953236,Transition Laggard
Hong Kong,2002,HKG,6821412.0,222182532288.0,0.0,100.0,807.19,0.0,0.0,0.0,34.23,0.0,0.0,1.0,0.6177222358271092,0.48466749975497403,16.82695660064688,Transition Laggard
Hong Kong,2003,HKG,6858906.0,225487397415.0,0.0,100.0,866.5,0.0,0.0,0.0,35.43,0.0,0.0,1.0,0.663110689359618,0.48466749975497403,15.69224526233416,Transition Laggard
Hong Kong,2004,HKG,6888164.0,243895605092.0,0.0,100.0,829.42,0.0,0.0,0.0,37.05,0.0,0.0,1.0,0.6347342965593241,0.48466749975497403,16.401655082341506,Transition Laggard
Hong Kong,2005,HKG,6908483.0,259469641313.0,0.0,100.0,835.07,0.0,0.0,0.0,38.38,0.0,0.0,1.0,0.6390580996694013,0.48466749975497403,16.293560004589576,Transition Laggard
Hong Kong,2006,HKG,6931089.0,274690745926.0,0.0,100.0,828.75,0.0,0.0,0.0,38.54,0.0,0.0,1.0,0.6342215623852088,0.48466749975497403,16.41447343669439,Transition Laggard
Hong Kong,2007,HKG,6971344.0,291247413551.0,0.0,100.0,847.22,0.0,0.0,0.0,38.88,0.0,0.0,1.0,0.648356189543284,0.48466749975497403,16.06110775774251,Transition Laggard
Hong Kong,2008,HKG,7020689.0,295823304243.0,0.0,100.0,825.47,0.0,0.0,0.0,37.93,0.0,0.0,1.0,0.6317114607567038,0.48466749975497403,16.477225977407013,Transition Laggard
Hong Kong,2009,HKG,7064464.0,285619082956.0,0.0,100.0,837.13,0.0,0.0,0.0,38.62,0.0,0.0,1.0,0.6406345659360843,0.48466749975497403,16.254148347922502,Transition Laggard
Hong Kong,2010,HKG,7101614.0,302377330309.0,0.105,99.895,799.9,0.0,0.0,0.0,38.23,0.105,0.00105,0.99895,0.6121433819027795,0.48531069293345097,17.03907584643228,Transition Laggard
Hong Kong,2011,HKG,7142969.0,314044556431.0,0.103,99.897,838.34,0.0,0.0,0.0,38.97,0.103,0.0010299999999999999,0.99897,0.6415605485490389,0.4852984416348133,16.302262910796227,Transition Laggard
Hong Kong,2012,HKG,7201059.0,319384208506.0,0.104,99.896,812.09,0.0,0.0,0.0,38.53,0.104,0.00104,0.9989600000000001,0.6214720827721317,0.4853045672841321,16.805166439958686,Transition Laggard
Hong Kong,2013,HKG,7264330.0,329290162080.0,0.103,99.897,854.4,0.0,0.0,0.0,39.01,0.103,0.0010299999999999999,0.99897,0.6538508632300722,0.4852984416348133,15.995005043770394,Transition Laggard
Hong Kong,2014,HKG,7319502.0,338386398632.0,0.101,99.899,860.59,0.0,0.0,0.0,39.74,0.101,0.00101,0.99899,0.6585879147789886,0.48528619033617565,15.87519498556792,Transition Laggard
Hong Kong,2015,HKG,7366411.0,346466191769.0,0.185,99.815,814.84,0.0,0.0,0.0,37.86,0.185,0.00185,0.99815,0.6235765887106649,0.4858007448789572,16.808596455417735,Transition Laggard
Hong Kong,2016,HKG,7408006.0,354003396927.0,0.367,99.633,815.32,0.0,0.0,0.0,38.12,0.367,0.00367,0.9963299999999999,0.6239439206562998,0.4869156130549838,16.925336179417265,Transition Laggard
Hong Kong,2017,HKG,7444889.0,367441685993.0,0.406,99.594,810.5,0.027,0.0,0.0,36.94,0.406,0.00406,0.9959399999999999,0.6202552957022163,0.48715451337841814,17.044535308120867,Transition Laggard
Hong Kong,2018,HKG,7471190.0,377902310676.0,0.41,99.59,790.27,0.027,0.0,0.0,36.57,0.41,0.0040999999999999995,0.9959,0.6047737847434799,0.4871790159756934,17.434340621048406,Transition Laggard
Hong Kong,2019,HKG,7485817.0,371582312306.0,0.433,99.567,776.67,0.054,0.0,0.0,36.94,0.433,0.00433,0.9956699999999999,0.5943660462838252,0.48731990591002644,17.71044743155477,Transition Laggard
Hong Kong,2020,HKG,7490240.0,347263059452.0,0.553,99.447,684.13,0.146,0.0,0.0,34.35,0.553,0.00553,0.9944700000000001,0.5235475082649688,0.4880549838282858,19.563937050800067,Transition Laggard
Hong Kong,2021,HKG,7484604.0,369654417943.0,0.718,99.282,691.61,0.331,0.0,0.0,36.22,0.718,0.00718,0.99282,0.5292717644177789,0.4890657159658924,19.534991629043912,Transition Laggard
Hong Kong,2022,HKG,7465913.0,356690492875.0,0.914,99.086,682.27,0.499,0.0,0.0,36.1,0.914,0.00914,0.99086,0.5221240969756337,0.49026634323238266,19.849292724094898,Transition Laggard
Hong Kong,2023,HKG,7442738.0,,0.954,99.046,674.44,0.53,0.0,0.0,37.75,0.954,0.00954,0.9904600000000001,0.5161319946124648,0.49051136920513577,20.026770672765416,Transition Laggard
Hong Kong,2024,HKG,7414914.0,,1.042,98.958,675.48,0.614,0.0,0.0,37.44,1.042,0.01042,0.98958,0.5169278804946738,0.4910504263451926,20.067759382811047,Transition Laggard
Hungary,2000,HUN,10190598.0,134151505450.0,0.682,59.022,450.98,0.0,,0.512,35.19,0.0,0.0068200000000000005,0.59022,0.3451236684216971,0.48466749975497403,34.12512078578218,Transition Laggard
Hungary,2001,HUN,10166693.0,142043461403.0,0.714,60.489,439.04,0.0,0.0,0.522,36.42,0.03199999999999992,0.00714,0.60489,0.33598628627402966,0.4848635205331765,34.0009456511469,Transition Laggard
Hungary,2002,HUN,10138461.0,151456660939.0,0.636,60.775,432.37,0.0,0.0,0.526,36.15,-0.04600000000000004,0.00636,0.60775,0.3308819027794784,0.48438571988630796,34.02258822880766,Transition Laggard
Hungary,2003,HUN,10108970.0,160456137012.0,0.967,66.774,468.8,0.0,0.0,0.498,34.13,0.2849999999999999,0.00967,0.66774,0.3587608669033917,0.48641330981083997,31.97212797457781,Transition Laggard
Hungary,2004,HUN,10085788.0,171925388770.0,2.788,61.881,431.33,0.0,0.03,0.593,33.71,2.106,0.02788,0.61881,0.3300860168972695,0.4975681172204254,34.716921335874645,Transition Laggard
Hungary,2005,HUN,10065703.0,183107031890.0,5.231,56.084,382.66,0.0,0.028,0.559,35.75,4.5489999999999995,0.05231,0.56084,0.292840088159667,0.5125330785063217,38.17684397360315,Transition Laggard
Hungary,2006,HUN,10049946.0,194033322767.0,4.156,58.298,389.96,0.0,0.112,0.53,35.85,3.4739999999999998,0.04156,0.58298,0.29842659483286393,0.5059480054885818,37.008655211507126,Transition Laggard
Hungary,2007,HUN,10034084.0,198872162765.0,4.705,58.559,385.89,0.0,0.275,0.526,39.96,4.023,0.04705,0.5855899999999999,0.29531192604383494,0.5093109869646183,37.263866653373405,Transition Laggard
Hungary,2008,HUN,10016653.0,204720371926.0,5.872,57.096,376.06,0.0,0.5,0.525,40.02,5.1899999999999995,0.05872,0.57096,0.28778927390718745,0.5164596197196902,38.333362448115665,Transition Laggard
Hungary,2009,HUN,10001381.0,195180908684.0,8.048,48.984,343.92,0.0,0.919,0.64,35.91,7.366,0.08048,0.48984000000000005,0.26319333904738584,0.5297890326374596,41.937802013377244,Mixed Performer
Hungary,2010,HUN,9979128.0,200496589291.0,8.084,49.732,341.01,0.0,1.419,0.509,37.36,7.401999999999999,0.08084,0.49732,0.2609663891269744,0.5300095560129374,41.8223836120197,Mixed Performer
Hungary,2011,HUN,9946675.0,208407605976.0,7.524,48.917,341.2,0.0,1.749,0.611,36.02,6.842,0.07524,0.48917000000000005,0.26111179135545487,0.5265791923943938,41.775043102029535,Mixed Performer
Hungary,2012,HUN,9916621.0,205802052322.0,7.626,46.765,332.76,0.029,2.224,0.607,34.62,6.944,0.07626000000000001,0.46765,0.25465287131137504,0.5272040086249142,42.51958834658934,Mixed Performer
Hungary,2013,HUN,9889344.0,209511661762.0,9.184,40.04,317.48,0.066,2.379,0.694,30.27,8.501999999999999,0.09183999999999999,0.4004,0.2429594710419983,0.536747770263648,45.18162977790476,Mixed Performer
Hungary,2014,HUN,9862843.0,218378634753.0,10.752,35.999,300.1,0.238,2.246,1.021,29.39,10.07,0.10752,0.35999000000000003,0.22965899351046898,0.5463527883955699,47.21726698817182,Mixed Performer
Hungary,2015,HUN,9839211.0,226474616785.0,10.617,37.191,299.04,0.462,2.275,0.758,30.33,9.935,0.10617000000000001,0.37191,0.2288478021305253,0.5455258257375282,46.87989233279979,Mixed Performer
Hungary,2016,HUN,9810529.0,231459349147.0,10.194,39.46,300.19,0.753,2.133,0.816,31.88,9.512,0.10194000000000002,0.3946,0.2297278682502755,0.542934676075664,46.10372343487808,Mixed Performer
Hungary,2017,HUN,9785608.0,241347220007.0,10.571,40.522,290.71,1.063,2.309,0.668,32.92,9.889,0.10571,0.40521999999999997,0.22247306232398675,0.5452440458688621,46.18618412993326,Mixed Performer
Hungary,2018,HUN,9774395.0,254289117363.0,11.763,39.158,284.56,1.966,1.903,0.686,32.05,11.081,0.11763,0.39158000000000004,0.21776662177054,0.5525458198569049,47.17157175359007,Mixed Performer
Hungary,2019,HUN,9770346.0,266658311342.0,13.711,38.769,266.04,4.376,2.13,0.642,34.28,13.029,0.13711,0.38769,0.20359373086812785,0.5644785847299814,48.48393549924653,Mixed Performer
Hungary,2020,HUN,9749459.0,254563881936.0,15.808,38.202,257.45,7.045,1.861,0.687,34.92,15.126,0.15808,0.38201999999999997,0.1970200195910371,0.5773240713515633,49.716660580497525,Mixed Performer
Hungary,2021,HUN,9707848.0,272892486007.0,19.141,36.565,238.5,10.526,1.828,0.582,36.1,18.459,0.19141,0.36565,0.18251806048732705,0.5977408605312163,51.961261395785066,Mixed Performer
Hungary,2022,HUN,9684308.0,285385229433.0,21.409,34.405,228.9,13.22,1.705,0.503,35.78,20.727,0.21409,0.34405,0.17517142157462962,0.6116338331863178,53.68712195842903,Mixed Performer
Hungary,2023,HUN,9686465.0,,26.393,28.813,196.12,19.499,1.829,0.619,35.54,25.711000000000002,0.26393,0.28813,0.1500857107873148,0.6421640693913555,57.914618271187464,Mixed Performer
Hungary,2024,HUN,9676135.0,,31.474,26.368,184.47,24.211,1.816,0.605,38.0,30.792,0.31474,0.26367999999999997,0.14117025835680178,0.6732884935803195,60.99397094478475,Emerging Improver
Hungary,2025,HUN,9632286.0,,35.313,24.677,163.02,27.286,1.491,0.572,40.24,34.631,0.35313000000000005,0.24677,0.12475511203624343,0.6968048613152995,63.52349511882341,Emerging Improver
Iceland,2000,ISL,281293.0,9307402059.0,100.0,0.0,26.28,0.0,0.0,82.654,7.61,0.0,1.0,0.0,0.020111424023509246,0.48466749975497403,91.76722689573687,Transition Leader
Iceland,2001,ISL,285058.0,9632094658.0,100.0,0.0,25.13,0.0,0.0,81.784,7.96,0.0,1.0,0.0,0.01923135790375903,0.48466749975497403,91.78922854873063,Transition Leader
Iceland,2002,ISL,287609.0,9623436669.0,99.88,0.12,26.35,0.0,0.0,82.754,8.35,-0.12000000000000455,0.9988,0.0012,0.020164993265580997,0.48393242183671464,91.6828614959112,Transition Leader
Iceland,2003,ISL,289616.0,9810546928.0,99.882,0.118,27.25,0.0,0.0,83.175,8.44,-0.117999999999995,0.99882,0.00118,0.020853740663646383,0.4839446731353524,91.66702658043911,Transition Leader
Iceland,2004,ISL,292172.0,10591927126.0,100.0,0.0,26.93,0.0,0.0,82.67,8.54,0.0,1.0,0.0,0.0206088526998898,0.48466749975497403,91.75479117882736,Transition Leader
Iceland,2005,ISL,296852.0,11206862490.0,100.0,0.0,26.71,0.0,0.0,80.72,8.61,0.0,1.0,0.0,0.020440492224807153,0.48466749975497403,91.75900019070443,Transition Leader
Iceland,2006,ISL,303883.0,11775508947.0,100.0,0.0,27.41,0.0,0.0,73.299,9.85,0.0,1.0,0.0,0.020976184645524674,0.48466749975497403,91.74560788018648,Transition Leader
Iceland,2007,ISL,311662.0,12798725464.0,100.0,0.0,27.75,0.0,0.0,69.891,11.89,0.0,1.0,0.0,0.021236378107016042,0.48466749975497403,91.73910304364921,Transition Leader
Iceland,2008,ISL,317519.0,13031114591.0,100.0,0.0,26.93,0.0,0.0,75.275,16.34,0.0,1.0,0.0,0.0206088526998898,0.48466749975497403,91.75479117882736,Transition Leader
Iceland,2009,ISL,318619.0,12031037299.0,100.0,0.0,27.53,0.0,0.0,72.771,16.71,0.0,1.0,0.0,0.021068017631933392,0.48466749975497403,91.74331205552627,Transition Leader
Iceland,2010,ISL,318163.0,11531450215.0,100.0,0.0,27.48,0.0,0.0,74.731,16.74,0.0,1.0,0.0,0.021029753887596425,0.48466749975497403,91.7442686491347,Transition Leader
Iceland,2011,ISL,319139.0,11716753534.0,100.0,0.0,27.3,0.0,0.0,73.472,16.85,0.0,1.0,0.0,0.020892004407983347,0.48466749975497403,91.74771238612503,Transition Leader
Iceland,2012,ISL,320851.0,11841375384.0,100.0,0.0,27.76,0.0,0.0,70.619,17.29,0.0,1.0,0.0,0.021244030855883434,0.48466749975497403,91.73891172492752,Transition Leader
Iceland,2013,ISL,323891.0,12380449213.0,100.0,0.0,27.79,0.0,0.0,70.873,17.99,0.0,1.0,0.0,0.021266989102485614,0.48466749975497403,91.73833776876246,Transition Leader
Iceland,2014,ISL,327517.0,12589333385.0,100.0,0.0,28.09,0.0,0.056,70.506,17.8,0.0,1.0,0.0,0.021496571568507407,0.48466749975497403,91.73259820711192,Transition Leader
Iceland,2015,ISL,330962.0,13147880818.0,100.0,0.0,27.49,0.0,0.054,72.992,18.55,0.0,1.0,0.0,0.021037406636463817,0.48466749975497403,91.744077330413,Transition Leader
Iceland,2016,ISL,335571.0,13976682094.0,100.0,0.0,27.52,0.0,0.055,72.042,18.17,0.0,1.0,0.0,0.021060364883065997,0.48466749975497403,91.74350337424796,Transition Leader
Iceland,2017,ISL,343537.0,14562998209.0,100.0,0.0,27.27,0.0,0.052,72.837,19.07,0.0,1.0,0.0,0.020869046161381168,0.48466749975497403,91.74828634229007,Transition Leader
Iceland,2018,ISL,352860.0,15275006901.0,100.0,0.0,28.44,0.0,0.0,69.477,19.69,0.0,1.0,0.0,0.02176441777886617,0.48466749975497403,91.72590205185294,Transition Leader
Iceland,2019,ISL,360709.0,15550746271.0,100.0,0.0,28.41,0.0,0.052,68.853,19.36,0.0,1.0,0.0,0.02174145953226399,0.48466749975497403,91.72647600801801,Transition Leader
Iceland,2020,ISL,366626.0,14424580947.0,100.0,0.0,28.06,0.0,0.053,68.396,18.89,0.0,1.0,0.0,0.021473613321905227,0.48466749975497403,91.73317216327698,Transition Leader
Iceland,2021,ISL,372647.0,15049658393.0,100.0,0.0,27.85,0.0,0.052,70.036,19.39,0.0,1.0,0.0,0.021312905595689973,0.48466749975497403,91.73718985643235,Transition Leader
Iceland,2022,ISL,380368.0,16019540441.0,100.0,0.0,27.68,0.0,0.05,70.156,19.87,0.0,1.0,0.0,0.021182808864944287,0.48466749975497403,91.740442274701,Transition Leader
Iceland,2023,ISL,387559.0,,100.0,0.0,27.76,0.0,0.05,71.176,19.81,0.0,1.0,0.0,0.021244030855883434,0.48466749975497403,91.73891172492752,Transition Leader
Iceland,2024,ISL,393404.0,,100.0,0.0,27.82,0.052,0.052,70.656,19.05,0.0,1.0,0.0,0.021289947349087793,0.48466749975497403,91.73776381259741,Transition Leader
India,2000,IND,1057922731.0,2804478499774.0,14.048,83.192,740.04,0.002,0.277,13.474,571.39,0.0,0.14048,0.83192,0.566334027182564,0.48466749975497403,27.23046181676051,Transition Laggard
India,2001,IND,1077898579.0,2940745466088.0,13.0,83.777,747.39,0.002,0.357,12.288,586.09,-1.048,0.13,0.83777,0.5719587976000979,0.4782478192688425,26.48049734903019,Transition Laggard
India,2002,IND,1097600380.0,3024984520809.0,11.938,84.888,755.76,0.002,0.343,11.243,609.64,-2.1099999999999994,0.11938000000000001,0.8488800000000001,0.578364148402106,0.47174237969224736,25.57333198533106,Transition Laggard
India,2003,IND,1116803000.0,3251114494190.0,11.695,85.462,758.01,0.003,0.407,10.86,638.13,-2.3529999999999998,0.11695,0.85462,0.5800860168972695,0.4702538469077722,25.279407281184845,Transition Laggard
India,2004,IND,1135991509.0,3495022816540.0,15.638,81.318,723.79,0.003,0.749,14.412,698.32,1.5899999999999999,0.15638,0.81318,0.55389831027305,0.4944072821719102,28.712451475752403,Transition Laggard
India,2005,IND,1154676321.0,3752627653422.0,15.254,82.229,734.03,0.003,0.85,13.828,704.52,1.2059999999999995,0.15254,0.82229,0.5617347251132607,0.49205503283348034,28.119107364670686,Transition Laggard
India,2006,IND,1172878888.0,4069856052453.0,17.135,80.496,723.04,0.001,1.255,15.128,744.43,3.0870000000000015,0.17135000000000003,0.80496,0.5533243541079955,0.5035773792021955,29.593801835333046,Transition Laggard
India,2007,IND,1190676028.0,4403215224414.0,17.802,79.959,717.87,0.008,1.467,15.398,796.26,3.7539999999999996,0.17802,0.79959,0.5493678829435533,0.5076631872978535,30.12170073587897,Transition Laggard
India,2008,IND,1207930960.0,4649548164533.0,16.768,81.393,733.08,0.007,1.736,13.903,828.41,2.7200000000000006,0.16768000000000002,0.81393,0.5610077139708584,0.5013292659021856,29.015296139261327,Transition Laggard
India,2009,IND,1225524764.0,4993478894185.0,15.166,82.92,744.55,0.009,1.852,12.103,878.63,1.1180000000000003,0.15166000000000002,0.8292,0.5697854169217582,0.49151597569342353,27.7062042123574,Transition Laggard
India,2010,IND,1243481565.0,5361371354007.0,15.114,82.421,739.43,0.012,2.078,11.613,936.39,1.0660000000000007,0.15114000000000002,0.8242100000000001,0.5658672095016529,0.49119744192884446,27.90593139139134,Transition Laggard
India,2011,IND,1261224956.0,5720692888000.0,16.656,80.223,722.11,0.08,2.32,12.758,1032.32,2.6079999999999988,0.16655999999999999,0.80223,0.552612648463328,0.5006431931784769,29.468181686093953,Transition Laggard
India,2012,IND,1278674501.0,6052427493607.0,14.868,82.087,742.86,0.193,2.52,10.637,1088.42,0.8200000000000003,0.14868,0.8208700000000001,0.5684921023631688,0.48969053219641284,27.81510542386697,Transition Laggard
India,2013,IND,1295829507.0,6424470752490.0,16.034,81.047,738.99,0.301,2.63,11.565,1141.23,1.9859999999999989,0.16033999999999998,0.81047,0.5655304885514877,0.49683303930216605,28.664383375745295,Transition Laggard
India,2014,IND,1312277184.0,6875186158349.0,15.77,81.473,743.22,0.39,2.658,11.043,1258.68,1.7219999999999995,0.1577,0.81473,0.568767601322395,0.4952158678819955,28.360297985170057,Transition Laggard
India,2015,IND,1328024494.0,7391521519812.0,14.625,82.452,750.63,0.541,2.498,10.185,1310.56,0.577,0.14625,0.82452,0.5744382882331334,0.48820199941193765,27.467822785350727,Transition Laggard
India,2016,IND,1343944296.0,8057465593010.0,14.438,82.845,751.87,0.875,3.115,9.216,1394.93,0.39000000000000057,0.14438,0.82845,0.5753872290926901,0.48705650298931685,27.263216817522494,Transition Laggard
India,2017,IND,1359657398.0,8550029645172.0,15.451,81.99,743.09,1.529,3.599,9.298,1462.39,1.4030000000000005,0.15451,0.8199,0.5686681155871189,0.4932617857492894,28.09257389656137,Transition Laggard
India,2018,IND,1374659067.0,9173201683791.0,16.294,81.222,737.72,2.383,3.837,8.903,1571.65,2.2460000000000004,0.16294,0.8122199999999999,0.5645585894453288,0.49842570812506126,28.7598208857427,Transition Laggard
India,2019,IND,1389030307.0,9595463242427.0,17.617,79.563,722.66,2.339,3.954,10.137,1600.98,3.569000000000001,0.17617000000000002,0.7956300000000001,0.5530335496510347,0.5065299421738705,30.04731039133219,Transition Laggard
India,2020,IND,1402617694.0,8945313249462.0,19.007,78.14,709.06,3.384,3.865,10.486,1563.43,4.959000000000001,0.19007000000000002,0.7814,0.5426258111913799,0.5150445947270411,31.277473641121116,Transition Laggard
India,2021,IND,1414203896.0,9801621018003.0,18.791,78.593,715.34,3.907,4.056,9.565,1678.72,4.743,0.18791000000000002,0.78593,0.5474317374801029,0.5137214544741743,30.948628380110044,Transition Laggard
India,2022,IND,1425423209.0,10476248645535.0,20.19,77.25,705.75,5.315,3.882,9.702,1804.61,6.142000000000001,0.20190000000000002,0.7725,0.5400927513162728,0.5222912378712143,32.0860497851614,Transition Laggard
India,2023,IND,1438069597.0,,19.287,78.201,713.36,6.017,4.28,7.79,1918.26,5.238999999999999,0.19286999999999999,0.78201,0.545916493204359,0.5167597765363129,31.30368431793572,Transition Laggard
India,2024,IND,1450935785.0,,19.808,77.506,705.4,7.025,4.004,7.686,2036.52,5.76,0.19808,0.77506,0.5398249051059141,0.5199512398314221,31.859945969823478,Transition Laggard
India,2025,IND,1463865527.0,,24.067,73.347,670.13,9.415,4.995,8.55,2081.6,10.019,0.24067,0.73347,0.5128336598506184,0.5460403802803098,35.456464207939185,Transition Laggard
Indonesia,2000,IDN,216077789.0,1138300071768.0,19.992,80.008,630.66,0.0,0.0,10.22,98.04,0.0,0.19992000000000001,0.80008,0.4826282600710175,0.48466749975497403,32.19950599454917,Transition Laggard
Indonesia,2001,IDN,219097905.0,1185220908414.0,20.902,79.098,626.04,0.0,0.0,10.974,106.16,0.9100000000000001,0.20902,0.79098,0.47909269009428185,0.49024184063510734,32.91751035716956,Transition Laggard
Indonesia,2002,IDN,222088499.0,1244249942443.0,18.577,81.423,643.49,0.0,0.0,8.785,113.04,-1.4149999999999991,0.18577000000000002,0.81423,0.492446736867883,0.4759997059688327,30.975027167835417,Transition Laggard
Indonesia,2003,IDN,225048005.0,1309811268640.0,16.884,83.116,656.53,0.0,0.0,7.752,117.39,-3.1080000000000005,0.16884000000000002,0.83116,0.5024259213909636,0.46562898167205724,29.554186690306768,Transition Laggard
Indonesia,2004,IDN,227926649.0,1387446383159.0,16.806,83.194,653.71,0.0,0.0,7.75,124.78,-3.186,0.16806000000000001,0.83194,0.5002678462103588,0.46515118102518865,29.55417156011886,Transition Laggard
Indonesia,2005,IDN,230871648.0,1474875329634.0,17.052,82.948,650.54,0.0,0.0,8.074,132.89,-2.9400000000000013,0.17052,0.82948,0.4978419248193951,0.4666580907576203,29.785023240879426,Transition Laggard
Indonesia,2006,IDN,233951650.0,1565012923832.0,15.348,84.652,668.12,0.0,0.0,6.971,138.0,-4.644,0.15348,0.84652,0.5112954573282723,0.45621998431833777,28.26971333156826,Transition Laggard
Indonesia,2007,IDN,237062338.0,1674227359084.0,16.368,83.632,663.14,0.0,0.0,7.608,148.4,-3.6240000000000023,0.16368,0.8363200000000001,0.5074843883923105,0.4624681466235421,29.070712489545368,Transition Laggard
Indonesia,2008,IDN,240157902.0,1809491142510.0,16.895,83.105,652.98,0.0,0.0,7.396,155.9,-3.0970000000000013,0.16895,0.8310500000000001,0.49970919554303905,0.46569636381456436,29.629715568642485,Transition Laggard
Indonesia,2009,IDN,243220024.0,1905717479305.0,16.449,83.551,660.65,0.0,0.0,6.987,162.87,-3.5429999999999993,0.16449000000000003,0.8355100000000001,0.5055788539243297,0.46296432421836714,29.174393515167264,Transition Laggard
Indonesia,2010,IDN,246305327.0,2039334560589.0,19.503,80.497,636.91,0.0,0.0,9.833,177.56,-0.48900000000000077,0.19503,0.80497,0.4874112281131382,0.4816720572380672,31.741600155742557,Transition Laggard
Indonesia,2011,IDN,249470029.0,2178184530109.0,15.875,84.125,667.24,0.0,0.0,6.473,191.88,-4.117000000000001,0.15875,0.84125,0.5106220154279417,0.45944820150936,28.65117263694186,Transition Laggard
Indonesia,2012,IDN,252698525.0,2309530044109.0,14.888,85.112,687.12,0.0,0.0,6.126,208.96,-5.104000000000001,0.14888,0.85112,0.5258356801763193,0.45340218563167695,27.58794078006717,Transition Laggard
Indonesia,2013,IDN,255852464.0,2437876929100.0,15.765,84.235,682.17,0.004,0.0,7.514,225.18,-4.227,0.15765,0.84235,0.5220475694869597,0.45877438008428895,28.28942646409034,Transition Laggard
Indonesia,2014,IDN,258877395.0,2559933272409.0,14.486,85.514,691.59,0.004,0.0,6.382,237.54,-5.506,0.14486000000000002,0.85514,0.5292564589200441,0.4509396746055082,27.22428364608152,Transition Laggard
Indonesia,2015,IDN,261799249.0,2684763880628.0,13.795,86.205,696.32,0.004,0.0,5.648,243.28,-6.197000000000001,0.13795,0.86205,0.5328762091343211,0.44670685092619816,26.655697535534944,Transition Laggard
Indonesia,2016,IDN,264627429.0,2819889903036.0,15.368,84.632,689.03,0.008,0.004,7.253,257.55,-4.6240000000000006,0.15368,0.8463200000000001,0.5272973552099914,0.4563424973047143,27.88350357932093,Transition Laggard
Indonesia,2017,IDN,267346654.0,2962852274581.0,16.247,83.753,688.49,0.011,0.0,7.008,265.83,-3.745000000000001,0.16247,0.83753,0.5268841067711522,0.4617269430559639,28.50200147656065,Transition Laggard
Indonesia,2018,IDN,269951847.0,3116158974437.0,17.048,82.952,684.06,0.032,0.067,7.625,283.79,-2.9440000000000026,0.17048,0.82952,0.523493939022897,0.466633588160345,29.140955346832747,Transition Laggard
Indonesia,2019,IDN,272489381.0,3272568062078.0,16.26,83.74,693.81,0.041,0.162,7.162,295.44,-3.7319999999999993,0.16260000000000002,0.8373999999999999,0.5309553691686053,0.4618065764971087,28.4092144182415,Transition Laggard
Indonesia,2020,IDN,274814861.0,3204972631957.0,18.124,81.876,685.15,0.058,0.161,8.337,291.82,-1.868000000000002,0.18123999999999998,0.81876,0.5243280886494429,0.4732247868274037,29.864569586174984,Transition Laggard
Indonesia,2021,IDN,276758056.0,3323654666991.0,18.167,81.833,684.41,0.061,0.142,7.984,309.36,-1.8249999999999993,0.18167000000000003,0.81833,0.5237617852332558,0.4734881897481133,29.908478215390303,Transition Laggard
Indonesia,2022,IDN,278830527.0,3500093638879.0,19.611,80.389,675.81,0.132,0.108,8.185,333.54,-0.3810000000000002,0.19611,0.80389,0.5171804212072977,0.48233362736450064,31.072093880285067,Transition Laggard
Indonesia,2023,IDN,281190068.0,,18.597,81.403,680.8,0.203,0.137,7.014,350.6,-1.3949999999999996,0.18597000000000002,0.81403,0.5209991428921268,0.47612221895520923,30.275054712024968,Transition Laggard
Indonesia,2024,IDN,283487933.0,,18.09,81.91,680.25,0.363,0.127,7.345,371.54,-1.902000000000001,0.1809,0.8190999999999999,0.5205782417044202,0.47301651475056355,29.934791678647947,Transition Laggard
Iran,2000,IRN,66418661.0,595554549032.0,3.201,96.799,667.45,0.0,0.034,3.167,119.35,0.0,0.032010000000000004,0.9679900000000001,0.510782723154157,0.48466749975497403,21.421044417470682,Transition Laggard
Iran,2001,IRN,67452005.0,636570203280.0,3.253,96.747,667.76,0.0,0.024,3.229,127.59,0.052000000000000046,0.03253,0.96747,0.5110199583690461,0.48498603351955305,21.45109154356714,Transition Laggard
Iran,2002,IRN,68011318.0,698059655739.0,5.816,94.184,651.81,0.0,0.022,5.795,138.23,2.6149999999999998,0.058159999999999996,0.94184,0.498813823925554,0.5006860727237087,23.52954549271678,Transition Laggard
Iran,2003,IRN,68769343.0,779969698412.0,6.344,93.656,648.99,0.0,0.02,6.324,151.65,3.1430000000000002,0.06344000000000001,0.9365600000000001,0.4966557487449492,0.5039204155640498,23.948812514837016,Transition Laggard
Iran,2004,IRN,70256316.0,849441950372.0,7.361,92.639,641.56,0.0,0.031,7.33,162.76,4.16,0.07361,0.9263899999999999,0.49096975633647605,0.5101502009212977,24.794609105407563,Transition Laggard
Iran,2005,IRN,71828455.0,908856025194.0,8.2,91.8,636.3,0.0,0.04,8.161,177.07,4.998999999999999,0.08199999999999999,0.918,0.48694441043222725,0.5152896206997942,25.475734049691233,Transition Laggard
Iran,2006,IRN,73392747.0,995245162302.0,9.637,90.363,624.72,0.0,0.067,9.569,193.43,6.436,0.09637000000000001,0.90363,0.47808252724378597,0.5240921787709497,26.691519500469596,Transition Laggard
Iran,2007,IRN,74602648.0,1098784519617.0,8.911,91.089,630.86,0.0,0.069,8.842,203.12,5.709999999999999,0.08911,0.91089,0.4827813150483654,0.5196449573654808,26.071741484273076,Transition Laggard
Iran,2008,IRN,75514201.0,1132365762681.0,3.63,96.37,662.36,0.0,0.095,3.535,210.49,0.4289999999999998,0.0363,0.9637000000000001,0.5068874739806538,0.4872954033127512,21.81524420017492,Transition Laggard
Iran,2009,IRN,76457831.0,1208128386676.0,3.133,96.867,666.83,0.0,0.104,3.03,221.81,-0.06800000000000006,0.031330000000000004,0.96867,0.5103082527243786,0.4842509556012937,21.385858015909943,Transition Laggard
Iran,2010,IRN,77420851.0,1310507059384.0,4.425,95.575,661.24,0.0,0.072,4.349,235.68,1.2239999999999998,0.04425,0.9557500000000001,0.5060303661075058,0.49216529452121927,22.386720265130638,Transition Laggard
Iran,2011,IRN,78383602.0,1345049307937.0,4.631,95.322,654.06,0.0,0.089,4.533,235.59,1.4300000000000002,0.046310000000000004,0.9532200000000001,0.5005356924207175,0.49342717828089777,22.67836536369553,Transition Laggard
Iran,2012,IRN,79370583.0,1324570752684.0,5.146,94.271,648.35,0.0,0.113,5.025,248.74,1.9449999999999998,0.05146,0.94271,0.4961659728174361,0.4965818876800941,23.277928994765507,Transition Laggard
Iran,2013,IRN,80414689.0,1287095594893.0,5.741,92.614,633.62,0.0,0.085,5.648,258.86,2.5399999999999996,0.057409999999999996,0.9261400000000001,0.4848934737357659,0.5002266490247966,24.2369128919778,Transition Laggard
Iran,2014,IRN,81502045.0,1352737013920.0,5.351,93.172,644.12,0.0,0.073,5.261,275.63,2.15,0.05351,0.93172,0.49292886004652875,0.4978376457904538,23.72419318569359,Transition Laggard
Iran,2015,IRN,82619365.0,1331012211481.0,4.785,93.966,650.84,0.0,0.05,4.728,280.24,1.584,0.047850000000000004,0.9396599999999999,0.49807150728541694,0.49437052827599726,23.147020242004533,Transition Laggard
Iran,2016,IRN,83812230.0,1413723685657.0,5.452,92.287,642.13,0.0,0.056,5.389,286.14,2.251,0.05452,0.9228700000000001,0.49140596302191747,0.4984563363716554,24.02814597002689,Transition Laggard
Iran,2017,IRN,85026761.0,1486668357750.0,5.787,91.932,641.68,0.029,0.105,5.646,305.17,2.586,0.05787,0.91932,0.49106158932288474,0.5005084288934627,24.27353670032982,Transition Laggard
Iran,2018,IRN,86117999.0,1483607175221.0,3.467,94.327,657.88,0.07,0.24,3.15,312.35,0.266,0.03467,0.94327,0.5034590424880617,0.4862969224737822,22.339677774905187,Transition Laggard
Iran,2019,IRN,87051649.0,1438754460224.0,11.01,86.979,607.82,0.16,0.226,10.622,318.88,7.808999999999999,0.1101,0.8697900000000001,0.46514938165789155,0.5325026952857003,28.467555887838213,Transition Laggard
Iran,2020,IRN,87723448.0,1446203709942.0,7.393,90.73,632.81,0.172,0.335,6.88,337.21,4.192,0.07393,0.9073000000000001,0.484273601077507,0.5103462216995002,25.45340329855482,Transition Laggard
Iran,2021,IRN,88455490.0,1525523070071.0,4.377,94.63,659.83,0.174,0.317,3.88,356.41,1.1759999999999997,0.043769999999999996,0.9462999999999999,0.5049513285172034,0.4918712633539155,22.628735737378648,Transition Laggard
Iran,2022,IRN,89524247.0,1572209055082.0,4.296,93.914,655.37,0.169,0.308,3.814,367.06,1.0950000000000002,0.042960000000000005,0.9391400000000001,0.501538202522346,0.49137508575909045,22.8572712233277,Transition Laggard
Iran,2023,IRN,90608708.0,,6.473,91.788,641.38,0.178,0.317,5.974,382.02,3.272,0.06473,0.91788,0.490832006856863,0.5047106243261785,24.618409193471102,Transition Laggard
Iran,2024,IRN,91567737.0,,5.318,92.824,648.68,0.227,0.316,4.768,395.79,2.1169999999999995,0.05318,0.92824,0.49641851353005995,0.4976354993629325,23.70936965219249,Transition Laggard
Iran,2025,IRN,92417684.0,,3.843,94.3,659.53,0.227,0.316,3.292,395.78,0.6419999999999999,0.03843,0.943,0.5047217460511816,0.4886001666176615,22.481008847985386,Transition Laggard
Iraq,2000,IRQ,24424060.0,83019213791.0,1.912,98.088,658.31,0.0,0.0,1.912,31.9,0.0,0.019119999999999998,0.98088,0.5037881106893596,0.48466749975497403,20.822509729090623,Transition Laggard
Iraq,2001,IRQ,25197842.0,97219510326.0,1.922,98.078,656.43,0.0,0.0,1.922,32.25,0.010000000000000009,0.01922,0.9807800000000001,0.5023493939022897,0.4847287562481623,20.86539649616519,Transition Laggard
Iraq,2002,IRQ,26006558.0,112141846978.0,1.536,98.464,657.12,0.0,0.0,1.536,33.86,-0.3759999999999999,0.01536,0.98464,0.5028774335741398,0.4823642556110948,20.585127994812925,Transition Laggard
Iraq,2003,IRQ,26802660.0,94480598969.0,1.518,98.482,655.49,0.0,0.0,1.518,28.33,-0.3939999999999999,0.01518,0.98482,0.5016300355087547,0.4822539939233559,20.60385902113147,Transition Laggard
Iraq,2004,IRQ,27577876.0,155937247290.0,1.517,98.482,652.21,0.0,0.0,1.517,32.29,-0.395,0.01517,0.98482,0.49911993388024983,0.48224786827403704,20.666169677104307,Transition Laggard
Iraq,2005,IRQ,28407450.0,170895694120.0,19.737,80.263,554.93,0.0,0.0,19.737,30.4,17.825,0.19737,0.8026300000000001,0.42467399289824903,0.5938571988630795,35.133208160489964,Transition Laggard
Iraq,2006,IRQ,28616518.0,190082841273.0,18.031,81.969,571.68,0.0,0.0,18.031,33.83,16.119,0.18031,0.8196899999999999,0.43749234725113256,0.5834068411251593,33.632393935599076,Transition Laggard
Iraq,2007,IRQ,28391606.0,200529416438.0,17.268,82.732,574.61,0.0,0.0,17.268,33.24,15.356000000000002,0.17268,0.82732,0.43973460266927883,0.5787329706948937,33.04842949369144,Transition Laggard
Iraq,2008,IRQ,28971042.0,231588128927.0,9.436,90.564,631.24,0.0,0.0,9.436,36.88,7.524,0.09436,0.90564,0.4830721195053263,0.5307568852298343,26.546150290814357,Transition Laggard
Iraq,2009,IRQ,30058207.0,259745648872.0,8.534,91.466,635.93,0.0,0.0,8.534,37.85,6.622000000000001,0.08534000000000001,0.9146599999999999,0.4866612587241337,0.5252315495442517,25.832341775060435,Transition Laggard
Iraq,2010,IRQ,31045367.0,297507194079.0,9.753,90.247,616.64,0.0,0.0,9.753,48.91,7.841,0.09753,0.90247,0.47189910615893227,0.5326987160639027,27.04480308698523,Transition Laggard
Iraq,2011,IRQ,32161425.0,344220720679.0,6.308,93.692,640.26,0.0,0.0,6.308,53.9,4.396,0.06308,0.93692,0.48997489898371493,0.511595854160541,24.209365337815242,Transition Laggard
Iraq,2012,IRQ,33654843.0,392191319237.0,9.539,90.461,612.34,0.0,0.0,9.539,46.02,7.627,0.09539,0.90461,0.4686084241459533,0.5313878271096736,26.97900680299627,Transition Laggard
Iraq,2013,IRQ,35281987.0,422107689937.0,8.166,91.834,620.2,0.085,0.0,8.081,58.9,6.2540000000000004,0.08166000000000001,0.91834,0.4746234847557243,0.522977310594923,25.87867254003074,Transition Laggard
Iraq,2014,IRQ,36550058.0,425222855485.0,4.331,95.669,645.23,0.087,0.0,4.245,69.03,2.4190000000000005,0.04331000000000001,0.95669,0.4937783151708094,0.49948544545721846,22.74642380258804,Transition Laggard
Iraq,2015,IRQ,37560535.0,436010743372.0,3.695,96.305,654.45,0.085,0.0,3.61,70.64,1.783,0.03695,0.9630500000000001,0.5008341496265459,0.49558953249044396,22.12998924669301,Transition Laggard
Iraq,2016,IRQ,38469628.0,502280002568.0,4.187,95.813,648.48,0.073,0.0,4.113,81.93,2.2750000000000004,0.041870000000000004,0.95813,0.49626545855271215,0.49860335195530725,22.5846138155118,Transition Laggard
Iraq,2017,IRQ,39337358.0,485207548291.0,2.394,97.606,666.81,0.064,0.0,2.33,93.58,0.4820000000000002,0.023940000000000003,0.9760599999999999,0.5102929472266438,0.48762006272664904,20.993377260233643,Transition Laggard
Iraq,2018,IRQ,40265629.0,508026800522.0,1.91,98.09,682.05,0.061,0.0,1.849,98.41,-0.0020000000000000018,0.0191,0.9809000000000001,0.5219557365005509,0.4846552484563364,20.36693531433127,Transition Laggard
Iraq,2019,IRQ,41192172.0,537548265143.0,4.357,95.643,668.87,0.052,0.0,4.305,115.21,2.4450000000000003,0.043570000000000005,0.95643,0.5118694134933268,0.49964471233950797,22.312135347759448,Transition Laggard
Iraq,2020,IRQ,42116602.0,453147782672.0,3.876,96.124,674.18,0.324,0.0,3.552,117.12,1.964,0.03876,0.96124,0.5159330231419126,0.4966982750171518,21.877748546709462,Transition Laggard
Iraq,2021,IRQ,43071208.0,487935979007.0,3.096,96.904,677.74,0.315,0.0,2.781,120.46,1.1840000000000002,0.03096,0.96904,0.5186574017387046,0.49192026854846616,21.26996898475938,Transition Laggard
Iraq,2022,IRQ,44070556.0,527639326800.0,2.264,97.736,688.71,0.284,0.0,1.98,133.86,0.35199999999999987,0.022639999999999997,0.9773600000000001,0.5270524672462349,0.48682372831520143,20.484444243572145,Transition Laggard
Iraq,2023,IRQ,45074055.0,,1.214,98.786,685.13,0.262,0.0,0.952,145.01,-0.698,0.01214,0.9878600000000001,0.5243127831517082,0.48039179653043224,19.826457369163776,Transition Laggard
Iraq,2024,IRQ,46042015.0,,1.623,98.377,683.1,0.287,0.0,1.336,149.73,-0.2889999999999999,0.01623,0.9837699999999999,0.5227592751316273,0.48289718710183277,20.14827592823681,Transition Laggard
Ireland,2000,IRL,3802589.0,147722370991.0,5.036,94.964,632.67,0.0,1.058,3.597,23.63,0.0,0.050359999999999995,0.94964,0.4841664625933635,0.48466749975497403,23.18745093149052,Transition Laggard
Ireland,2001,IRL,3862981.0,158384851025.0,4.229,95.771,641.32,0.0,1.383,2.44,24.59,-0.8069999999999995,0.04229,0.9577100000000001,0.49078609036365867,0.47972410075468,22.463609252228732,Transition Laggard
Ireland,2002,IRL,3928441.0,169226186783.0,5.565,94.435,615.73,0.0,1.573,3.669,24.8,0.5290000000000008,0.055650000000000005,0.94435,0.47120270601199954,0.48790796824463395,23.87755187336952,Transition Laggard
Ireland,2003,IRL,3992935.0,177468844871.0,4.631,95.369,595.65,0.0,1.853,2.416,24.83,-0.40499999999999936,0.046310000000000004,0.95369,0.45583598628627403,0.48218661178084876,23.61549951955588,Transition Laggard
Ireland,2004,IRL,4066066.0,191402766075.0,5.595,94.405,591.27,0.0,2.659,2.5,25.2,0.5590000000000002,0.05595,0.9440500000000001,0.4524840822823558,0.4880917377241988,24.366274008804083,Transition Laggard
Ireland,2005,IRL,4155283.0,204898243531.0,7.383,92.617,592.97,0.0,4.414,2.461,25.6,2.3470000000000004,0.07383,0.92617,0.4537850495898127,0.4990443987062629,25.570839740848623,Transition Laggard
Ireland,2006,IRL,4268775.0,219162994472.0,9.225,90.775,559.41,0.0,6.089,2.657,27.1,4.189,0.09225,0.9077500000000001,0.4281024243908412,0.5103278447515437,27.487357061502127,Transition Laggard
Ireland,2007,IRL,4393518.0,230371638354.0,10.014,89.986,535.61,0.0,7.017,2.362,28.36,4.978,0.10013999999999999,0.8998600000000001,0.40988888208644547,0.5151609820640988,28.48859267880034,Transition Laggard
Ireland,2008,IRL,4485992.0,223067117042.0,12.162,87.838,516.87,0.0,8.186,3.241,29.93,7.126000000000001,0.12162,0.8783799999999999,0.39554763070895066,0.5283188768009409,30.333292384290345,Transition Laggard
Ireland,2009,IRL,4533750.0,215181048184.0,14.868,85.132,486.78,0.0,10.722,3.217,27.98,9.832,0.14868,0.8513200000000001,0.3725205093669646,0.5448948838576889,32.781210523691215,Transition Laggard
Ireland,2010,IRL,4559084.0,221852442105.0,13.388,86.612,478.69,0.0,10.156,2.131,28.16,8.352,0.13388,0.86612,0.36632943553324354,0.5358289228658237,31.911997954656268,Transition Laggard
Ireland,2011,IRL,4579603.0,224397469453.0,20.221,79.779,455.88,0.0,16.36,2.61,27.2,15.185,0.20221,0.79779,0.34887351536671973,0.5776854846613741,37.07604438575262,Transition Laggard
Ireland,2012,IRL,4600135.0,217871560184.0,19.588,80.412,483.06,0.0,15.022,2.946,27.16,14.552000000000001,0.19588000000000003,0.8041200000000001,0.3696736867882944,0.5738079486425561,36.11807705993098,Transition Laggard
Ireland,2013,IRL,4624686.0,222738952818.0,22.287,77.713,462.92,0.0,18.033,2.342,25.62,17.250999999999998,0.22286999999999998,0.77713,0.3542610505693645,0.5903410761540724,38.37078987807698,Transition Laggard
Ireland,2014,IRL,4658236.0,236178350686.0,25.019,74.981,446.25,0.0,20.186,2.746,25.86,19.982999999999997,0.25018999999999997,0.74981,0.3415039182074201,0.6070763500931099,40.57994729621114,Mixed Performer
Ireland,2015,IRL,4702497.0,249955928768.0,28.303,71.697,439.28,0.0,23.722,2.876,28.16,23.267000000000003,0.28303,0.71697,0.33616995224684704,0.6271929824561404,42.98544593067093,Mixed Performer
Ireland,2016,IRL,4753506.0,255118282428.0,25.116,74.884,442.57,0.0,20.627,2.244,30.3,20.08,0.25116,0.7488400000000001,0.33868770662421943,0.6076705380770362,40.71746540555005,Mixed Performer
Ireland,2017,IRL,4810258.0,266528546717.0,29.263,70.737,404.03,0.032,24.586,2.241,30.79,24.227000000000004,0.29263,0.7073699999999999,0.30919401248928613,0.6330736058022151,44.32405377480107,Mixed Performer
Ireland,2018,IRL,4872559.0,282500483309.0,33.312,66.688,362.44,0.064,28.286,2.223,31.04,28.275999999999996,0.33311999999999997,0.66688,0.277366229949798,0.6578763598941488,47.921189649667284,Mixed Performer
Ireland,2019,IRL,4933493.0,294503693886.0,38.711,61.289,311.95,0.097,32.977,2.883,30.87,33.675,0.38711,0.61289,0.23872750091832987,0.6909487405665,52.62264358553925,Mixed Performer
Ireland,2020,IRL,4982602.0,274762344680.0,42.444,57.556,291.05,0.187,36.505,2.892,32.16,37.408,0.42444000000000004,0.57556,0.22273325578547815,0.7138157894736843,55.60530544746831,Mixed Performer
Ireland,2021,IRL,5028428.0,287639621097.0,37.051,62.949,351.92,0.252,31.317,2.363,31.74,32.015,0.37051,0.62949,0.2693155381413004,0.680780162697246,50.70941398692618,Mixed Performer
Ireland,2022,IRL,5110015.0,308390920561.0,39.213,60.787,330.87,0.444,33.708,2.072,33.79,34.177,0.39213000000000003,0.60787,0.25320650177543774,0.6940238165245516,52.60799470348233,Mixed Performer
Ireland,2023,IRL,5196629.0,,45.261,54.739,282.41,2.06,37.591,2.979,31.55,40.225,0.45261,0.5473899999999999,0.21612128076405046,0.7310717436048222,57.71964413497107,Mixed Performer
Ireland,2024,IRL,5255016.0,,46.525,53.475,270.91,3.507,37.323,2.477,31.08,41.489,0.46525,0.5347500000000001,0.20732061956654832,0.7388145643438204,58.8142029759936,Mixed Performer
Ireland,2025,IRL,5308035.0,,48.142,51.858,256.54,4.75,37.997,2.1,30.95,43.106,0.48142,0.5185799999999999,0.19632361944410434,0.748719739292365,60.20790560328286,Emerging Improver
Israel,2000,ISR,6111194.0,158656383479.0,0.07,99.93,794.42,0.0,0.0,0.07,42.66,0.0,0.0007000000000000001,0.9993000000000001,0.607949675523448,0.48466749975497403,17.113270608238405,Transition Laggard
Israel,2001,ISR,6259977.0,158567053954.0,0.046,99.954,807.51,0.0,0.023,0.023,43.95,-0.024000000000000007,0.00046,0.99954,0.6179671237908657,0.48452048417132215,16.84622916779819,Transition Laggard
Israel,2002,ISR,6387714.0,158018046039.0,0.066,99.934,811.65,0.0,0.022,0.044,45.5,-0.0040000000000000036,0.00066,0.99934,0.6211353618219665,0.4846429971576987,16.780860911816315,Transition Laggard
Israel,2003,ISR,6502821.0,159162904545.0,0.085,99.915,810.8,0.0,0.021,0.064,47.04,0.015,0.0008500000000000001,0.9991500000000001,0.620484878168238,0.4847593844947565,16.810268813215394,Transition Laggard
Israel,2004,ISR,6615084.0,166466423998.0,0.085,99.915,803.72,0.0,0.021,0.063,47.28,0.015,0.0008500000000000001,0.9991500000000001,0.6150667319701237,0.4847593844947565,16.94572246816825,Transition Laggard
Israel,2005,ISR,6728212.0,172697410123.0,0.082,99.918,796.13,0.0,0.021,0.062,48.61,0.011999999999999997,0.0008200000000000001,0.9991800000000001,0.6092582955797723,0.48474100754679994,17.08885772370769,Transition Laggard
Israel,2006,ISR,6844029.0,181910800706.0,0.04,99.96,783.43,0.0,0.02,0.02,50.56,-0.030000000000000006,0.0004,0.9995999999999999,0.5995393045181829,0.4844837302754092,17.302773341176568,Transition Laggard
Israel,2007,ISR,6962456.0,192596811708.0,0.037,99.963,779.33,0.0,0.019,0.019,53.79,-0.03300000000000001,0.00037,0.9996299999999999,0.5964016774825518,0.4844653533274527,17.379138362848,Transition Laggard
Israel,2008,ISR,7082621.0,197785749719.0,0.07,99.93,758.41,0.0,0.018,0.035,56.79,0.0,0.0007000000000000001,0.9993000000000001,0.5803921268519652,0.48466749975497403,17.80220932502548,Transition Laggard
Israel,2009,ISR,7206096.0,199771084186.0,0.164,99.836,753.88,0.037,0.018,0.037,54.73,0.094,0.0016400000000000002,0.99836,0.5769254316150362,0.48524331079094385,17.953913871488254,Transition Laggard
Israel,2010,ISR,7336735.0,210327630432.0,0.29,99.71,740.73,0.12,0.017,0.051,58.55,0.21999999999999997,0.0029,0.9971,0.5668620668544141,0.48601514260511613,18.29267546771639,Transition Laggard
Israel,2011,ISR,7471023.0,220210380263.0,0.503,99.497,744.46,0.319,0.017,0.05,59.6,0.433,0.00503,0.99497,0.5697165421819518,0.48731990591002644,18.3686850341016,Transition Laggard
Israel,2012,ISR,7607781.0,225909436249.0,0.778,99.222,761.78,0.587,0.016,0.048,63.01,0.708,0.0077800000000000005,0.99222,0.5829711032202767,0.4890044594727041,18.227589311583646,Transition Laggard
Israel,2013,ISR,7749369.0,235885601546.0,0.93,99.07,719.83,0.799,0.016,0.049,61.32,0.8600000000000001,0.009300000000000001,0.9906999999999999,0.5508678217215625,0.48993555816916595,19.13533782949843,Transition Laggard
Israel,2014,ISR,7897173.0,245129958334.0,1.577,98.423,705.39,1.446,0.016,0.016,60.86,1.507,0.01577,0.98423,0.5398172523570467,0.4938988532784475,19.859251490250543,Transition Laggard
Israel,2015,ISR,8052916.0,251223879854.0,1.899,98.101,692.67,1.744,0.016,0.031,64.23,1.829,0.01899,0.98101,0.5300829557977225,0.4958713123591101,20.32539579044359,Transition Laggard
Israel,2016,ISR,8210006.0,262584215516.0,2.537,97.463,662.14,2.298,0.075,0.0,67.01,2.467,0.02537,0.97463,0.5067191135055712,0.4997794766245222,21.350914311728552,Transition Laggard
Israel,2017,ISR,8361796.0,273812314306.0,2.506,97.494,653.17,2.239,0.267,0.0,67.44,2.436,0.02506,0.97494,0.4998545977715195,0.49958958149563854,21.50107877814659,Transition Laggard
Israel,2018,ISR,8510067.0,284956472967.0,2.724,97.276,643.58,2.275,0.261,0.0,69.02,2.6540000000000004,0.027240000000000004,0.97276,0.49251561160768953,0.500924973047143,21.835384305514904,Transition Laggard
Israel,2019,ISR,8657466.0,296799271432.0,4.827,95.173,634.03,4.415,0.261,0.0,72.71,4.757,0.04827,0.9517300000000001,0.485207236439329,0.5138072135646379,23.473127292486343,Transition Laggard
Israel,2020,ISR,8800380.0,291287719910.0,6.104,93.896,615.21,5.637,0.275,0.027,72.74,6.034,0.061040000000000004,0.93896,0.4708047630708951,0.5216296677447809,24.716725939399335,Transition Laggard
Israel,2021,ISR,8942925.0,316373426613.0,7.852,92.148,596.33,7.447,0.243,0.027,74.12,7.782,0.07852,0.92148,0.4563563732092568,0.532337302754092,26.287350211079964,Transition Laggard
Israel,2022,ISR,9103143.0,336722563455.0,9.718,90.282,583.32,9.171,0.377,0.026,76.87,9.648,0.09718,0.90282,0.4464001469327783,0.5437677643830247,27.827312792425918,Transition Laggard
Israel,2023,ISR,9256311.0,,11.791,88.209,558.83,11.055,0.594,0.0,77.43,11.721,0.11791,0.88209,0.4276585649565324,0.5564662354209546,29.73012940740101,Transition Laggard
Israel,2024,ISR,9387015.0,,13.806,86.194,540.55,13.085,0.572,0.012,80.4,13.735999999999999,0.13806,0.86194,0.41366934002693767,0.5688094187983926,31.474007781302447,Transition Laggard
Israel,2025,ISR,9517182.0,,16.931,83.069,492.69,16.175,0.56,0.0,82.1,16.861,0.16931000000000002,0.83069,0.37704328394759395,0.5879520729197295,34.55179899510609,Transition Laggard
Italy,2000,ITA,57272200.0,1863751547560.0,18.845,81.155,501.67,0.007,0.207,16.374,269.94,0.0,0.18845,0.81155,0.38391545243051306,0.48466749975497403,33.97912618556178,Transition Laggard
Italy,2001,ITA,57305760.0,1910272015654.0,19.989,80.011,498.68,0.007,0.434,17.216,271.9,1.144000000000002,0.19989,0.80011,0.3816272805191625,0.49167524257571305,34.82784662565663,Transition Laggard
Italy,2002,ITA,57420636.0,1929301903714.0,17.407,82.593,523.08,0.007,0.504,14.24,277.53,-1.4379999999999988,0.17407,0.82593,0.4002999877556018,0.47585881603449964,32.57458254662745,Transition Laggard
Italy,2003,ITA,57739697.0,1947667703883.0,16.369,83.631,523.25,0.007,0.51,12.81,286.27,-2.475999999999999,0.16369,0.83631,0.4004300844863475,0.4695003920415564,31.853153768464658,Transition Laggard
Italy,2004,ITA,58176736.0,1994293720592.0,18.341,81.659,510.98,0.01,0.626,14.416,293.71,-0.5039999999999978,0.18341000000000002,0.81659,0.3910401616260561,0.48158017249828483,33.45229854682287,Transition Laggard
Italy,2005,ITA,58519696.0,2029243417217.0,16.438,83.562,510.17,0.01,0.794,12.242,294.63,-2.407,0.16438,0.83562,0.39042028896779724,0.4699230618445555,32.1511387034734,Transition Laggard
Italy,2006,ITA,58754434.0,2086553648584.0,16.57,83.43,506.76,0.013,0.972,12.104,305.61,-2.2749999999999986,0.16570000000000001,0.8343,0.38781070160401615,0.4707316475546408,32.3077071732192,Transition Laggard
Italy,2007,ITA,59108723.0,2134371774096.0,15.586,84.414,504.75,0.013,1.316,10.72,306.17,-3.2589999999999986,0.15586,0.84414,0.38627249908167016,0.46470400862491423,31.66534765233196,Transition Laggard
Italy,2008,ITA,59561687.0,2129113318512.0,18.667,81.333,485.51,0.061,1.56,13.358,311.57,-0.17799999999999727,0.18667000000000003,0.81333,0.37154861026080566,0.4835771341762227,34.1651417561232,Transition Laggard
Italy,2009,ITA,59904016.0,2029023036275.0,24.186,75.814,458.58,0.237,2.284,17.16,286.36,5.341000000000001,0.24186,0.7581399999999999,0.3509397575609159,0.5173845927668332,38.4988749524796,Transition Laggard
Italy,2010,ITA,60164212.0,2080545936781.0,25.948,74.052,446.45,0.644,3.075,17.234,296.63,7.1030000000000015,0.25948,0.7405200000000001,0.34165697318476795,0.5281779868666079,39.950045473379916,Transition Laggard
Italy,2011,ITA,60367882.0,2110883320816.0,27.801,72.199,445.59,3.62,3.301,15.357,298.37,8.956,0.27801,0.72199,0.34099883678217213,0.5395288150543958,41.24856130626163,Mixed Performer
Italy,2012,ITA,60531522.0,2047959835066.0,31.235,68.765,438.17,6.388,4.542,14.181,295.25,12.39,0.31235,0.68765,0.33532049712256645,0.5605642948152504,43.7664519941646,Mixed Performer
Italy,2013,ITA,60653864.0,2010255414011.0,39.158,60.842,398.96,7.548,5.209,18.45,286.02,20.313000000000002,0.39158000000000004,0.60842,0.3053140688135178,0.6090978143683231,49.9984154951869,Mixed Performer
Italy,2014,ITA,60664169.0,2010164047423.0,43.641,56.359,379.31,8.068,5.489,21.173,276.53,24.796,0.43640999999999996,0.56359,0.29027641728909026,0.636559100264628,53.47607607174216,Mixed Performer
Italy,2015,ITA,60575314.0,2025809415322.0,38.931,61.069,398.68,8.202,5.306,16.282,279.7,20.086,0.38931,0.6106900000000001,0.30509979184523084,0.6077072919729491,49.84671458346346,Mixed Performer
Italy,2016,ITA,60478103.0,2052012434345.0,37.772,62.228,389.58,7.729,6.186,14.838,285.95,18.927,0.37772,0.62228,0.29813579037590304,0.6006076644124277,49.21892020678884,Mixed Performer
Italy,2017,ITA,60390317.0,2086237040647.0,35.568,64.432,392.82,8.347,6.073,12.393,292.09,16.723,0.35568,0.64432,0.3006152810089384,0.5871067333137312,47.632018974482506,Mixed Performer
Italy,2018,ITA,60277496.0,2105551772855.0,39.995,60.005,366.88,7.918,6.195,17.056,286.06,21.15,0.39994999999999997,0.6000500000000001,0.28076405044692054,0.6142249828481819,51.1912734815497,Mixed Performer
Italy,2019,ITA,60130136.0,2115725732767.0,39.943,60.057,351.32,8.169,6.966,15.973,289.99,21.098,0.39943,0.60057,0.26885637320925676,0.6139064490836028,51.45298740602262,Mixed Performer
Italy,2020,ITA,59912763.0,1925751927111.0,42.231,57.769,334.2,9.01,6.777,17.178,276.81,23.386000000000003,0.42231,0.57769,0.25575486714827966,0.6279219347250808,53.36355734216922,Mixed Performer
Italy,2021,ITA,59729353.0,2060299944789.0,40.747,59.253,339.1,8.771,7.331,15.899,285.49,21.902,0.40747,0.59253,0.25950471409330234,0.6188314711359404,52.24305421470654,Mixed Performer
Italy,2022,ITA,59619106.0,2136009300257.0,35.857,64.143,377.84,10.037,7.313,10.137,280.17,17.012,0.35857,0.6414300000000001,0.28915146320558344,0.5888770459668725,48.1185691093635,Mixed Performer
Italy,2023,ITA,59499452.0,,44.55,55.45,323.23,11.742,9.019,15.492,261.55,25.705,0.4455,0.5545,0.24735980164074936,0.6421273154954426,55.17791469141291,Mixed Performer
Italy,2024,ITA,59342870.0,,50.172,49.828,281.4,13.451,8.305,19.857,267.56,31.326999999999998,0.5017199999999999,0.49828000000000006,0.21534835312844372,0.6765657159658924,59.86797691127729,Mixed Performer
Italy,2025,ITA,59146263.0,,48.776,51.224,284.78,16.861,8.115,15.754,264.7,29.931000000000004,0.48776,0.51224,0.2179349822456226,0.6680143095168088,58.83744008661157,Mixed Performer
Jamaica,2000,JAM,2607827.0,17441468822.0,4.579,95.421,633.68,0.0,0.0,1.625,6.77,0.0,0.04579,0.9542100000000001,0.4849393902289702,0.48466749975497403,22.89392774060035,Transition Laggard
Jamaica,2001,JAM,2624410.0,17823908809.0,3.387,96.613,642.12,0.0,0.0,0.884,6.79,-1.1919999999999997,0.033870000000000004,0.96613,0.4913983102730501,0.4773657257669313,21.907728129677714,Transition Laggard
Jamaica,2002,JAM,2640582.0,18032751164.0,2.155,97.845,645.12,0.0,0.0,1.293,6.96,-2.424,0.02155,0.97845,0.493694134933268,0.46981892580613543,20.99793051376033,Transition Laggard
Jamaica,2003,JAM,2656629.0,18718066744.0,2.507,97.493,643.45,0.0,0.0,1.671,7.18,-2.0719999999999996,0.025070000000000002,0.97493,0.4924161258724134,0.47197515436636284,21.273424168685107,Transition Laggard
Jamaica,2004,JAM,2672227.0,18987080266.0,3.172,96.828,640.0,0.0,0.414,1.793,7.25,-1.4069999999999996,0.031720000000000005,0.96828,0.48977592751316273,0.4760487111633833,21.799532479621682,Transition Laggard
Jamaica,2005,JAM,2687070.0,19174940176.0,3.614,96.386,637.22,0.0,0.669,2.008,7.47,-0.9649999999999999,0.03614,0.9638599999999999,0.48764846332802747,0.4787562481623052,22.158532139233895,Transition Laggard
Jamaica,2006,JAM,2700973.0,19747242374.0,3.733,96.267,636.0,0.0,0.667,2.133,7.5,-0.8459999999999996,0.03733,0.96267,0.48671482796620547,0.4794852004312457,22.264207307313548,Transition Laggard
Jamaica,2007,JAM,2713808.0,20046356418.0,4.95,95.05,628.71,0.0,0.825,2.64,6.06,0.37100000000000044,0.0495,0.9505,0.48113597404187586,0.48694011565225914,23.245702383736987,Transition Laggard
Jamaica,2008,JAM,2725633.0,19893168382.0,6.147,93.853,619.39,0.0,1.182,3.783,4.23,1.5680000000000005,0.061470000000000004,0.93853,0.4740036120974654,0.494272517886896,24.252197465866807,Transition Laggard
Jamaica,2009,JAM,2737001.0,19223460566.0,7.5,92.5,615.91,0.0,1.364,3.182,4.4,2.9210000000000003,0.075,0.925,0.4713404554916126,0.50256052141527,25.254896433938733,Transition Laggard
Jamaica,2010,JAM,2748573.0,18949004011.0,7.639,92.361,615.74,0.0,1.157,3.472,4.32,3.0600000000000005,0.07639,0.92361,0.4712103587608669,0.5034119866705871,25.354320831037132,Transition Laggard
Jamaica,2011,JAM,2760493.0,19220287418.0,8.716,91.284,607.8,0.0,2.064,3.44,4.36,4.137,0.08716,0.9128400000000001,0.4651340761601567,0.5100093109869647,26.251387760800547,Transition Laggard
Jamaica,2012,JAM,2772432.0,19123987392.0,10.209,89.791,600.93,0.0,2.552,3.48,4.31,5.63,0.10209,0.89791,0.4598766376882576,0.5191549054199746,27.41580763909318,Transition Laggard
Jamaica,2013,JAM,2783689.0,19166827044.0,9.324,90.676,603.73,0.0,2.797,2.797,4.29,4.745,0.09324,0.90676,0.46201940737112773,0.513733705772812,26.749920402313986,Transition Laggard
Jamaica,2014,JAM,2793756.0,19277035737.0,9.859,90.141,600.94,0.235,2.817,3.286,4.26,5.28,0.09859,0.90141,0.4598842904371251,0.5170109281583848,27.17345666144764,Transition Laggard
Jamaica,2015,JAM,2802536.0,19444553127.0,10.28,89.72,600.47,0.234,3.037,3.037,4.28,5.701,0.1028,0.8972,0.45952461124035754,0.5195898265216113,27.473732116815235,Transition Laggard
Jamaica,2016,JAM,2809919.0,19735837824.0,12.249,87.751,587.97,0.223,4.677,2.673,4.49,7.670000000000001,0.12249,0.87751,0.4499586751561161,0.5316512300303833,29.075201571552846,Transition Laggard
Jamaica,2017,JAM,2815765.0,19869841700.0,11.644,88.356,579.91,0.913,5.708,3.425,4.38,7.065,0.11644,0.88356,0.44379055956899716,0.5279452121924925,28.81081419366246,Transition Laggard
Jamaica,2018,JAM,2820103.0,20232863013.0,14.646,85.354,558.08,1.263,7.576,4.545,3.96,10.067,0.14646,0.85354,0.4270846087914779,0.5463344114476134,31.305500951927257,Transition Laggard
Jamaica,2019,JAM,2823275.0,20429119874.0,12.716,87.284,571.12,1.94,5.819,3.448,4.64,8.137,0.12716,0.8728400000000001,0.4370637933145586,0.5345119082622758,29.72068379107017,Transition Laggard
Jamaica,2020,JAM,2830745.0,18402554628.0,13.785,86.215,553.74,2.804,6.542,3.271,4.28,9.206,0.13785,0.8621500000000001,0.4237633157830293,0.5410602273841028,30.792820516185802,Transition Laggard
Jamaica,2021,JAM,2837680.0,19249256856.0,13.333,86.667,556.32,2.989,5.977,3.218,4.35,8.754000000000001,0.13333,0.86667,0.42573772499081675,0.5382914338919925,30.430728383609466,Transition Laggard
Jamaica,2022,JAM,2839150.0,20019224153.0,12.918,87.082,561.25,2.895,6.013,2.673,4.49,8.338999999999999,0.12918,0.8708199999999999,0.42951053018244156,0.535749289424679,30.04927608680915,Transition Laggard
Jamaica,2023,JAM,2839785.0,,12.159,87.841,563.94,2.725,5.66,2.516,4.77,7.580000000000001,0.12159,0.8784099999999999,0.43156911962777034,0.5310999215916887,29.472670833181073,Transition Laggard
Jamaica,2024,JAM,2839182.0,,12.602,87.398,563.01,3.049,5.894,2.439,4.92,8.023,0.12602,0.87398,0.43085741398310273,0.5338135842399294,29.796968414021375,Transition Laggard
Japan,2000,JPN,127027794.0,4209651870326.0,9.187,61.793,424.43,0.031,0.01,7.681,1099.67,0.0,0.09187,0.61793,0.32480562017876824,0.48466749975497403,36.9170719918554,Transition Laggard
Japan,2001,JPN,127260144.0,4224163277272.0,9.077,61.329,424.02,0.046,0.023,7.528,1083.14,-0.10999999999999943,0.09077,0.61329,0.3244918574752051,0.483993678329903,36.99230873806842,Transition Laggard
Japan,2002,JPN,127484599.0,4226576076119.0,8.942,62.568,433.73,0.063,0.037,7.307,1103.07,-0.24499999999999922,0.08942,0.62568,0.3319226766254439,0.4831667156718612,36.43713381944181,Transition Laggard
Japan,2003,JPN,127671254.0,4288493482445.0,10.263,68.679,476.32,0.087,0.076,8.463,1092.59,1.0760000000000005,0.10263,0.68679,0.36451573405167137,0.49125869842203274,34.6782871250387,Transition Laggard
Japan,2004,JPN,127815769.0,4380398118363.0,10.028,64.475,450.26,0.113,0.128,8.176,1121.19,0.8410000000000011,0.10028000000000001,0.6447499999999999,0.34457267050324475,0.4898191708321082,36.1240207999005,Transition Laggard
Japan,2005,JPN,127913331.0,4450600710060.0,8.914,65.672,461.8,0.141,0.166,6.726,1153.07,-0.2729999999999997,0.08914,0.65672,0.3534039426962165,0.48299519749093406,35.1117293949586,Transition Laggard
Japan,2006,JPN,127997247.0,4514225078439.0,9.831,64.035,447.25,0.172,0.183,7.627,1164.35,0.6440000000000001,0.09831,0.64035,0.34226919309415943,0.4886124179162991,36.2045564413905,Transition Laggard
Japan,2007,JPN,128087683.0,4590814009043.0,8.623,67.734,470.19,0.196,0.232,6.314,1180.11,-0.5640000000000001,0.08623,0.6773399999999999,0.35982459899595937,0.48121263353915517,34.30712452818834,Transition Laggard
Japan,2008,JPN,128155992.0,4542408020234.0,8.615,70.117,485.22,0.219,0.248,6.35,1183.7,-0.5719999999999992,0.08615,0.7011700000000001,0.3713266805436513,0.4811636283446045,33.42028741157779,Transition Laggard
Japan,2009,JPN,128192471.0,4298103109270.0,8.732,66.614,460.21,0.274,0.308,6.326,1114.02,-0.45500000000000007,0.08732,0.6661400000000001,0.35218715562630093,0.4818803293149074,34.826226049066086,Transition Laggard
Japan,2010,JPN,128185273.0,4480295644398.0,10.228,64.482,446.66,0.344,0.34,7.655,1156.04,1.0410000000000004,0.10228,0.6448200000000001,0.34181768091098325,0.4910443006958738,36.27952248766353,Transition Laggard
Japan,2011,JPN,128096430.0,4468738319171.0,10.279,74.966,505.34,0.493,0.404,7.471,1104.2,1.0920000000000005,0.10279,0.74966,0.38672401126484635,0.49135670881113397,32.55840035054585,Transition Laggard
Japan,2012,JPN,127928283.0,4530172048567.0,10.058,88.317,594.53,0.666,0.427,6.966,1106.88,0.8710000000000004,0.10058,0.8831699999999999,0.45497887841312595,0.490002940311673,27.416622144346952,Transition Laggard
Japan,2013,JPN,127723642.0,4621006950566.0,11.082,87.575,595.9,1.187,0.472,7.293,1087.76,1.8950000000000014,0.11082000000000002,0.87575,0.45602730500795885,0.4962756052141527,28.02840145301332,Transition Laggard
Japan,2014,JPN,127486601.0,4634693421103.0,12.6,87.4,591.53,2.216,0.471,7.689,1062.72,3.4130000000000003,0.126,0.8740000000000001,0.452683053752908,0.5055743408801333,28.826538769379294,Transition Laggard
Japan,2015,JPN,127275868.0,4707025000790.0,14.952,84.61,578.05,3.353,0.507,8.326,1030.12,5.765000000000001,0.14952000000000001,0.8461,0.442367148279662,0.5199818680780163,30.821249314178694,Transition Laggard
Japan,2016,JPN,127159950.0,4742508721138.0,14.268,84.07,567.04,4.074,0.502,7.467,1063.7,5.081000000000001,0.14268,0.8407,0.43394147177666215,0.515791923943938,30.864642064742515,Transition Laggard
Japan,2017,JPN,127064686.0,4821960242931.0,15.164,82.136,558.03,5.018,0.578,7.358,1076.86,5.977,0.15164,0.82136,0.4270463450471409,0.5212805057336077,31.916448959825594,Transition Laggard
Japan,2018,JPN,126913432.0,4852985093686.0,16.191,79.274,541.47,5.653,0.681,7.48,1082.93,7.004,0.16191,0.79274,0.4143733929227379,0.5275715475840439,33.40258839069221,Transition Laggard
Japan,2019,JPN,126699421.0,4833467877373.0,16.843,76.89,528.49,6.438,0.712,7.057,1047.4,7.656000000000001,0.16843,0.7689,0.4044401248928615,0.5315654709399197,34.535028941777256,Transition Laggard
Japan,2020,JPN,126304533.0,4626661481209.0,19.092,76.654,527.75,7.509,0.832,7.748,1011.03,9.905,0.19091999999999998,0.76654,0.40387382147667444,0.5453420562579634,35.601985306952585,Transition Laggard
Japan,2021,JPN,125679342.0,4725883595048.0,20.117,73.967,514.49,8.136,0.922,7.696,1034.67,10.930000000000001,0.20117000000000002,0.73967,0.3937262764785111,0.5516208468097619,36.98035579018365,Transition Laggard
Japan,2022,JPN,124997585.0,4774494846664.0,20.488,74.537,519.6,8.752,0.905,7.195,1040.57,11.301,0.20488,0.7453700000000001,0.397636831149749,0.553893462707047,36.90403116186197,Transition Laggard
Japan,2023,JPN,124370947.0,,22.137,70.169,492.45,9.572,0.989,7.403,1006.73,12.950000000000001,0.22137,0.70169,0.3768596179747765,0.563994658433794,39.244129427137494,Transition Laggard
Japan,2024,JPN,123753041.0,,22.935,68.711,483.43,9.514,1.135,7.817,1016.39,13.748,0.22935,0.68711,0.3699568384963879,0.5688829265902186,40.13382293644358,Mixed Performer
Japan,2025,JPN,123103480.0,,23.569,67.295,477.26,9.813,1.248,7.176,1029.86,14.382,0.23568999999999998,0.67295,0.3652350924452063,0.5727665882583554,40.886021512745174,Mixed Performer
Jordan,2000,JOR,5386945.0,35825242090.0,0.543,99.457,658.07,0.0,0.0,0.543,7.37,0.0,0.005430000000000001,0.99457,0.5036044447165422,0.48466749975497403,20.005701378411057,Transition Laggard
Jordan,2001,JOR,5498900.0,38405924481.0,0.531,99.469,657.83,0.0,0.0,0.531,7.54,-0.01200000000000001,0.0053100000000000005,0.99469,0.5034207787437248,0.4845939919631481,20.001990410854102,Transition Laggard
Jordan,2002,JOR,5616077.0,41327374100.0,0.616,99.384,656.4,0.0,0.0,0.616,8.12,0.07299999999999995,0.00616,0.9938400000000001,0.5023264356556875,0.48511467215524845,20.088159190936537,Transition Laggard
Jordan,2003,JOR,5741837.0,43669159351.0,0.623,99.377,657.53,0.0,0.0,0.498,8.03,0.07999999999999996,0.00623,0.9937699999999999,0.5031911962777029,0.48515755170048025,20.071383368564632,Transition Laggard
Jordan,2004,JOR,5882066.0,47936969925.0,0.67,99.33,670.76,0.0,0.0,0.558,8.96,0.127,0.0067,0.9933,0.5133157830292641,0.48544545721846516,19.85078728254538,Transition Laggard
Jordan,2005,JOR,6029597.0,52217618202.0,0.622,99.378,672.54,0.0,0.0,0.622,9.65,0.07899999999999996,0.00622,0.99378,0.5146779723276601,0.4851514260511614,19.783522082575917,Transition Laggard
Jordan,2006,JOR,6427377.0,59977821392.0,0.54,99.46,678.96,0.0,0.0,0.45,11.12,-0.0030000000000000027,0.0054,0.9945999999999999,0.5195910371005266,0.48464912280701755,19.6039609145921,Transition Laggard
Jordan,2007,JOR,6827235.0,68285595085.0,0.546,99.454,682.78,0.0,0.0,0.468,12.83,0.0030000000000000027,0.0054600000000000004,0.99454,0.5225143871678707,0.4846858767029305,19.53502847134719,Transition Laggard
Jordan,2008,JOR,6989874.0,72788636146.0,0.495,99.505,684.1,0.0,0.0,0.424,14.15,-0.04800000000000004,0.00495,0.99505,0.5235245500183666,0.4843734685876703,19.47448827835589,Transition Laggard
Jordan,2009,JOR,7141763.0,76172493182.0,0.49,99.51,686.28,0.0,0.0,0.42,14.28,-0.05300000000000005,0.0049,0.9951000000000001,0.5251928492714583,0.48434284034107616,19.42932137332968,Transition Laggard
Jordan,2010,JOR,7297046.0,77493873619.0,0.474,99.526,679.97,0.0,0.0,0.406,14.78,-0.06900000000000006,0.00474,0.99526,0.5203639647361332,0.48424482995197493,19.538973330876292,Transition Laggard
Jordan,2011,JOR,7480431.0,79441955134.0,0.41,99.59,664.62,0.0,0.0,0.342,14.64,-0.13300000000000006,0.0040999999999999995,0.9959,0.5086169952246847,0.48385278839556994,19.78836694531643,Transition Laggard
Jordan,2012,JOR,7587133.0,81371594307.0,0.422,99.578,661.24,0.0,0.0,0.362,16.59,-0.12100000000000005,0.00422,0.99578,0.5060303661075058,0.48392629618739585,19.861335290123293,Transition Laggard
Jordan,2013,JOR,7991812.0,83495396478.0,0.348,99.652,664.54,0.0,0.0,0.29,17.26,-0.19500000000000006,0.00348,0.9965200000000001,0.5085557732337456,0.4834729981378026,19.747000641223398,Transition Laggard
Jordan,2014,JOR,8791715.0,86320876820.0,0.383,99.617,657.91,0.0,0.0,0.328,18.27,-0.16000000000000003,0.00383,0.9961700000000001,0.5034820007346639,0.4836873958639616,19.898060919592826,Transition Laggard
Jordan,2015,JOR,9544730.0,88475445240.0,1.207,98.793,666.84,0.262,0.63,0.262,19.06,0.664,0.01207,0.9879300000000001,0.510315905473246,0.48873493090267567,20.29732632670898,Transition Laggard
Jordan,2016,JOR,10006369.0,90239641982.0,4.372,95.628,659.89,2.186,1.983,0.203,19.67,3.8289999999999997,0.04372,0.95628,0.5049972450104078,0.5081226109967657,22.620108039691292,Transition Laggard
Jordan,2017,JOR,10234227.0,92472176531.0,6.737,93.263,643.41,4.379,2.166,0.192,20.78,6.194,0.06737,0.9326300000000001,0.49238551487694376,0.5226097716357934,24.571708702613304,Transition Laggard
Jordan,2018,JOR,10462310.0,94246709824.0,10.604,89.396,621.01,7.02,3.486,0.098,20.37,10.061,0.10604,0.89396,0.4752433574139831,0.5462976575517005,27.67578092792593,Transition Laggard
Jordan,2019,JOR,10671893.0,96062846478.0,14.418,85.582,596.69,10.034,4.286,0.097,20.53,13.875,0.14418,0.8558199999999999,0.45663187216848294,0.5696608840537097,30.779916456593575,Transition Laggard
Jordan,2020,JOR,10865232.0,94554674762.0,18.937,81.063,566.67,12.174,6.667,0.097,20.7,18.394000000000002,0.18937,0.8106300000000001,0.4336583200685686,0.5973426933254925,34.48088239816817,Transition Laggard
Jordan,2021,JOR,11066356.0,96661338596.0,22.987,77.013,540.26,15.403,7.491,0.094,21.36,22.444,0.22987,0.7701300000000001,0.41344741030978327,0.6221515730667451,37.78828833825659,Transition Laggard
Jordan,2022,JOR,11256269.0,99281825499.0,23.128,76.872,539.21,15.286,7.754,0.089,22.57,22.585,0.23128,0.7687200000000001,0.41264387167870703,0.6230152896206997,37.90593255234282,Transition Laggard
Jordan,2023,JOR,11439220.0,,21.96,78.04,542.28,14.514,7.362,0.084,23.77,21.417,0.21960000000000002,0.7804000000000001,0.4149932655809967,0.615860531216309,37.039076328719716,Transition Laggard
Jordan,2024,JOR,11552885.0,,24.081,75.919,529.79,16.603,7.393,0.084,23.67,23.538,0.24081,0.75919,0.40543498224562263,0.6288530334215428,38.74552094518258,Transition Laggard
Kazakhstan,2000,KAZ,15501108.0,142758090799.0,14.582,85.418,781.18,0.0,0.0,14.582,51.64,0.0,0.14582,0.85418,0.5978174360230194,0.48466749975497403,26.07377659574912,Transition Laggard
Kazakhstan,2001,KAZ,15575550.0,162896083567.0,14.59,85.41,783.68,0.0,0.0,14.59,55.38,0.007999999999999119,0.1459,0.8541,0.5997306232398677,0.4847165049495247,26.031481993246175,Transition Laggard
Kazakhstan,2002,KAZ,15656680.0,179807015103.0,15.241,84.759,775.24,0.0,0.0,15.241,58.33,0.6589999999999989,0.15241,0.8475900000000001,0.5932717031957879,0.48870430265608156,26.64337195994652,Transition Laggard
Kazakhstan,2003,KAZ,15747377.0,197584132991.0,13.498,86.502,793.77,0.0,0.0,13.498,63.86,-1.0840000000000014,0.13498,0.86502,0.6074522468470674,0.4780272958933647,25.082903267223784,Transition Laggard
Kazakhstan,2004,KAZ,15850164.0,217713169930.0,12.039,87.961,813.0,0.0,0.0,12.039,66.95,-2.543000000000001,0.12039,0.87961,0.6221684829190646,0.46908997353719495,23.705537530081312,Transition Laggard
Kazakhstan,2005,KAZ,15968118.0,240059743236.0,11.572,88.428,811.69,0.0,0.0,11.572,67.92,-3.0100000000000016,0.11571999999999999,0.88428,0.621165972817436,0.4662292953053023,23.407490109143637,Transition Laggard
Kazakhstan,2006,KAZ,16103718.0,267135182235.0,10.843,89.157,804.77,0.0,0.0,10.843,71.66,-3.7390000000000008,0.10843,0.89157,0.6158702706011999,0.4617636969518769,23.035498689248158,Transition Laggard
Kazakhstan,2007,KAZ,16257212.0,292456722644.0,10.663,89.337,802.53,0.0,0.0,10.663,76.62,-3.9190000000000005,0.10663,0.89337,0.6141560548549039,0.4606610800744879,22.953814829744722,Transition Laggard
Kazakhstan,2008,KAZ,16426527.0,303717015928.0,9.284,90.716,832.11,0.0,0.0,9.284,80.35,-5.298,0.09284,0.90716,0.6367928860046529,0.45221380966382435,21.433784994841044,Transition Laggard
Kazakhstan,2009,KAZ,16619851.0,309012285175.0,8.739,91.261,848.72,0.0,0.0,8.739,78.73,-5.843,0.08739000000000001,0.9126099999999999,0.6495041018733929,0.4488753307850632,20.738927414941127,Transition Laggard
Kazakhstan,2010,KAZ,16836808.0,333341740713.0,9.704,90.296,835.57,0.0,0.0,9.704,82.65,-4.878,0.09704000000000002,0.9029600000000001,0.6394407371127709,0.45478658237773206,21.658180307846703,Transition Laggard
Kazakhstan,2011,KAZ,17065996.0,360244945296.0,9.101,90.899,841.65,0.0,0.0,9.101,86.58,-5.481,0.09101000000000001,0.9089900000000001,0.644093608424146,0.4510928158384789,21.124652026973536,Transition Laggard
Kazakhstan,2012,KAZ,17306115.0,378260779954.0,8.431,91.569,852.68,0.0,0.0,8.431,90.62,-6.151000000000002,0.08431,0.91569,0.6525345904248806,0.44698863079486423,20.450064701300946,Transition Laggard
Kazakhstan,2013,KAZ,17556502.0,400574375261.0,8.347,91.653,854.88,0.0,0.0,8.347,92.61,-6.235000000000001,0.08347,0.9165300000000001,0.6542181951757071,0.4464740762520827,20.34985626438856,Transition Laggard
Kazakhstan,2014,KAZ,17816285.0,417799078586.0,8.738,91.262,851.44,0.0,0.011,8.728,94.64,-5.844000000000001,0.08738,0.91262,0.6515856495653239,0.44886920513574435,20.686196837903065,Transition Laggard
Kazakhstan,2015,KAZ,18084175.0,421977118608.0,10.311,89.689,836.12,0.055,0.142,10.115,91.65,-4.271000000000001,0.10311000000000001,0.89689,0.6398616383004776,0.4585048515142605,22.067631815201967,Transition Laggard
Kazakhstan,2016,KAZ,18363600.0,425774884998.0,12.66,87.34,814.96,0.095,0.285,12.279,94.63,-1.9220000000000006,0.1266,0.8734000000000001,0.6236684216970736,0.472894001764187,24.09769948403596,Transition Laggard
Kazakhstan,2017,KAZ,18651931.0,442384368842.0,11.288,88.712,831.85,0.087,0.33,10.871,103.12,-3.2940000000000005,0.11288000000000001,0.88712,0.6365939145341006,0.4644896108987553,22.825296300128812,Transition Laggard
Kazakhstan,2018,KAZ,18932725.0,460522121041.0,10.17,89.83,841.16,0.13,0.364,9.676,107.28,-4.412000000000001,0.1017,0.8983,0.6437186237296437,0.4576411349603058,21.873651431163495,Transition Laggard
Kazakhstan,2019,KAZ,19209556.0,481245619523.0,10.415,89.585,839.41,0.366,0.667,9.382,106.48,-4.167000000000002,0.10414999999999999,0.8958499999999999,0.6423793926778498,0.4591419190434186,22.076643968705035,Transition Laggard
Kazakhstan,2020,KAZ,19482116.0,468733212615.0,10.99,89.01,835.88,1.141,0.948,8.892,108.64,-3.5920000000000005,0.1099,0.8901000000000001,0.6396779723276601,0.4626641674017446,22.542013202834664,Transition Laggard
Kazakhstan,2021,KAZ,19743607.0,487951301251.0,10.94,89.06,833.25,1.416,1.521,8.003,115.08,-3.6420000000000012,0.1094,0.8906000000000001,0.6376652993755357,0.4623578849358032,22.557735789648653,Transition Laggard
Kazakhstan,2022,KAZ,20034612.0,503634062609.0,11.707,88.293,831.01,1.56,2.036,8.11,113.44,-2.875,0.11707000000000001,0.8829300000000001,0.6359510836292396,0.4670562579633441,23.131266778719166,Transition Laggard
Kazakhstan,2023,KAZ,20330109.0,,12.73,87.27,826.66,1.646,3.328,7.747,113.59,-1.8520000000000003,0.1273,0.8727,0.6326221378719236,0.47332279721650494,23.922288511449484,Transition Laggard
Kazakhstan,2024,KAZ,20592574.0,,15.214,84.786,802.04,1.578,4.143,9.493,118.51,0.6319999999999997,0.15214,0.8478600000000001,0.6137810701604016,0.4885389101244732,26.11195689785706,Transition Laggard
Kazakhstan,2025,KAZ,20843758.0,,14.86,85.14,805.32,1.649,4.713,8.497,123.69,0.2779999999999987,0.1486,0.8514,0.6162911717889066,0.48637043026560817,25.804277159261456,Transition Laggard
Kenya,2000,KEN,30642893.0,59408907766.0,40.371,59.629,403.71,0.0,0.0,30.394,4.31,0.0,0.40371,0.59629,0.3089491245255296,0.48466749975497403,48.768884383186375,Mixed Performer
Kenya,2001,KEN,31619170.0,62956470966.0,59.459,40.541,282.74,0.0,0.0,49.48,4.81,19.088,0.5945900000000001,0.40541,0.21637382147667444,0.601593893952759,64.28996287237453,Emerging Improver
Kenya,2002,KEN,32629809.0,64478127960.0,76.699,23.301,188.35,0.0,0.0,60.0,5.15,36.327999999999996,0.76699,0.23301,0.1441395249173503,0.7072000882093502,78.02391320020648,Transition Leader
Kenya,2003,KEN,33652233.0,67617075406.0,81.934,18.066,156.93,0.0,0.0,58.942,5.48,41.562999999999995,0.81934,0.18066,0.12009458797600099,0.7392678623934137,82.24705323650116,Transition Leader
Kenya,2004,KEN,34713453.0,72070033430.0,70.455,29.545,228.9,0.0,0.0,46.104,6.16,30.083999999999996,0.70455,0.29545000000000005,0.17517142157462962,0.6689515338625894,72.9279874685731,Emerging Improver
Kenya,2005,KEN,35796485.0,77598831261.0,66.716,33.284,250.75,0.0,0.0,44.776,6.7,26.34499999999999,0.66716,0.33283999999999997,0.19189267784988367,0.6460477310594923,69.92299901964529,Emerging Improver
Kenya,2006,KEN,36904010.0,83653248054.0,62.85,37.15,274.3,0.0,0.0,43.142,7.51,22.479,0.6285000000000001,0.3715,0.20991490143259459,0.6223659707929041,66.7976170260787,Emerging Improver
Kenya,2007,KEN,38036354.0,91060343688.0,74.063,25.937,203.9,0.0,0.0,51.724,6.67,33.692,0.74063,0.25937,0.1560395494061467,0.6910528766049201,75.90260441392013,Transition Leader
Kenya,2008,KEN,39206349.0,92971180385.0,72.683,27.317,214.63,0.0,0.0,45.854,6.15,32.312000000000005,0.7268300000000001,0.27317,0.16425094894085956,0.6825994805449378,74.74251848465258,Emerging Improver
Kenya,2009,KEN,40408887.0,97792492598.0,60.611,39.389,290.08,0.0,0.153,32.824,6.55,20.239999999999995,0.60611,0.39389,0.221990939145341,0.6086506419680486,64.94658615088721,Emerging Improver
Kenya,2010,KEN,41598570.0,108082167772.0,74.441,25.559,199.72,0.0,0.279,47.346,7.16,34.07,0.74441,0.25559000000000004,0.15284070037957634,0.6933683720474371,76.24410807122214,Transition Leader
Kenya,2011,KEN,42758467.0,117152107312.0,69.221,30.779,233.72,0.128,0.255,43.678,7.83,28.85,0.6922100000000001,0.30779,0.17886004652871312,0.661392482603156,71.98198607582951,Emerging Improver
Kenya,2012,KEN,43888306.0,122504792826.0,77.479,22.521,179.93,0.122,0.122,52.142,8.17,37.108,0.77479,0.22521000000000002,0.13769591037100526,0.7119780946780359,78.7246736608954,Transition Leader
Kenya,2013,KEN,44986794.0,127157517259.0,78.342,21.658,174.51,0.371,0.124,48.391,8.08,37.971,0.78342,0.21658000000000002,0.13354812048487816,0.7172645300401843,79.4254649384808,Transition Leader
Kenya,2014,KEN,46051441.0,133540839466.0,76.413,23.587,188.04,0.543,0.217,35.652,9.2,36.041999999999994,0.76413,0.23587,0.14390228970246113,0.7054481525041654,77.83196504500096,Transition Leader
Kenya,2015,KEN,47088528.0,140175144054.0,89.806,10.194,103.98,0.51,0.612,38.226,9.81,49.434999999999995,0.89806,0.10194000000000002,0.07957328272315416,0.7874889738312261,88.70660253938954,Transition Leader
Kenya,2016,KEN,48139683.0,146082118752.0,89.256,10.744,108.47,0.62,0.62,34.194,9.68,48.885,0.89256,0.10744,0.0830093669646137,0.7841198667058709,88.24016382647272,Transition Leader
Kenya,2017,KEN,49197757.0,151656608610.0,80.886,19.114,163.44,0.646,0.554,29.271,10.83,40.51499999999999,0.80886,0.19114,0.12507652748867393,0.7328481819072822,81.39740954139238,Transition Leader
Kenya,2018,KEN,50207109.0,160257055688.0,86.283,13.717,117.7,0.796,3.363,35.31,11.3,45.912,0.86283,0.13717000000000001,0.09007285416921759,0.7659083112809958,86.00660331498449,Transition Leader
Kenya,2019,KEN,51202829.0,168452589868.0,88.668,11.332,102.94,0.779,13.495,27.768,11.56,48.297000000000004,0.8866800000000001,0.11332,0.07877739684094527,0.7805179849064001,87.93913485257237,Transition Leader
Kenya,2020,KEN,52217327.0,168031463891.0,93.579,6.421,71.92,0.771,11.387,36.216,11.68,53.20799999999999,0.9357899999999999,0.06421,0.05503856985429166,0.8106010487111633,91.93045148431014,Transition Leader
Kenya,2021,KEN,53219167.0,180662393951.0,89.822,10.178,96.12,1.373,16.074,29.645,12.38,49.451,0.89822,0.10178000000000001,0.07355822211338313,0.7875869842203274,88.86804921047033,Transition Leader
Kenya,2022,KEN,54252458.0,190362153076.0,87.809,12.191,109.57,3.241,16.512,23.457,12.96,47.437999999999995,0.87809,0.12191,0.08385116934002694,0.775256052141527,87.21796154862223,Transition Leader
Kenya,2023,KEN,55339007.0,,89.766,10.234,96.88,4.531,15.703,20.859,12.8,49.395,0.8976600000000001,0.10234,0.07413983102730501,0.787243947858473,88.81476344219448,Transition Leader
Kenya,2024,KEN,56432946.0,,91.478,8.522,85.22,4.977,16.365,23.379,13.26,51.10699999999999,0.9147799999999999,0.08522,0.06521672584792458,0.7977310594923062,90.22234774618647,Transition Leader
Kenya,2025,KEN,57532491.0,,90.028,9.972,95.44,4.63,16.382,20.94,14.04,49.657000000000004,0.9002800000000001,0.09972,0.07303783519040039,0.7888488679800059,89.02358713994008,Transition Leader
Kiribati,2000,KIR,88632.0,,0.0,100.0,1000.0,0.0,0.0,0.0,0.01,0.0,0.0,1.0,0.7652748867393168,0.48466749975497403,13.138140327841692,Transition Laggard
Kiribati,2001,KIR,90350.0,,0.0,100.0,500.0,0.0,0.0,0.0,0.02,0.0,0.0,1.0,0.3826374433696584,0.48466749975497403,22.70407641208315,Transition Laggard
Kiribati,2002,KIR,92281.0,,0.0,100.0,500.0,0.0,0.0,0.0,0.02,0.0,0.0,1.0,0.3826374433696584,0.48466749975497403,22.70407641208315,Transition Laggard
Kiribati,2003,KIR,94189.0,,0.0,100.0,500.0,0.0,0.0,0.0,0.02,0.0,0.0,1.0,0.3826374433696584,0.48466749975497403,22.70407641208315,Transition Laggard
Kiribati,2004,KIR,96096.0,,0.0,100.0,500.0,0.0,0.0,0.0,0.02,0.0,0.0,1.0,0.3826374433696584,0.48466749975497403,22.70407641208315,Transition Laggard
Kiribati,2005,KIR,98045.0,,0.0,100.0,500.0,0.0,0.0,0.0,0.02,0.0,0.0,1.0,0.3826374433696584,0.48466749975497403,22.70407641208315,Transition Laggard
Kiribati,2006,KIR,100028.0,,0.0,100.0,666.67,0.0,0.0,0.0,0.03,0.0,0.0,1.0,0.5101858087425003,0.48466749975497403,19.515367277762103,Transition Laggard
Kiribati,2007,KIR,102081.0,,0.0,100.0,666.67,0.0,0.0,0.0,0.03,0.0,0.0,1.0,0.5101858087425003,0.48466749975497403,19.515367277762103,Transition Laggard
Kiribati,2008,KIR,104235.0,,0.0,100.0,500.0,0.0,0.0,0.0,0.02,0.0,0.0,1.0,0.3826374433696584,0.48466749975497403,22.70407641208315,Transition Laggard
Kiribati,2009,KIR,106479.0,,0.0,100.0,500.0,0.0,0.0,0.0,0.02,0.0,0.0,1.0,0.3826374433696584,0.48466749975497403,22.70407641208315,Transition Laggard
Kiribati,2010,KIR,108717.0,,0.0,100.0,500.0,0.0,0.0,0.0,0.02,0.0,0.0,1.0,0.3826374433696584,0.48466749975497403,22.70407641208315,Transition Laggard
Kiribati,2011,KIR,110660.0,,0.0,100.0,500.0,0.0,0.0,0.0,0.02,0.0,0.0,1.0,0.3826374433696584,0.48466749975497403,22.70407641208315,Transition Laggard
Kiribati,2012,KIR,112293.0,,0.0,100.0,500.0,0.0,0.0,0.0,0.02,0.0,0.0,1.0,0.3826374433696584,0.48466749975497403,22.70407641208315,Transition Laggard
Kiribati,2013,KIR,113847.0,,0.0,100.0,666.67,0.0,0.0,0.0,0.03,0.0,0.0,1.0,0.5101858087425003,0.48466749975497403,19.515367277762103,Transition Laggard
Kiribati,2014,KIR,115339.0,,0.0,100.0,666.67,0.0,0.0,0.0,0.03,0.0,0.0,1.0,0.5101858087425003,0.48466749975497403,19.515367277762103,Transition Laggard
Kiribati,2015,KIR,116826.0,,0.0,100.0,666.67,0.0,0.0,0.0,0.03,0.0,0.0,1.0,0.5101858087425003,0.48466749975497403,19.515367277762103,Transition Laggard
Kiribati,2016,KIR,118488.0,,0.0,100.0,666.67,0.0,0.0,0.0,0.03,0.0,0.0,1.0,0.5101858087425003,0.48466749975497403,19.515367277762103,Transition Laggard
Kiribati,2017,KIR,120288.0,,0.0,100.0,666.67,0.0,0.0,0.0,0.03,0.0,0.0,1.0,0.5101858087425003,0.48466749975497403,19.515367277762103,Transition Laggard
Kiribati,2018,KIR,122097.0,,0.0,100.0,666.67,0.0,0.0,0.0,0.03,0.0,0.0,1.0,0.5101858087425003,0.48466749975497403,19.515367277762103,Transition Laggard
Kiribati,2019,KIR,123928.0,,25.0,75.0,500.0,25.0,0.0,0.0,0.04,25.0,0.25,0.75,0.3826374433696584,0.637808732725669,40.00119490664357,Mixed Performer
Kiribati,2020,KIR,126110.0,,25.0,75.0,500.0,25.0,0.0,0.0,0.04,25.0,0.25,0.75,0.3826374433696584,0.637808732725669,40.00119490664357,Mixed Performer
Kiribati,2021,KIR,128387.0,,25.0,75.0,500.0,25.0,0.0,0.0,0.04,25.0,0.25,0.75,0.3826374433696584,0.637808732725669,40.00119490664357,Mixed Performer
Kiribati,2022,KIR,130483.0,,25.0,75.0,500.0,25.0,0.0,0.0,0.04,25.0,0.25,0.75,0.3826374433696584,0.637808732725669,40.00119490664357,Mixed Performer
Kiribati,2023,KIR,132540.0,,25.0,75.0,500.0,25.0,0.0,0.0,0.04,25.0,0.25,0.75,0.3826374433696584,0.637808732725669,40.00119490664357,Mixed Performer
Kiribati,2024,KIR,134521.0,,25.0,75.0,500.0,25.0,0.0,0.0,0.04,25.0,0.25,0.75,0.3826374433696584,0.637808732725669,40.00119490664357,Mixed Performer
Kuwait,2000,KWT,1954713.0,71053965539.0,0.0,100.0,653.88,0.0,0.0,0.0,32.33,0.0,0.0,1.0,0.5003979429411044,0.48466749975497403,19.760063922797,Transition Laggard
Kuwait,2001,KWT,2008127.0,75867443155.0,0.0,100.0,653.94,0.0,0.0,0.0,34.3,0.0,0.0,1.0,0.5004438594343088,0.48466749975497403,19.75891601046689,Transition Laggard
Kuwait,2002,KWT,2059983.0,83636154969.0,0.0,100.0,655.21,0.0,0.0,0.0,36.37,0.0,0.0,1.0,0.5014157585404677,0.48466749975497403,19.734618532812917,Transition Laggard
Kuwait,2003,KWT,2109886.0,104974065782.0,0.0,100.0,654.77,0.0,0.0,0.0,39.8,0.0,0.0,1.0,0.5010790375903025,0.48466749975497403,19.74303655656705,Transition Laggard
Kuwait,2004,KWT,2157329.0,123477836787.0,0.0,100.0,654.39,0.0,0.0,0.0,41.26,0.0,0.0,1.0,0.5007882331333415,0.48466749975497403,19.750306667991072,Transition Laggard
Kuwait,2005,KWT,2236797.0,142799938874.0,0.0,100.0,654.7,0.0,0.0,0.0,43.73,0.0,0.0,1.0,0.5010254683482307,0.48466749975497403,19.744375787618843,Transition Laggard
Kuwait,2006,KWT,2364741.0,159619963672.0,0.0,100.0,653.78,0.0,0.0,0.0,47.6,0.0,0.0,1.0,0.5003214154524305,0.48466749975497403,19.76197711001385,Transition Laggard
Kuwait,2007,KWT,2507890.0,174545824817.0,0.0,100.0,653.74,0.0,0.0,0.0,48.75,0.0,0.0,1.0,0.500290804456961,0.48466749975497403,19.762742384900587,Transition Laggard
Kuwait,2008,KWT,2651433.0,183755530386.0,0.0,100.0,653.14,0.0,0.0,0.0,51.75,0.0,0.0,1.0,0.4998316395249173,0.48466749975497403,19.774221508201677,Transition Laggard
Kuwait,2009,KWT,2795489.0,175302339443.0,0.0,100.0,654.27,0.0,0.0,0.0,53.22,0.0,0.0,1.0,0.5006964001469327,0.48466749975497403,19.75260249265129,Transition Laggard
Kuwait,2010,KWT,2943374.0,176036955078.0,0.0,100.0,653.34,0.0,0.0,0.0,57.03,0.0,0.0,1.0,0.49998469450226524,0.48466749975497403,19.77039513376798,Transition Laggard
Kuwait,2011,KWT,3132815.0,201228682118.0,0.0,100.0,652.63,0.0,0.0,0.0,57.46,0.0,0.0,1.0,0.4994413493326803,0.48466749975497403,19.7839787630076,Transition Laggard
Kuwait,2012,KWT,3337025.0,214560063974.0,0.0,100.0,651.01,0.0,0.0,0.0,61.12,0.0,0.0,1.0,0.4982016040161626,0.48466749975497403,19.814972395920545,Transition Laggard
Kuwait,2013,KWT,3507755.0,217029672079.0,0.016,99.984,651.91,0.0,0.016,0.0,60.99,0.016,0.00016,0.99984,0.498890351414228,0.48476551014407526,19.80882386680543,Transition Laggard
Kuwait,2014,KWT,3665769.0,218112639263.0,0.015,99.985,650.96,0.0,0.015,0.0,65.15,0.015,0.00015,0.99985,0.4981633402718257,0.4847593844947565,19.826307260625704,Transition Laggard
Kuwait,2015,KWT,3834465.0,219406044434.0,0.015,99.985,650.51,0.0,0.015,0.0,68.3,0.015,0.00015,0.99985,0.49781896657279295,0.4847593844947565,19.834916603101522,Transition Laggard
Kuwait,2016,KWT,4003976.0,225825859800.0,0.029,99.971,650.07,0.014,0.014,0.0,70.1,0.029,0.00029,0.9997100000000001,0.4974822456226277,0.48484514358522,19.8530210132126,Transition Laggard
Kuwait,2017,KWT,4154686.0,215180426540.0,0.058,99.942,650.6,0.015,0.044,0.0,68.89,0.058,0.00058,0.99942,0.4978878413125995,0.48502278741546606,19.862945778417,Transition Laggard
Kuwait,2018,KWT,4323389.0,220424403170.0,0.121,99.879,650.07,0.067,0.054,0.0,74.13,0.121,0.00121,0.9987900000000001,0.4974822456226277,0.4854087033225522,19.916674409272588,Transition Laggard
Kuwait,2019,KWT,4442201.0,219207651814.0,0.133,99.867,649.52,0.08,0.053,0.0,75.04,0.133,0.00133,0.9986700000000001,0.497061344434921,0.4854822111143781,19.935499555842647,Transition Laggard
Kuwait,2020,KWT,4400146.0,199796812404.0,0.121,99.879,650.19,0.08,0.04,0.0,74.64,0.121,0.00121,0.9987900000000001,0.4975740786090364,0.4854087033225522,19.914378584612372,Transition Laggard
Kuwait,2021,KWT,4360748.0,202410138854.0,0.26,99.74,649.63,0.173,0.087,0.0,80.8,0.26,0.0026000000000000003,0.9974,0.49714552467246237,0.48626016857786925,20.02126441185648,Transition Laggard
Kuwait,2022,KWT,4589514.0,218961227193.0,2.228,97.772,636.89,0.211,2.017,0.0,85.29,2.228,0.02228,0.97772,0.48739592261540343,0.49831544643732234,21.626633631174748,Transition Laggard
Kuwait,2023,KWT,4838781.0,,2.128,97.872,636.14,0.212,1.916,0.0,89.76,2.128,0.02128,0.97872,0.486821966450349,0.49770288150543956,21.57179406132287,Transition Laggard
Kuwait,2024,KWT,4934508.0,,2.238,97.762,635.2,0.227,2.011,0.0,92.49,2.238,0.02238,0.97762,0.48610260805681405,0.4983767029305106,21.665885342537305,Transition Laggard
Kuwait,2025,KWT,5026079.0,,2.238,97.762,635.31,0.227,2.011,0.0,92.49,2.238,0.02238,0.97762,0.4861867882943553,0.4983767029305106,21.66378083659877,Transition Laggard
Kyrgyzstan,2000,KGZ,5025150.0,15667564559.0,85.489,14.511,101.58,0.0,0.0,85.489,15.85,0.0,0.85489,0.14511,0.0777366229949798,0.48466749975497403,81.61999692145011,Transition Leader
Kyrgyzstan,2001,KGZ,5071960.0,16336535537.0,83.12,16.88,110.74,0.0,0.0,83.12,14.81,-2.3689999999999998,0.8312,0.1688,0.08474654095751194,0.470155836518671,79.80567402384227,Transition Leader
Kyrgyzstan,2002,KGZ,5116252.0,16170495966.0,82.28,17.72,107.09,0.0,0.0,82.28,12.98,-3.209000000000003,0.8228,0.1772,0.08195328762091343,0.4650102910908556,79.29432217584,Transition Leader
Kyrgyzstan,2003,KGZ,5159422.0,17135753196.0,86.658,13.342,89.38,0.0,0.0,86.658,15.44,1.168999999999997,0.86658,0.13342,0.06840026937676012,0.4918283838086837,82.66221902271124,Transition Leader
Kyrgyzstan,2004,KGZ,5203048.0,18155686902.0,86.324,13.676,89.73,0.0,0.0,86.324,16.16,0.8349999999999937,0.86324,0.13676,0.0686681155871189,0.4897824169361952,82.42443336436494,Transition Leader
Kyrgyzstan,2005,KGZ,5246337.0,17942169018.0,85.483,14.517,132.34,0.0,0.0,85.483,14.81,-0.006000000000000227,0.8548300000000001,0.14517,0.10127647851108118,0.4846307458590611,81.0273492251089,Transition Leader
Kyrgyzstan,2006,KGZ,5282451.0,18316466710.0,84.88,15.12,135.4,0.0,0.0,84.88,14.55,-0.6090000000000089,0.8488,0.1512,0.10361821966450349,0.48093697931980783,80.55159919818453,Transition Leader
Kyrgyzstan,2007,KGZ,5313376.0,19684074796.0,85.782,14.218,138.1,0.0,0.0,85.782,14.7,0.29299999999999216,0.85782,0.14218,0.10568446185869965,0.4864623150053905,81.12402317861336,Transition Leader
Kyrgyzstan,2008,KGZ,5342530.0,20960394949.0,85.714,14.286,142.0,0.0,0.0,85.714,11.69,0.22499999999999432,0.85714,0.14286,0.10866903391698299,0.48604577085171025,81.00236071485108,Transition Leader
Kyrgyzstan,2009,KGZ,5398013.0,21348199451.0,92.076,7.923,81.97,0.0,0.0,92.076,10.98,6.586999999999989,0.9207599999999999,0.07923000000000001,0.0627295824660218,0.5250171518180926,86.55286771562083,Transition Leader
Kyrgyzstan,2010,KGZ,5491763.0,21037148123.0,91.743,8.257,85.91,0.0,0.0,91.743,11.99,6.253999999999991,0.91743,0.08257,0.0657447655197747,0.522977310594923,86.24684052092947,Transition Leader
Kyrgyzstan,2011,KGZ,5594537.0,22069322288.0,93.271,6.729,75.28,0.0,0.0,93.271,15.01,7.7819999999999965,0.93271,0.06729,0.05760989347373577,0.532337302754092,87.50741220446798,Transition Leader
Kyrgyzstan,2012,KGZ,5696521.0,22049906072.0,93.413,6.587,78.51,0.0,0.0,93.413,15.03,7.923999999999992,0.93413,0.06587,0.06008173135790376,0.5332071449573654,87.5438638904129,Transition Leader
Kyrgyzstan,2013,KGZ,5797294.0,24456653043.0,93.391,6.609,82.62,0.0,0.0,93.391,13.92,7.902000000000001,0.93391,0.06609,0.06322701114240235,0.5330723806723513,87.4500104315252,Transition Leader
Kyrgyzstan,2014,KGZ,5898322.0,25440781974.0,91.199,8.801,98.41,0.0,0.0,91.199,14.43,5.709999999999994,0.91199,0.08801,0.07531070160401616,0.5196449573654807,85.63130682038181,Transition Leader
Kyrgyzstan,2015,KGZ,6001876.0,26426866370.0,85.062,14.938,154.8,0.0,0.0,85.062,12.92,-0.4270000000000067,0.85062,0.14938,0.11846455246724624,0.4820518474958345,80.30636390075637,Transition Leader
Kyrgyzstan,2016,KGZ,6108460.0,27572739134.0,86.54,13.46,139.16,0.0,0.0,86.54,13.15,1.051000000000002,0.8654000000000001,0.13460000000000003,0.10649565323864332,0.49110555718906207,81.62819202686984,Transition Leader
Kyrgyzstan,2017,KGZ,6220148.0,28879683468.0,91.477,8.523,97.59,0.0,0.0,91.477,15.37,5.9879999999999995,0.9147700000000001,0.08523,0.07468317619688992,0.5213478878761149,85.83933891321948,Transition Leader
Kyrgyzstan,2018,KGZ,6341733.0,29878637891.0,91.834,8.166,95.27,0.0,0.0,91.834,15.43,6.344999999999999,0.91834,0.08166000000000001,0.0729077384596547,0.5235347446829364,86.13072770875269,Transition Leader
Kyrgyzstan,2019,KGZ,6494036.0,31253353975.0,91.583,8.417,98.2,0.0,0.0,91.583,14.97,6.093999999999994,0.91583,0.08417,0.07514999387780091,0.5219972067039106,85.90100825361363,Transition Leader
Kyrgyzstan,2020,KGZ,6664143.0,28560253227.0,90.779,9.221,105.2,0.0,0.0,90.779,15.4,5.289999999999992,0.90779,0.09221,0.08050691808497612,0.517072184651573,85.21080981764919,Transition Leader
Kyrgyzstan,2021,KGZ,6820483.0,29628978769.0,85.601,14.399,151.26,0.0,0.0,85.601,15.14,0.11199999999999477,0.85601,0.14399,0.11575547936818904,0.4853535724786827,80.7470166029755,Transition Leader
Kyrgyzstan,2022,KGZ,6955792.0,31703003147.0,86.107,13.893,146.89,0.0,0.0,86.107,13.82,0.617999999999995,0.86107,0.13893,0.11241122811313824,0.4884531510340096,81.1807165626817,Transition Leader
Kyrgyzstan,2023,KGZ,7073523.0,,86.471,13.529,139.71,0.0,0.0,86.471,13.6,0.9819999999999993,0.8647100000000001,0.13529,0.10691655442634995,0.4906828873860629,81.5699294501322,Transition Leader
Kyrgyzstan,2024,KGZ,7186014.0,,88.776,11.224,119.21,0.0,0.0,88.776,15.77,3.286999999999992,0.88776,0.11224,0.09122841924819394,0.5048025090659609,83.55692715478456,Transition Leader
Kyrgyzstan,2025,KGZ,7295037.0,,84.728,15.272,152.73,0.0,0.0,84.728,15.78,-0.7610000000000099,0.8472799999999999,0.15272,0.11688043345169584,0.48000588062334604,80.11487737305778,Transition Leader
Laos,2000,LAO,5431213.0,12209285510.0,89.863,10.137,87.67,0.0,0.0,89.863,3.65,0.0,0.89863,0.10137,0.0670916493204359,0.48466749975497403,84.51052126331369,Transition Leader
Laos,2001,LAO,5521481.0,13005702889.0,89.918,10.082,87.19,0.0,0.0,89.918,3.67,0.05500000000000682,0.8991800000000001,0.10082,0.06672431737480103,0.4850044104675096,84.55775822264262,Transition Leader
Laos,2002,LAO,5610888.0,13872426080.0,89.916,10.084,89.64,0.0,0.0,89.916,3.57,0.05299999999999727,0.89916,0.10084,0.06859924084731235,0.4849921591688719,84.50950136635026,Transition Leader
Laos,2003,LAO,5697944.0,14843718409.0,89.841,10.159,88.89,0.0,0.0,89.841,3.15,-0.02200000000000557,0.8984099999999999,0.10159000000000001,0.06802528468225787,0.4845327354699598,84.47195891499294,Transition Leader
Laos,2004,LAO,5781627.0,16000772290.0,100.0,0.0,23.33,0.0,0.0,100.0,3.0,10.137,1.0,0.0,0.017853863107628258,0.5467632068999314,92.75510152580826,Transition Leader
Laos,2005,LAO,5869531.0,17208611490.0,100.0,0.0,22.79,0.0,0.0,100.0,3.51,10.137,1.0,0.0,0.017440614668789028,0.5467632068999314,92.76543273677925,Transition Leader
Laos,2006,LAO,5963199.0,17176979638.0,100.0,0.0,25.0,0.0,0.0,100.0,3.6,10.137,1.0,0.0,0.01913187216848292,0.5467632068999314,92.7231512992869,Transition Leader
Laos,2007,LAO,6056237.0,20454811822.0,100.0,0.0,23.74,0.0,0.0,100.0,3.37,10.137,1.0,0.0,0.018167625811191378,0.5467632068999314,92.7472574582192,Transition Leader
Laos,2008,LAO,6148974.0,22210959976.0,100.0,0.0,24.19,0.0,0.0,100.0,3.72,10.137,1.0,0.0,0.018511999510224073,0.5467632068999314,92.73864811574337,Transition Leader
Laos,2009,LAO,6241649.0,24050843271.0,100.0,0.0,23.74,0.0,0.0,100.0,3.37,10.137,1.0,0.0,0.018167625811191378,0.5467632068999314,92.7472574582192,Transition Leader
Laos,2010,LAO,6334198.0,26198017296.0,100.0,0.0,23.92,0.0,0.0,100.0,8.36,10.137,1.0,0.0,0.01830537529080446,0.5467632068999314,92.74381372122886,Transition Leader
Laos,2011,LAO,6426592.0,28505277000.0,100.0,0.0,24.14,0.0,0.0,100.0,12.84,10.137,1.0,0.0,0.01847373576588711,0.5467632068999314,92.73960470935178,Transition Leader
Laos,2012,LAO,6518981.0,30756620000.0,100.0,0.0,23.98,0.0,0.0,100.0,12.93,10.137,1.0,0.0,0.018351291784008815,0.5467632068999314,92.74266580889874,Transition Leader
Laos,2013,LAO,6611385.0,33213895000.0,100.0,0.0,23.44,0.0,0.0,99.935,15.36,10.137,1.0,0.0,0.017938043345169585,0.5467632068999314,92.75299701986972,Transition Leader
Laos,2014,LAO,6703170.0,35727804000.0,100.0,0.0,23.81,0.0,0.0,100.0,15.12,10.137,1.0,0.0,0.018221195053263133,0.5467632068999314,92.74591822716738,Transition Leader
Laos,2015,LAO,6801647.0,38423808000.0,86.015,13.985,148.52,0.0,0.0,86.015,16.16,-3.847999999999999,0.86015,0.13985,0.11365862617852333,0.4610960011761247,80.68397436317878,Transition Leader
Laos,2016,LAO,6908800.0,41128975200.0,68.772,31.228,302.86,0.0,0.0,68.772,25.49,-21.090999999999994,0.6877200000000001,0.31228,0.23177115219786948,0.355471429971577,65.80099264462692,Emerging Improver
Laos,2017,LAO,7018150.0,43958737408.0,64.821,35.179,338.59,0.032,0.0,64.693,31.07,-25.042,0.64821,0.35179000000000005,0.25911442390106526,0.33126898951288836,62.38377424516669,Emerging Improver
Laos,2018,LAO,7128043.0,46694965948.0,65.078,34.922,336.14,0.058,0.0,64.875,34.42,-24.784999999999997,0.65078,0.34922,0.2572395004285539,0.33284328138782715,62.608461710103555,Emerging Improver
Laos,2019,LAO,7237635.0,49243304815.0,63.476,36.524,350.51,0.128,0.0,63.188,31.24,-26.387,0.63476,0.36524,0.2682365005509979,0.32302999117906495,61.225137353911016,Emerging Improver
Laos,2020,LAO,7346534.0,50856670244.0,71.597,28.403,278.03,0.1,0.0,71.346,39.96,-18.266000000000005,0.71597,0.28403,0.21276937676013222,0.3727763892972655,68.23061142045567,Emerging Improver
Laos,2021,LAO,7453192.0,52626361275.0,73.541,26.459,260.36,0.156,0.0,73.274,44.9,-16.322000000000003,0.73541,0.26459,0.19924696951144852,0.38468465157306675,69.9136955358098,Emerging Improver
Laos,2022,LAO,7559008.0,54953902901.0,76.136,23.864,237.27,0.157,0.0,75.901,51.04,-13.727000000000004,0.7613599999999999,0.23864000000000002,0.1815767723766377,0.40058071155542485,72.15089136391542,Emerging Improver
Laos,2023,LAO,7665001.0,,76.711,23.289,232.12,0.153,0.0,76.482,52.3,-13.152000000000001,0.76711,0.23289,0.1776356067099302,0.40410295991375084,72.647254230958,Emerging Improver
Laos,2024,LAO,7769823.0,,76.716,23.284,232.08,0.172,0.0,76.467,52.31,-13.147000000000006,0.76716,0.23284,0.17760499571446065,0.40413358816034495,72.65147892954366,Emerging Improver
Latvia,2000,LVA,2368320.0,26727290777.0,68.116,31.884,147.34,0.0,0.0,68.116,4.14,0.0,0.68116,0.31884,0.11275560181217094,0.48466749975497403,70.32072245102033,Emerging Improver
Latvia,2001,LVA,2338299.0,28242589693.0,66.276,33.724,147.54,0.0,0.0,66.276,4.27,-1.8400000000000034,0.66276,0.33724,0.1129086567895188,0.47339630500833085,69.04382815538699,Emerging Improver
Latvia,2002,LVA,2311358.0,30014856985.0,62.469,37.531,166.25,0.0,0.252,61.965,3.97,-5.6469999999999985,0.6246900000000001,0.37531,0.12722694992041142,0.4500759580515535,66.05186562276302,Emerging Improver
Latvia,2003,LVA,2288983.0,32298352002.0,58.942,41.058,171.29,0.0,1.259,57.179,3.97,-9.174,0.58942,0.41058,0.13108393534957757,0.4284707929040478,63.515163509821285,Emerging Improver
Latvia,2004,LVA,2264179.0,34720425840.0,68.23,31.77,136.46,0.0,1.066,66.311,4.69,0.11400000000000432,0.6823,0.3177,0.10442941104444717,0.4853658237773204,70.60775208054862,Emerging Improver
Latvia,2005,LVA,2239787.0,38143684659.0,69.512,30.488,130.08,0.0,1.016,67.683,4.92,1.3960000000000008,0.6951200000000001,0.30488,0.09954695726705033,0.4932189062040576,71.61680966138461,Emerging Improver
Latvia,2006,LVA,2219039.0,42361248688.0,57.055,42.945,171.78,0.0,1.022,55.215,4.89,-11.061,0.57055,0.42945,0.13145892004407983,0.4169116926394198,62.2002023884893,Emerging Improver
Latvia,2007,LVA,2200774.0,46228816935.0,59.244,40.756,163.87,0.0,1.05,57.353,4.76,-8.872,0.59244,0.40756000000000003,0.12540559568997184,0.43032073899833384,63.86607119272571,Emerging Improver
Latvia,2008,LVA,2177710.0,44217430207.0,60.911,39.089,157.5,0.0,1.139,59.013,5.27,-7.204999999999998,0.60911,0.39089,0.1205307946614424,0.44053219641281977,65.14131307965623,Emerging Improver
Latvia,2009,LVA,2142044.0,37590730012.0,63.914,36.086,147.22,0.0,0.898,62.118,5.57,-4.201999999999998,0.63914,0.36086,0.11266376882576222,0.45892752131725967,67.41571859911485,Emerging Improver
Latvia,2010,LVA,2097834.0,35881177042.0,54.902,45.098,179.49,0.0,0.754,53.092,6.63,-13.213999999999999,0.5490200000000001,0.45098,0.13735918942083997,0.40372316965598354,60.56306780931876,Emerging Improver
Latvia,2011,LVA,2059940.0,37869724459.0,50.575,49.425,197.04,0.0,1.149,47.455,6.09,-17.540999999999997,0.50575,0.49424999999999997,0.15078976368311497,0.3772174850534157,57.233518183723355,Mixed Performer
Latvia,2012,LVA,2034639.0,40536567235.0,66.613,33.387,145.87,0.0,1.783,60.13,6.17,-1.5030000000000001,0.66613,0.33387,0.11163064772866414,0.47546064882877587,69.30894353921502,Emerging Improver
Latvia,2013,LVA,2013004.0,41350512828.0,56.935,43.065,187.1,0.0,1.935,46.935,6.2,-11.180999999999997,0.56935,0.43065,0.14318293130892618,0.41617661472116046,61.824075938094246,Emerging Improver
Latvia,2014,LVA,1994153.0,42137028688.0,54.475,45.525,202.34,0.0,2.724,38.716,5.14,-13.640999999999998,0.5447500000000001,0.45525,0.15484572058283336,0.4011075173968441,59.830469746381844,Mixed Performer
Latvia,2015,LVA,1977874.0,43774190659.0,50.181,49.819,220.22,0.0,2.708,33.574,5.54,-17.935000000000002,0.50181,0.49819,0.16852883555773235,0.3748039792217975,56.51743879938365,Mixed Performer
Latvia,2016,LVA,1959863.0,44810998817.0,54.206,45.794,204.05,0.0,2.025,39.408,6.42,-13.909999999999997,0.5420600000000001,0.45793999999999996,0.1561543406391576,0.3994597177300794,59.61163724997226,Mixed Performer
Latvia,2017,LVA,1942599.0,46295495418.0,72.51,27.49,140.77,0.0,1.992,58.167,7.53,4.3940000000000055,0.7251000000000001,0.2749,0.10772774580629363,0.5115836028619034,73.48656039777121,Emerging Improver
Latvia,2018,LVA,1927586.0,48143398790.0,51.935,48.065,215.77,0.0,1.786,36.161,6.72,-16.180999999999997,0.51935,0.48064999999999997,0.16512336231174238,0.3855483681270215,57.81614146411176,Mixed Performer
Latvia,2019,LVA,1914267.0,49380620266.0,49.534,50.466,223.6,0.0,2.329,32.764,6.44,-18.582,0.49534,0.50466,0.17111546467491123,0.3708406841125159,56.00512364481496,Mixed Performer
Latvia,2020,LVA,1901119.0,48292861660.0,63.636,36.364,176.57,0.0,3.147,45.455,5.72,-4.479999999999997,0.63636,0.36363999999999996,0.13512458675156117,0.45722459080662553,66.66185419331036,Emerging Improver
Latvia,2021,LVA,1885593.0,50255494980.0,63.59,36.41,176.07,0.171,2.393,46.325,5.85,-4.525999999999996,0.6359,0.3641,0.1347419493081915,0.45694281093795946,66.6395934313646,Emerging Improver
Latvia,2022,LVA,1881059.0,51248480035.0,75.944,24.056,135.19,1.59,3.777,54.672,5.03,7.828000000000003,0.75944,0.24056000000000002,0.10345751193828823,0.532619082622758,75.96924844088416,Transition Leader
Latvia,2023,LVA,1882399.0,,77.743,22.257,119.12,3.762,4.232,59.404,6.38,9.626999999999995,0.77743,0.22257000000000002,0.09115954450838741,0.5436391257473292,77.52139827350024,Transition Leader
Latvia,2024,LVA,1871874.0,,73.46,26.54,134.28,8.531,4.423,50.711,6.33,5.343999999999994,0.7345999999999999,0.26539999999999997,0.10276111179135546,0.5174029697147897,74.26801675093795,Emerging Improver
Latvia,2025,LVA,1853560.0,,73.046,26.954,138.76,13.078,3.509,46.73,6.27,4.930000000000007,0.7304600000000001,0.26954,0.10618954328394759,0.5148669508967951,73.89586568135323,Emerging Improver
Lebanon,2000,LBN,4329345.0,25915975238.0,4.422,95.578,630.15,0.0,0.0,4.422,9.95,0.0,0.044219999999999995,0.9557800000000001,0.4822379698787804,0.48466749975497403,22.867263249355098,Transition Laggard
Lebanon,2001,LBN,4401923.0,27854825604.0,3.317,96.683,637.19,0.0,0.0,3.317,9.95,-1.1049999999999995,0.033170000000000005,0.9668300000000001,0.48762550508142527,0.47789865725766933,21.968042231829404,Transition Laggard
Lebanon,2002,LBN,4463505.0,29771684188.0,5.801,94.199,621.65,0.0,0.0,5.801,11.55,1.3790000000000004,0.058010000000000006,0.94199,0.47573313334149625,0.49311477016563754,23.98399321894716,Transition Laggard
Lebanon,2003,LBN,4525513.0,31778515559.0,10.441,89.559,591.65,0.0,0.0,10.441,12.93,6.019000000000001,0.10441,0.89559,0.45277488673931676,0.5215377830049985,27.768294576592055,Transition Laggard
Lebanon,2004,LBN,4599285.0,35314011356.0,9.703,90.297,597.03,0.0,0.0,9.703,11.44,5.281,0.09702999999999999,0.9029699999999999,0.45689206562997425,0.5170170538077036,27.154754166366203,Transition Laggard
Lebanon,2005,LBN,4671105.0,37512383718.0,8.866,91.134,601.02,0.0,0.0,8.866,11.73,4.444,0.08866,0.91134,0.45994551242806414,0.5118898853278447,26.499310469216063,Transition Laggard
Lebanon,2006,LBN,4751146.0,39442140692.0,6.09,93.91,619.59,0.0,0.0,6.09,11.33,1.6680000000000001,0.0609,0.9390999999999999,0.4741566670748133,0.4948850828187788,24.22335956541135,Transition Laggard
Lebanon,2007,LBN,4844119.0,44589675655.0,5.487,94.513,622.52,0.0,0.0,5.487,10.57,1.0650000000000004,0.05487,0.94513,0.47639892249295945,0.4911913162795256,23.7500966818689,Transition Laggard
Lebanon,2008,LBN,4925359.0,50361558474.0,2.972,97.028,639.36,0.0,0.0,2.972,12.45,-1.4499999999999997,0.02972,0.97028,0.4892861515856496,0.47578530824267373,21.687825833998865,Transition Laggard
Lebanon,2009,LBN,4992295.0,57304677732.0,4.777,95.223,626.35,0.0,0.0,4.777,12.98,0.3550000000000004,0.04777,0.95223,0.47932992530917107,0.4868421052631579,23.185583446218093,Transition Laggard
Lebanon,2010,LBN,5041290.0,64006241939.0,5.283,94.717,619.99,0.0,0.0,5.283,15.71,0.8610000000000007,0.05283,0.94717,0.474462777029509,0.48994168381848474,23.657355831539544,Transition Laggard
Lebanon,2011,LBN,5096018.0,66782067583.0,4.908,95.092,626.99,0.0,0.0,4.908,16.3,0.48600000000000065,0.049080000000000006,0.95092,0.4798197012366842,0.48764456532392436,23.26397594894176,Transition Laggard
Lebanon,2012,LBN,5235742.0,68494363923.0,6.075,93.925,619.08,0.0,0.0,6.075,16.46,1.6530000000000005,0.060750000000000005,0.93925,0.4737663768825763,0.49479319807899635,24.222738549120535,Transition Laggard
Lebanon,2013,LBN,5743441.0,71116324024.0,6.702,93.298,615.43,0.0,0.0,6.702,18.8,2.2800000000000002,0.06702,0.93298,0.4709731235459777,0.4986339802019014,24.72638161437908,Transition Laggard
Lebanon,2014,LBN,6346993.0,72883563855.0,1.169,98.831,650.53,0.056,0.056,1.057,17.97,-3.2529999999999997,0.01169,0.98831,0.4978342720705277,0.4647407625208272,20.22665463604921,Transition Laggard
Lebanon,2015,LBN,6472470.0,73219558993.0,2.682,97.318,641.09,0.107,0.054,2.521,18.64,-1.7399999999999998,0.02682,0.97318,0.4906100771397086,0.4740088699402137,21.45408112061049,Transition Laggard
Lebanon,2016,LBN,6323061.0,74358860056.0,2.215,97.785,644.0,0.206,0.052,1.958,19.41,-2.207,0.02215,0.97785,0.49283702706012,0.47114819170832106,21.075297199121813,Transition Laggard
Lebanon,2017,LBN,6160129.0,75030320802.0,2.259,97.741,643.77,0.282,0.047,1.929,21.25,-2.163,0.02259,0.97741,0.49266101383616995,0.4714177202783495,21.110140458270994,Transition Laggard
Lebanon,2018,LBN,5984120.0,73615988520.0,2.209,97.791,644.27,0.423,0.047,1.598,21.28,-2.2129999999999996,0.022090000000000002,0.97791,0.4930436512795396,0.4711114378124081,21.065980285197632,Transition Laggard
Lebanon,2019,LBN,5794601.0,68525451094.0,5.188,94.812,625.75,0.556,0.046,4.447,21.59,0.766,0.051879999999999996,0.94812,0.47887076037712745,0.48935974713319613,23.481427197569758,Transition Laggard
Lebanon,2020,LBN,5702400.0,50772560784.0,6.74,93.26,615.89,0.767,0.055,5.753,18.25,2.3180000000000005,0.0674,0.9326000000000001,0.4713251499938778,0.49886675487601684,24.743872573293306,Transition Laggard
Lebanon,2021,LBN,5718129.0,50772615264.0,9.284,90.716,599.61,2.998,0.097,5.899,10.34,4.862000000000001,0.09284,0.90716,0.4588664748377617,0.5144504067431148,26.81549423020268,Transition Laggard
Lebanon,2022,LBN,5744492.0,48741710654.0,45.538,54.462,379.86,28.833,0.229,15.789,4.37,41.116,0.45537999999999995,0.54462,0.29069731847679686,0.7365296971478976,56.10331249529854,Mixed Performer
Lebanon,2023,LBN,5773494.0,,34.076,65.924,449.05,22.293,0.159,11.146,6.28,29.654,0.34076,0.65924,0.3436466878902902,0.6663175046554934,46.84919537257514,Mixed Performer
Lebanon,2024,LBN,5805962.0,,43.82,56.18,389.51,29.963,0.187,13.109,5.34,39.398,0.43820000000000003,0.5618,0.29808222113383126,0.7260058316181516,54.73003194592649,Mixed Performer
Lesotho,2000,LSO,2003919.0,3769602063.0,100.0,0.0,34.48,0.0,0.0,100.0,0.29,0.0,1.0,0.0,0.02638667809477164,0.48466749975497403,91.61034554395532,Transition Leader
Lesotho,2001,LSO,2000859.0,3838921434.0,100.0,0.0,35.71,0.0,0.0,100.0,0.28,0.0,1.0,0.0,0.027327966205461,0.48466749975497403,91.58681334118808,Transition Leader
Lesotho,2002,LSO,1994686.0,3773087839.0,100.0,0.0,32.26,0.0,0.0,100.0,0.31,0.0,1.0,0.0,0.024687767846210358,0.48466749975497403,91.65281830016934,Transition Leader
Lesotho,2003,LSO,1985060.0,3857951274.0,100.0,0.0,31.25,0.0,0.0,100.0,0.32,0.0,1.0,0.0,0.02391484021060365,0.48466749975497403,91.6721414910595,Transition Leader
Lesotho,2004,LSO,1971130.0,3857815847.0,100.0,0.0,33.33,0.0,0.0,100.0,0.3,0.0,1.0,0.0,0.025506611975021427,0.48466749975497403,91.63234719694907,Transition Leader
Lesotho,2005,LSO,1953080.0,3870538474.0,100.0,0.0,21.74,0.0,0.0,100.0,0.46,0.0,1.0,0.0,0.016637076037712747,0.48466749975497403,91.85408559538179,Transition Leader
Lesotho,2006,LSO,1945066.0,3946096482.0,100.0,0.0,19.23,0.0,0.0,100.0,0.52,0.0,1.0,0.0,0.014716236071997062,0.48466749975497403,91.90210659452468,Transition Leader
Lesotho,2007,LSO,1953273.0,4038812448.0,100.0,0.0,18.18,0.0,0.0,100.0,0.55,0.0,1.0,0.0,0.013912697440920779,0.48466749975497403,91.92219506030158,Transition Leader
Lesotho,2008,LSO,1966547.0,4170596962.0,100.0,0.0,17.24,0.0,0.0,100.0,0.58,0.0,1.0,0.0,0.01319333904738582,0.48466749975497403,91.94017902013995,Transition Leader
Lesotho,2009,LSO,1980884.0,4214040389.0,100.0,0.0,30.77,0.0,0.0,100.0,0.65,0.0,1.0,0.0,0.023547508264968778,0.48466749975497403,91.68132478970038,Transition Leader
Lesotho,2010,LSO,1996256.0,4442653593.0,100.0,0.0,28.99,0.0,0.0,100.0,0.69,0.0,1.0,0.0,0.022185318966572793,0.48466749975497403,91.71537952216028,Transition Leader
Lesotho,2011,LSO,2014015.0,4516050000.0,100.0,0.0,20.41,0.0,0.0,100.0,0.49,0.0,1.0,0.0,0.015619260438349455,0.48466749975497403,91.87953098536586,Transition Leader
Lesotho,2012,LSO,2034363.0,4740080000.0,100.0,0.0,20.41,0.0,0.0,100.0,0.49,0.0,1.0,0.0,0.015619260438349455,0.48466749975497403,91.87953098536586,Transition Leader
Lesotho,2013,LSO,2056509.0,4954224000.0,100.0,0.0,19.61,0.0,0.0,100.0,0.51,0.0,1.0,0.0,0.015007040528958002,0.48466749975497403,91.89483648310065,Transition Leader
Lesotho,2014,LSO,2080091.0,5134648000.0,100.0,0.0,19.23,0.0,0.0,100.0,0.52,0.0,1.0,0.0,0.014716236071997062,0.48466749975497403,91.90210659452468,Transition Leader
Lesotho,2015,LSO,2104614.0,5279080000.0,100.0,0.0,18.87,0.0,0.0,100.0,0.53,0.0,1.0,0.0,0.014440737112770908,0.48466749975497403,91.90899406850534,Transition Leader
Lesotho,2016,LSO,2130424.0,5418793037.0,100.0,0.0,19.23,0.0,0.0,100.0,0.52,0.0,1.0,0.0,0.014716236071997062,0.48466749975497403,91.90210659452468,Transition Leader
Lesotho,2017,LSO,2157117.0,5197453242.0,100.0,0.0,18.52,0.0,0.0,100.0,0.54,0.0,1.0,0.0,0.014172890902412145,0.48466749975497403,91.9156902237643,Transition Leader
Lesotho,2018,LSO,2183611.0,5068079163.0,100.0,0.0,19.23,0.0,0.0,100.0,0.52,0.0,1.0,0.0,0.014716236071997062,0.48466749975497403,91.90210659452468,Transition Leader
Lesotho,2019,LSO,2209414.0,4996214053.0,100.0,0.0,25.64,0.0,0.0,100.0,0.39,0.0,1.0,0.0,0.01962164809599608,0.48466749975497403,91.77947129392471,Transition Leader
Lesotho,2020,LSO,2235727.0,4623560803.0,100.0,0.0,23.26,0.0,0.0,100.0,0.43,0.0,1.0,0.0,0.01780029386555651,0.48466749975497403,91.8250051496857,Transition Leader
Lesotho,2021,LSO,2261549.0,4709220668.0,100.0,0.0,18.87,0.0,0.0,100.0,0.53,0.0,1.0,0.0,0.014440737112770908,0.48466749975497403,91.90899406850534,Transition Leader
Lesotho,2022,LSO,2286112.0,4761723180.0,100.0,0.0,20.83,0.0,0.0,100.0,0.48,0.0,1.0,0.0,0.01594067589077997,0.48466749975497403,91.87149559905511,Transition Leader
Liberia,2000,LBR,2928117.0,2767093377.0,0.0,100.0,650.0,0.0,0.0,0.0,0.2,0.0,0.0,1.0,0.4974286763805559,0.48466749975497403,19.83429558681071,Transition Laggard
Liberia,2001,LBR,3015343.0,3200677181.0,0.0,100.0,650.0,0.0,0.0,0.0,0.2,0.0,0.0,1.0,0.4974286763805559,0.48466749975497403,19.83429558681071,Transition Laggard
Liberia,2002,LBR,3094793.0,3998735673.0,0.0,100.0,650.0,0.0,0.0,0.0,0.2,0.0,0.0,1.0,0.4974286763805559,0.48466749975497403,19.83429558681071,Transition Laggard
Liberia,2003,LBR,3119534.0,2541250362.0,0.0,100.0,650.0,0.0,0.0,0.0,0.2,0.0,0.0,1.0,0.4974286763805559,0.48466749975497403,19.83429558681071,Transition Laggard
Liberia,2004,LBR,3156893.0,2286431759.0,0.0,100.0,650.0,0.0,0.0,0.0,0.2,0.0,0.0,1.0,0.4974286763805559,0.48466749975497403,19.83429558681071,Transition Laggard
Liberia,2005,LBR,3301016.0,2369891568.0,0.0,100.0,650.0,0.0,0.0,0.0,0.2,0.0,0.0,1.0,0.4974286763805559,0.48466749975497403,19.83429558681071,Transition Laggard
Liberia,2006,LBR,3490792.0,2547129019.0,0.0,100.0,650.0,0.0,0.0,0.0,0.2,0.0,0.0,1.0,0.4974286763805559,0.48466749975497403,19.83429558681071,Transition Laggard
Liberia,2007,LBR,3669050.0,2664910191.0,0.0,100.0,640.0,0.0,0.0,0.0,0.25,0.0,0.0,1.0,0.48977592751316273,0.48466749975497403,20.02561430849554,Transition Laggard
Liberia,2008,LBR,3821006.0,2922602346.0,0.0,100.0,640.0,0.0,0.0,0.0,0.25,0.0,0.0,1.0,0.48977592751316273,0.48466749975497403,20.02561430849554,Transition Laggard
Liberia,2009,LBR,3943035.0,3108980113.0,0.0,100.0,640.0,0.0,0.0,0.0,0.25,0.0,0.0,1.0,0.48977592751316273,0.48466749975497403,20.02561430849554,Transition Laggard
Liberia,2010,LBR,4058897.0,3260614939.0,0.0,100.0,640.0,0.0,0.0,0.0,0.25,0.0,0.0,1.0,0.48977592751316273,0.48466749975497403,20.02561430849554,Transition Laggard
Liberia,2011,LBR,4221177.0,3266880000.0,0.0,100.0,666.67,0.0,0.0,0.0,0.3,0.0,0.0,1.0,0.5101858087425003,0.48466749975497403,19.515367277762103,Transition Laggard
Liberia,2012,LBR,4373046.0,3532273000.0,0.0,100.0,666.67,0.0,0.0,0.0,0.3,0.0,0.0,1.0,0.5101858087425003,0.48466749975497403,19.515367277762103,Transition Laggard
Liberia,2013,LBR,4470246.0,3819600000.0,0.0,100.0,666.67,0.0,0.0,0.0,0.3,0.0,0.0,1.0,0.5101858087425003,0.48466749975497403,19.515367277762103,Transition Laggard
Liberia,2014,LBR,4564299.0,3843632000.0,0.0,100.0,666.67,0.0,0.0,0.0,0.3,0.0,0.0,1.0,0.5101858087425003,0.48466749975497403,19.515367277762103,Transition Laggard
Liberia,2015,LBR,4659436.0,3857900000.0,0.0,100.0,645.16,0.0,0.0,0.0,0.31,0.0,0.0,1.0,0.4937247459287376,0.48466749975497403,19.926893848106168,Transition Laggard
Liberia,2016,LBR,4755607.0,3859976097.0,0.0,100.0,666.67,0.0,0.0,0.0,0.3,0.0,0.0,1.0,0.5101858087425003,0.48466749975497403,19.515367277762103,Transition Laggard
Liberia,2017,LBR,4848927.0,3977674130.0,0.0,100.0,657.14,0.0,0.0,0.0,0.35,0.0,0.0,1.0,0.5028927390718746,0.48466749975497403,19.697694019527745,Transition Laggard
Liberia,2018,LBR,4944728.0,4051631897.0,31.707,68.293,439.02,0.0,0.0,31.707,0.41,31.707,0.31707,0.68293,0.33597098077629484,0.678893462707047,45.808327421198335,Mixed Performer
Liberia,2019,LBR,5043719.0,3959325948.0,30.952,69.048,452.38,0.0,0.0,30.952,0.42,30.952,0.30952,0.69048,0.3461950532631321,0.674268597471332,45.03035263049168,Mixed Performer
Liberia,2020,LBR,5149470.0,3845664451.0,28.889,71.111,466.67,0.0,0.0,28.889,0.45,28.889,0.28889,0.71111,0.35713083139463697,0.6616313829265903,43.32959995903293,Mixed Performer
Liberia,2021,LBR,5259327.0,4037436536.0,34.211,65.789,421.05,0.0,0.0,34.211,0.38,34.211,0.34210999999999997,0.65789,0.32221899106158935,0.6942320886013917,47.88460655248114,Mixed Performer
Liberia,2022,LBR,5373297.0,4231561135.0,33.333,66.667,435.9,0.0,0.0,33.333,0.39,33.333,0.33333,0.66667,0.33358332312966815,0.6888537684994609,46.99302344925021,Mixed Performer
Liberia,2023,LBR,5493035.0,,57.377,42.623,295.08,0.0,0.0,57.377,0.61,57.377,0.57377,0.42623,0.2258173135790376,0.8361388807213566,66.3228503713444,Emerging Improver
Liberia,2024,LBR,5612813.0,,54.386,45.614,315.79,1.754,0.0,52.632,0.57,54.386,0.54386,0.45614,0.24166615648340886,0.8178170636087425,63.85720204204593,Emerging Improver
Libya,2000,LBY,5305020.0,49983450587.0,0.0,100.0,707.74,0.0,0.0,0.0,15.5,0.0,0.0,1.0,0.541615648340884,0.48466749975497403,18.72962128780251,Transition Laggard
Libya,2001,LBY,5403639.0,54225701449.0,0.0,100.0,707.64,0.0,0.0,0.0,16.11,0.0,0.0,1.0,0.5415391208522101,0.48466749975497403,18.731534475019355,Transition Laggard
Libya,2002,LBY,5508412.0,57785797189.0,0.0,100.0,705.65,0.0,0.0,0.0,17.53,0.0,0.0,1.0,0.5400162238275988,0.48466749975497403,18.76960690063464,Transition Laggard
Libya,2003,LBY,5619405.0,70475273789.0,0.0,100.0,704.49,0.0,0.0,0.0,18.95,0.0,0.0,1.0,0.5391285049589812,0.48466749975497403,18.79179987235008,Transition Laggard
Libya,2004,LBY,5736696.0,79415538130.0,0.0,100.0,700.99,0.0,0.0,0.0,20.2,0.0,0.0,1.0,0.5364500428553937,0.48466749975497403,18.858761424939768,Transition Laggard
Libya,2005,LBY,5858793.0,94523140632.0,0.0,100.0,718.64,0.0,0.0,0.0,22.32,0.0,0.0,1.0,0.5499571446063426,0.48466749975497403,18.521083881166046,Transition Laggard
Libya,2006,LBY,5980212.0,108872914713.0,0.0,100.0,747.88,0.0,0.0,0.0,24.75,0.0,0.0,1.0,0.5723337822946002,0.48466749975497403,17.961667938959604,Transition Laggard
Libya,2007,LBY,6104381.0,123716329182.0,0.0,100.0,757.91,0.0,0.0,0.0,26.23,0.0,0.0,1.0,0.5800094894085955,0.48466749975497403,17.76977526110972,Transition Laggard
Libya,2008,LBY,6235433.0,153726726038.0,0.0,100.0,750.96,0.0,0.0,0.0,28.67,0.0,0.0,1.0,0.5746908289457574,0.48466749975497403,17.902741772680674,Transition Laggard
Libya,2009,LBY,6366689.0,165559661154.0,0.0,100.0,746.87,0.0,0.0,0.0,30.38,0.0,0.0,1.0,0.5715608546589935,0.48466749975497403,17.980991129849773,Transition Laggard
Libya,2010,LBY,6497837.0,187528533215.0,0.031,99.969,764.44,0.031,0.0,0.0,32.56,0.031,0.00031,0.99969,0.5850067344190033,0.4848573948838577,17.666292562782782,Transition Laggard
Libya,2011,LBY,6343210.0,79210078190.0,0.038,99.962,793.54,0.038,0.0,0.0,26.01,0.038,0.00038,0.9996200000000001,0.6072762336231174,0.4849002744290895,17.114398275858406,Transition Laggard
Libya,2012,LBY,6179327.0,147985814988.0,0.029,99.971,794.98,0.029,0.0,0.0,34.29,0.029,0.00029,0.9997100000000001,0.6083782294600221,0.48484514358522,17.080621417277747,Transition Laggard
Libya,2013,LBY,6304636.0,121351322417.0,0.026,99.974,790.14,0.026,0.0,0.0,37.93,0.026,0.00026,0.9997400000000001,0.6046742990082038,0.48482676663726354,17.171144024353858,Transition Laggard
Libya,2014,LBY,6427260.0,93388346336.0,0.027,99.974,779.75,0.027,0.0,0.0,37.73,0.027,0.00027,0.9997400000000001,0.5967230929349823,0.4848328922865824,17.370366060924177,Transition Laggard
Libya,2015,LBY,6531825.0,92601079752.0,0.027,99.973,780.33,0.027,0.0,0.0,37.51,0.027,0.00027,0.99973,0.5971669523692911,0.4848328922865824,17.359519575066457,Transition Laggard
Libya,2016,LBY,6632130.0,91220396354.0,0.032,99.968,822.72,0.032,0.0,0.0,31.42,0.032,0.00032,0.99968,0.6296069548181707,0.4848635205331765,16.551978937543378,Transition Laggard
Libya,2017,LBY,6738771.0,120859728232.0,0.03,99.97,813.4,0.03,0.0,0.0,33.28,0.03,0.0003,0.9997,0.6224745928737603,0.48485126923453886,16.728904216674074,Transition Laggard
Libya,2018,LBY,6849058.0,130457185445.0,0.029,99.971,806.61,0.029,0.0,0.0,34.18,0.029,0.00029,0.9997100000000001,0.6172783763928004,0.48484514358522,16.85811774395829,Transition Laggard
Libya,2019,LBY,6951040.0,115851209708.0,0.029,99.971,809.99,0.029,0.0,0.0,34.63,0.029,0.00029,0.9997100000000001,0.6198650055099792,0.48484514358522,16.793452016028816,Transition Laggard
Libya,2020,LBY,7045403.0,81726075633.0,0.034,99.966,824.07,0.034,0.0,0.0,29.5,0.034,0.00034,0.99966,0.6306400759152688,0.4848757718318142,16.52753467959549,Transition Laggard
Libya,2021,LBY,7135179.0,104883157614.0,0.029,99.971,831.56,0.029,0.0,0.0,34.79,0.029,0.00029,0.9997100000000001,0.6363719848169462,0.48484514358522,16.38077753335464,Transition Laggard
Libya,2022,LBY,7223804.0,91444480945.0,0.028,99.972,830.53,0.028,0.0,0.0,35.11,0.028,0.00028000000000000003,0.9997199999999999,0.6355837516836047,0.48483901793590123,16.3997914769484,Transition Laggard
Libya,2023,LBY,7305659.0,,0.03,99.97,825.19,0.03,0.0,0.0,33.75,0.03,0.0003,0.9997,0.6314971837884168,0.48485126923453886,16.50333944380766,Transition Laggard
Libya,2024,LBY,7381029.0,,0.029,99.971,826.83,0.029,0.0,0.0,34.59,0.029,0.00029,0.9997100000000001,0.6327522346026693,0.48484514358522,16.471271288711563,Transition Laggard
Lithuania,2000,LTU,3500410.0,36684799266.0,3.055,21.294,103.32,0.0,,3.055,11.13,0.0,0.03055,0.21294000000000002,0.0790682012979062,0.48466749975497403,51.039057463876944,Mixed Performer
Lithuania,2001,LTU,3473008.0,39077069410.0,2.298,18.593,89.83,0.0,,2.298,14.36,-0.7570000000000001,0.02298,0.18593,0.06874464307579282,0.4800303832206214,51.63788967141449,Mixed Performer
Lithuania,2002,LTU,3444051.0,41716677051.0,2.024,16.194,76.92,0.0,,2.024,17.29,-1.0310000000000001,0.02024,0.16194,0.05886494428798825,0.47835195530726254,52.36355572240924,Mixed Performer
Lithuania,2003,LTU,3415276.0,46106059871.0,1.753,15.994,71.73,0.0,,1.7,18.82,-1.3020000000000003,0.01753,0.15994,0.054893167625811194,0.47669190434186026,52.393099374482624,Mixed Performer
Lithuania,2004,LTU,3376703.0,49123583277.0,2.293,17.173,77.33,0.0,0.0,2.24,18.75,-0.762,0.022930000000000002,0.17173,0.059178706991551366,0.47999975497402725,52.22982864982162,Mixed Performer
Lithuania,2005,LTU,3322264.0,52913078254.0,3.19,25.104,110.26,0.0,0.0,3.121,14.42,0.1349999999999998,0.0319,0.25104,0.08437920901187707,0.4854944624130158,50.013436710898304,Mixed Performer
Lithuania,2006,LTU,3269809.0,56827410871.0,3.563,24.772,110.19,0.0,0.083,3.314,12.07,0.508,0.03563,0.24772,0.08432563976980531,0.48777932960893855,50.26259894988895,Mixed Performer
Lithuania,2007,LTU,3231378.0,63122228308.0,4.309,22.66,104.76,0.0,0.817,3.12,13.46,1.254,0.04309,0.2266,0.08017019713481083,0.4923490640007841,51.2241310316415,Mixed Performer
Lithuania,2008,LTU,3198482.0,64776249050.0,4.501,21.305,103.53,0.0,0.975,3.001,13.33,1.4460000000000002,0.04501,0.21305,0.07922890902412147,0.493525188669999,51.67125510444694,Mixed Performer
Lithuania,2009,LTU,3163255.0,55174536683.0,4.645,21.243,104.51,0.0,1.093,2.869,14.64,1.5899999999999994,0.04645,0.21242999999999998,0.079978878413126,0.4944072821719102,51.731637272250495,Mixed Performer
Lithuania,2010,LTU,3097721.0,56073777524.0,18.2,81.8,368.0,0.0,4.4,10.8,5.0,15.145,0.182,0.818,0.28162115832006857,0.577440458688621,37.5410779223276,Transition Laggard
Lithuania,2011,LTU,3028642.0,59460372771.0,26.118,73.882,322.35,0.0,11.059,11.294,4.25,23.063,0.26117999999999997,0.73882,0.24668635974041878,0.6259433499950995,43.89279125641602,Mixed Performer
Lithuania,2012,LTU,2988334.0,61745948022.0,26.222,73.778,322.22,0.0,12.0,9.333,4.5,23.167,0.26222,0.7377800000000001,0.24658687400514268,0.6265804175242575,43.96723441273529,Mixed Performer
Lithuania,2013,LTU,2958359.0,63937849304.0,36.516,63.484,293.56,1.193,14.32,12.411,4.19,33.461,0.36516,0.6348400000000001,0.22465409575119383,0.6896378516122709,51.63781538040422,Mixed Performer
Lithuania,2014,LTU,2933171.0,66199372603.0,40.921,59.079,284.55,1.897,17.344,10.84,3.69,37.866,0.40921,0.59079,0.2177589690216726,0.7166213368617074,54.8579458273838,Mixed Performer
Lithuania,2015,LTU,2905771.0,67539660018.0,39.716,60.284,295.51,1.655,19.149,8.274,4.23,36.661,0.39716,0.60284,0.2261463817803355,0.7092399294325199,53.81453939697941,Mixed Performer
Lithuania,2016,LTU,2869109.0,69240911932.0,57.851,42.149,234.16,1.928,31.405,12.397,3.63,54.796,0.57851,0.42149000000000003,0.17919676747887842,0.820328579829462,67.53560951046997,Emerging Improver
Lithuania,2017,LTU,2829317.0,72206131673.0,71.067,28.933,182.58,1.966,38.202,16.854,3.56,68.01199999999999,0.7106699999999999,0.28933000000000003,0.13972388882086448,0.90128516122709,77.66638019788473,Transition Leader
Lithuania,2018,LTU,2802485.0,75089601435.0,75.342,24.658,178.08,3.082,39.041,14.726,2.92,72.28699999999999,0.75342,0.24658000000000002,0.13628015183053754,0.9274723120650789,80.71028088521275,Transition Leader
Lithuania,2019,LTU,2795057.0,78562641002.0,73.952,26.048,170.66,2.695,44.91,10.479,3.34,70.89699999999999,0.73952,0.26048,0.1306018121709318,0.9189576595119082,79.89051958840531,Transition Leader
Lithuania,2020,LTU,2795766.0,78545278418.0,54.681,45.319,231.92,2.766,32.979,6.383,4.7,51.626,0.54681,0.45319000000000004,0.17748255173258234,0.8009102714887778,65.38519027901711,Emerging Improver
Lithuania,2021,LTU,2794490.0,83242845981.0,60.93,39.07,220.93,4.419,31.628,8.837,4.3,57.875,0.6093000000000001,0.3907,0.16907218072731725,0.8391894540821327,69.91903729304906,Emerging Improver
Lithuania,2022,LTU,2816923.0,84814257826.0,74.752,25.248,180.69,8.416,37.376,11.386,4.04,71.69699999999999,0.74752,0.25248000000000004,0.13827751928492715,0.9238581789669704,80.25213470238137,Transition Leader
Lithuania,2023,LTU,2854104.0,,83.774,16.226,118.87,13.019,47.925,8.491,5.3,80.719,0.83774,0.16226,0.09096822578670259,0.9791237871214349,87.67705116215396,Transition Leader
Lithuania,2024,LTU,2859112.0,,84.303,15.697,116.37,18.945,46.143,5.954,7.39,81.24799999999999,0.84303,0.15697,0.08905503856985429,0.9823642556110947,88.09088786992005,Transition Leader
Lithuania,2025,LTU,2830150.0,,77.615,22.385,138.36,18.785,44.882,3.937,8.89,74.55999999999999,0.77615,0.22385000000000002,0.10588343332925187,0.9413959129667744,83.0428528612703,Transition Leader
Luxembourg,2000,LUX,436142.0,21937467256.0,40.0,60.0,225.0,0.0,5.0,30.0,0.4,0.0,0.4,0.6,0.17218684951634627,0.48466749975497403,51.965341258415954,Mixed Performer
Luxembourg,2001,LUX,441754.0,22387796714.0,19.54,80.46,287.36,0.0,2.299,13.793,0.87,-20.46,0.1954,0.8046,0.21990939145341007,0.3593367146917573,36.61631593404111,Transition Laggard
Luxembourg,2002,LUX,446392.0,23160273686.0,5.357,94.643,317.86,0.0,0.714,3.571,2.8,-34.643,0.053570000000000007,0.94643,0.24325027549895925,0.2724566304028227,26.219792568568355,Transition Laggard
Luxembourg,2003,LUX,451845.0,23454191347.0,5.018,94.982,319.0,0.0,1.075,2.867,2.79,-34.982,0.05018,0.94982,0.24412268886984206,0.2703800352837401,25.96343330751005,Transition Laggard
Luxembourg,2004,LUX,458305.0,24195538088.0,5.638,94.362,314.54,0.297,1.187,2.967,3.37,-34.362,0.05638,0.94362,0.2407095628749847,0.2741779378614133,26.477729996046584,Transition Laggard
Luxembourg,2005,LUX,465369.0,24872864640.0,6.269,93.731,313.43,0.597,1.493,2.687,3.35,-33.731,0.06269,0.93731,0.23986010775070407,0.27804322258159364,26.935545644956306,Transition Laggard
Luxembourg,2006,LUX,472869.0,26045643731.0,7.062,92.938,313.56,0.565,1.695,3.107,3.54,-32.938,0.07062,0.9293800000000001,0.23995959348598017,0.2829008624914241,27.481723100221856,Transition Laggard
Luxembourg,2007,LUX,480277.0,28135947926.0,8.15,91.85,310.35,0.627,1.881,3.762,3.19,-31.85,0.0815,0.9185,0.23750306109954697,0.2895655689503087,28.295907006765958,Transition Laggard
Luxembourg,2008,LUX,488995.0,27660465282.0,10.294,89.706,308.82,0.735,2.206,4.779,2.72,-29.706,0.10294,0.8970600000000001,0.2363321905228358,0.3026989610898755,29.808579653277235,Transition Laggard
Luxembourg,2009,LUX,498196.0,26344603078.0,8.571,91.429,311.11,0.635,1.905,3.492,3.15,-31.429000000000002,0.08571,0.91429,0.23808467001346886,0.2921444673135352,28.572650259366306,Transition Laggard
Luxembourg,2010,LUX,507418.0,27526699944.0,8.333,91.667,311.73,0.617,1.852,3.395,3.24,-31.667,0.08333,0.91667,0.23855914044324722,0.2906865627756542,28.39611993055363,Transition Laggard
Luxembourg,2011,LUX,518583.0,28143126706.0,9.091,90.909,314.39,1.136,2.273,2.273,2.64,-30.909,0.09090999999999999,0.9090900000000001,0.2405947716419738,0.2953298049593257,28.869677783340535,Transition Laggard
Luxembourg,2012,LUX,530951.0,28607408843.0,11.232,88.768,304.35,1.449,2.899,3.623,2.76,-28.768,0.11231999999999999,0.88768,0.23291141177911107,0.308444820150936,30.54308700778626,Transition Laggard
Luxembourg,2013,LUX,543358.0,29514812514.0,19.565,80.435,288.04,3.804,4.348,6.522,1.84,-20.435,0.19565000000000002,0.80435,0.22042977837639283,0.35948985592472804,36.620603379461095,Transition Laggard
Luxembourg,2014,LUX,556285.0,30289014849.0,20.942,79.058,287.96,4.712,4.188,5.759,1.91,-19.058,0.20942,0.7905800000000001,0.22036855638545363,0.36792487503675386,37.57485921591497,Transition Laggard
Luxembourg,2015,LUX,569540.0,30976491415.0,32.09,67.91,268.66,7.463,7.463,7.463,1.34,-7.909999999999997,0.3209,0.6790999999999999,0.20559875107138487,0.43621361364304617,45.657235427861075,Mixed Performer
Luxembourg,2016,LUX,583511.0,32518554202.0,58.228,41.772,215.19,12.658,12.658,15.19,0.79,18.228,0.58228,0.41772,0.16467950287743358,0.5963258355385671,64.76469996114267,Emerging Improver
Luxembourg,2017,LUX,596506.0,32946911821.0,66.667,33.333,188.89,12.222,25.556,10.0,0.9,26.667,0.66667,0.33333,0.14455277335618955,0.6480201901401549,71.10668351819757,Emerging Improver
Luxembourg,2018,LUX,608109.0,33348602359.0,70.833,29.167,187.5,12.5,26.042,9.375,0.96,30.833,0.70833,0.29167000000000004,0.14348904126362189,0.6735396452023914,74.01566864644533,Emerging Improver
Luxembourg,2019,LUX,620167.0,34122291521.0,74.766,25.234,168.22,12.15,26.168,10.28,1.07,34.766000000000005,0.7476600000000001,0.25234,0.12873454144728785,0.6976318239733412,77.10571382341793,Transition Leader
Luxembourg,2020,LUX,630597.0,33850190319.0,79.508,20.492,163.93,13.115,28.689,7.377,1.22,39.507999999999996,0.79508,0.20492000000000002,0.1254515121831762,0.7266796530432226,80.46870699106894,Transition Leader
Luxembourg,2021,LUX,640276.0,35577396523.0,80.488,19.512,162.6,14.634,25.203,8.943,1.23,40.488,0.80488,0.19512000000000002,0.1244336965838129,0.7326827893756738,81.1721994260398,Transition Leader
Luxembourg,2022,LUX,653315.0,36128358732.0,85.95,14.05,140.5,23.14,25.62,4.959,1.21,45.95,0.8595,0.1405,0.107521121586874,0.7661410859551112,85.37408824965482,Transition Leader
Luxembourg,2023,LUX,665101.0,,89.362,10.638,120.57,20.567,35.461,6.383,1.41,49.361999999999995,0.89362,0.10638,0.09226919309415942,0.7870418014309517,88.11609719411028,Transition Leader
Luxembourg,2024,LUX,673042.0,,90.728,9.272,132.45,23.841,30.464,7.285,1.51,50.727999999999994,0.90728,0.09272000000000001,0.1013606587486225,0.7954094384004704,88.83392510729149,Transition Leader
Luxembourg,2025,LUX,680454.0,,91.558,8.442,123.38,30.519,30.519,3.247,1.54,51.55800000000001,0.9155800000000001,0.08442000000000001,0.0944196155258969,0.8004937273350976,89.58171552187903,Transition Leader
Macao,2000,MAC,437316.0,,0.0,100.0,656.05,0.0,0.0,0.0,1.57,0.0,0.0,1.0,0.5020585894453288,0.48466749975497403,19.71854776019139,Transition Laggard
Macao,2001,MAC,445121.0,,3.822,96.178,636.94,0.0,0.0,0.0,1.57,3.822,0.038220000000000004,0.96178,0.48743418635974045,0.5080797314515338,22.728541312779498,Transition Laggard
Macao,2002,MAC,456026.0,,4.118,95.882,641.18,0.0,0.0,0.0,1.7,4.118,0.04118,0.9588200000000001,0.4906789518795151,0.5098929236499069,22.85222005776072,Transition Laggard
Macao,2003,MAC,469062.0,,8.333,91.667,622.22,0.0,0.0,0.0,1.8,8.333,0.08333,0.91667,0.4761693400269377,0.5357125355287661,26.131254532258048,Transition Laggard
Macao,2004,MAC,482209.0,,7.614,92.386,624.37,0.0,0.0,0.0,1.97,7.614,0.07614,0.92386,0.4778146810334272,0.5313081936685289,25.592655879192254,Transition Laggard
Macao,2005,MAC,495416.0,,7.882,92.118,620.69,0.0,0.0,0.0,2.03,7.882,0.07882,0.92118,0.47499846945022656,0.5329498676859747,25.848486279033956,Transition Laggard
Macao,2006,MAC,508752.0,,10.18,89.82,616.77,0.0,0.0,0.0,1.67,10.18,0.1018,0.8982,0.4719985918942084,0.547026609820641,27.5134343499544,Transition Laggard
Macao,2007,MAC,522281.0,,11.184,88.816,611.84,0.0,0.0,0.0,1.52,11.184,0.11184,0.8881600000000001,0.4682257867025836,0.5531767617367441,28.30240675848657,Transition Laggard
Macao,2008,MAC,535935.0,,14.876,85.124,561.98,0.0,0.0,0.0,1.21,14.876,0.14876,0.85124,0.43006918084976126,0.5757926590218563,31.810760364083812,Transition Laggard
Macao,2009,MAC,549492.0,,12.329,87.671,582.19,0.0,0.0,0.0,1.46,12.329,0.12329000000000001,0.8767100000000001,0.4455353863107629,0.5601906302068019,29.661874795332956,Transition Laggard
Macao,2010,MAC,562809.0,,18.519,81.481,527.78,0.0,0.0,0.0,1.08,18.519,0.18519,0.8148099999999999,0.4038967797232766,0.598108399490346,34.98560649927328,Transition Laggard
Macao,2011,MAC,575644.0,,23.596,76.404,528.09,0.0,0.0,0.0,0.89,23.596,0.23596,0.7640399999999999,0.4041340149381658,0.6292083210820347,38.49237444277638,Transition Laggard
Macao,2012,MAC,587450.0,,41.071,58.929,482.14,0.0,0.0,0.0,0.56,41.071,0.41070999999999996,0.58929,0.36896963389249415,0.7362540429285505,51.462169796615896,Mixed Performer
Macao,2013,MAC,598752.0,,58.537,41.463,390.24,0.0,0.0,0.0,0.41,58.537,0.5853700000000001,0.41463,0.298640871801151,0.8432446339311968,65.30484771393917,Emerging Improver
Macao,2014,MAC,610308.0,,40.625,59.375,468.75,0.0,0.0,0.0,0.64,40.625,0.40625,0.59375,0.35872260315905474,0.7335220033323533,51.40976497100893,Mixed Performer
Macao,2015,MAC,622185.0,,21.053,78.947,557.9,0.0,0.0,0.0,0.95,21.053,0.21053000000000002,0.78947,0.4269468593118648,0.6136307948642556,36.162590440167214,Transition Laggard
Macao,2016,MAC,634317.0,,20.202,79.798,565.66,0.0,0.0,0.0,0.99,20.202,0.20202000000000003,0.79798,0.4328853924329619,0.6084178672939332,35.42533319858495,Transition Laggard
Macao,2017,MAC,646558.0,,14.286,85.714,564.63,0.0,0.0,0.0,1.47,14.286,0.14286,0.85714,0.43209715929962045,0.572178525923748,31.35184890636571,Transition Laggard
Macao,2018,MAC,658777.0,,27.692,72.308,507.69,0.0,0.0,0.0,0.65,27.692,0.27692,0.7230800000000001,0.38852240724868375,0.6542989806919534,41.7166245291622,Mixed Performer
Macao,2019,MAC,670982.0,,26.19,73.81,500.0,0.0,0.0,0.0,0.84,26.19,0.2619,0.7381000000000001,0.3826374433696584,0.645098255415074,40.82453774698465,Mixed Performer
Macao,2020,MAC,683069.0,,33.929,66.071,482.14,0.0,0.0,0.0,0.56,33.929,0.33929000000000004,0.66071,0.36896963389249415,0.6925046554934824,46.520728985089875,Mixed Performer
Macao,2021,MAC,694404.0,,42.0,58.0,460.0,0.0,0.0,0.0,0.5,42.0,0.42,0.58,0.3520264479000857,0.7419447711457414,52.52851036968398,Mixed Performer
Macao,2022,MAC,704360.0,,40.816,59.184,448.98,0.0,0.0,0.0,0.49,40.816,0.40816,0.59184,0.34359311864821845,0.7346920023522494,51.920152069078284,Mixed Performer
Macao,2023,MAC,713916.0,,33.333,66.667,484.85,0.0,0.0,0.0,0.66,33.333,0.33333,0.66667,0.37104352883555775,0.6888537684994609,46.05651830660297,Mixed Performer
Macao,2024,MAC,720270.0,,30.769,69.231,474.36,0.0,0.0,0.0,0.78,30.769,0.30768999999999996,0.69231,0.3630157952736623,0.6731476036459865,44.48321917284824,Mixed Performer
Madagascar,2000,MDG,16516336.0,19457200304.0,63.953,36.047,244.19,0.0,0.0,62.791,0.86,0.0,0.63953,0.36046999999999996,0.18687247459287376,0.48466749975497403,65.97000063150277,Emerging Improver
Madagascar,2001,MDG,17032933.0,20850416898.0,61.364,38.636,261.36,0.0,0.0,60.227,0.88,-2.5890000000000057,0.61364,0.38636000000000004,0.20001224439818785,0.4688081936685288,63.85021679507324,Emerging Improver
Madagascar,2002,MDG,17549915.0,18473840634.0,63.953,36.047,244.19,0.0,0.0,62.791,0.86,0.0,0.63953,0.36046999999999996,0.18687247459287376,0.48466749975497403,65.97000063150277,Emerging Improver
Madagascar,2003,MDG,18071860.0,20509701124.0,63.542,36.458,250.0,0.0,0.0,62.5,0.96,-0.41100000000000136,0.63542,0.36458,0.1913187216848292,0.4821498578849358,65.5744798261533,Emerging Improver
Madagascar,2004,MDG,18606606.0,21834931987.0,60.952,39.048,266.67,0.0,0.0,60.0,1.05,-3.0010000000000048,0.60952,0.39048000000000005,0.2040758540467736,0.46628442614917176,63.46357004106823,Emerging Improver
Madagascar,2005,MDG,19159711.0,23129761607.0,61.321,38.679,273.59,0.0,0.0,60.377,1.06,-2.632000000000005,0.61321,0.38679,0.20937155626300966,0.46854479074781924,63.586482954642044,Emerging Improver
Madagascar,2006,MDG,19730916.0,24652234312.0,59.813,40.187,271.03,0.0,0.0,58.879,1.07,-4.140000000000001,0.59813,0.40187,0.207412452552957,0.45930731157502697,62.59209835980148,Emerging Improver
Madagascar,2007,MDG,20318590.0,26539188296.0,64.286,35.714,250.0,0.0,0.0,63.393,1.12,0.3329999999999984,0.64286,0.35714,0.1913187216848292,0.48670734097814367,66.08924207255143,Emerging Improver
Madagascar,2008,MDG,20923842.0,28762450059.0,59.322,40.678,288.14,0.0,0.0,58.475,1.18,-4.631,0.5932200000000001,0.40678,0.22050630586506673,0.4562996177594825,61.925036619765585,Emerging Improver
Madagascar,2009,MDG,21547277.0,27725052410.0,62.185,37.815,268.91,0.0,0.0,61.345,1.19,-1.7680000000000007,0.62185,0.37815,0.20579006979306969,0.4738373517592865,64.27380853156255,Emerging Improver
Madagascar,2010,MDG,22183343.0,28122419419.0,54.615,45.385,315.39,0.0,0.0,53.846,1.3,-9.338000000000001,0.54615,0.45385,0.2413600465287131,0.42746618641576006,58.14699163301857,Mixed Performer
Madagascar,2011,MDG,22822305.0,28843634595.0,47.619,52.381,367.35,0.0,0.0,46.259,1.47,-16.334000000000003,0.47619,0.52381,0.28112372964368804,0.3846111437812408,52.31247391562641,Mixed Performer
Madagascar,2012,MDG,23462444.0,29712119552.0,49.359,50.641,358.97,0.0,0.0,48.077,1.56,-14.594000000000001,0.49359000000000003,0.50641,0.27471072609281255,0.3952697735960012,53.67667845161971,Mixed Performer
Madagascar,2013,MDG,24109290.0,30395500923.0,50.303,49.697,351.52,0.606,0.0,48.485,1.65,-13.650000000000006,0.50303,0.49697,0.2690094281866046,0.4010523865529746,54.472350093629494,Mixed Performer
Madagascar,2014,MDG,24764356.0,31410405446.0,52.907,47.093,331.4,0.581,0.0,51.163,1.72,-11.046000000000006,0.5290699999999999,0.47093000000000007,0.2536120974654096,0.41700357737920213,56.65895122405278,Mixed Performer
Madagascar,2015,MDG,25426703.0,32394175176.0,54.19,45.81,324.02,1.117,0.0,51.955,1.79,-9.763000000000005,0.5418999999999999,0.4581,0.2479643688012734,0.42486278545525824,57.68783256179704,Mixed Performer
Madagascar,2016,MDG,26099950.0,33687674194.0,48.421,51.579,357.9,1.053,0.0,46.316,1.9,-15.532000000000004,0.48421000000000003,0.51579,0.27389188196400144,0.3895239145349407,53.048161668924074,Mixed Performer
Madagascar,2017,MDG,26788379.0,35012614968.0,41.919,58.081,409.09,1.01,0.0,39.394,1.98,-22.034000000000006,0.41918999999999995,0.58081,0.3130663034161871,0.3496949426639223,47.57016655455415,Mixed Performer
Madagascar,2018,MDG,27494930.0,36130917975.0,43.277,56.723,424.37,1.681,0.0,40.336,2.38,-20.676000000000002,0.43277000000000004,0.56723,0.32475970368556384,0.3580135744388905,48.21741102444426,Mixed Performer
Madagascar,2019,MDG,28219559.0,37724649896.0,38.462,61.538,449.39,1.619,0.0,36.032,2.47,-25.491,0.38462,0.6153799999999999,0.34390688135178155,0.32851857296873466,44.40730656073648,Mixed Performer
Madagascar,2020,MDG,28953560.0,35031864099.0,40.741,59.259,416.67,1.852,0.0,37.963,2.16,-23.212000000000003,0.40741,0.5925900000000001,0.31886708705767114,0.3424789277663432,46.61010674005337,Mixed Performer
Madagascar,2021,MDG,29691087.0,37042695870.0,33.202,66.798,486.17,1.581,0.0,30.435,2.53,-30.751000000000005,0.33202,0.66798,0.3720536916860536,0.29629765755170046,40.06432257112416,Mixed Performer
Madagascar,2022,MDG,30437261.0,38602188321.0,35.227,64.773,477.27,3.03,0.0,31.061,2.64,-28.726000000000006,0.35226999999999997,0.64773,0.3652427451940737,0.3087020974223267,41.63566283148306,Mixed Performer
Madagascar,2023,MDG,31195937.0,,43.952,56.048,423.39,3.226,0.0,39.516,2.48,-20.001000000000005,0.43951999999999997,0.56048,0.3240097342965593,0.36214838772909924,48.7031824585225,Mixed Performer
Madagascar,2024,MDG,31964960.0,,42.387,57.613,432.1,4.115,0.0,37.037,2.43,-21.566000000000003,0.42387,0.57613,0.3306752785600588,0.3525617465451337,47.45374423417553,Mixed Performer
Malawi,2000,MWI,11315947.0,11274206470.0,90.083,9.917,99.17,0.0,0.0,84.298,1.21,0.0,0.90083,0.09917,0.07589231051793804,0.48466749975497403,84.42250473337614,Transition Leader
Malawi,2001,MWI,11593057.0,10808318915.0,90.984,9.016,90.16,0.0,0.0,85.246,1.22,0.9009999999999962,0.90984,0.09016,0.0689971837884168,0.49018670979123785,85.21827105215813,Transition Leader
Malawi,2002,MWI,11880443.0,10984271331.0,90.625,9.375,101.56,0.0,0.0,85.156,1.28,0.5420000000000016,0.90625,0.09375,0.07772131749724501,0.4879876016857787,84.75178108785555,Transition Leader
Malawi,2003,MWI,12181575.0,11581699921.0,92.366,7.634,91.6,0.0,0.0,87.023,1.31,2.2830000000000013,0.92366,0.07634,0.07009917962532142,0.4986523571498579,86.14690586661484,Transition Leader
Malawi,2004,MWI,12500736.0,12176822884.0,90.476,9.524,95.24,0.0,0.0,85.714,1.47,0.3930000000000007,0.90476,0.09523999999999999,0.07288478021305253,0.48707487993727333,84.76960369373279,Transition Leader
Malawi,2005,MWI,12840034.0,12535229211.0,89.542,10.458,98.04,0.0,0.0,85.621,1.53,-0.5409999999999968,0.89542,0.10458,0.07502754989592263,0.4813535234734882,84.06981410470425,Transition Leader
Malawi,2006,MWI,13198699.0,13079496449.0,89.172,10.828,95.54,0.0,0.0,85.35,1.57,-0.9110000000000014,0.89172,0.10828,0.07311436267907433,0.4790870332255219,83.86164643140597,Transition Leader
Malawi,2007,MWI,13576344.0,14282894527.0,90.506,9.494,88.61,0.0,0.0,86.709,1.58,0.4230000000000018,0.90506,0.09494,0.06781100771397086,0.4872586494168382,84.91720454840329,Transition Leader
Malawi,2008,MWI,13976415.0,15293785292.0,92.941,7.059,76.47,0.0,0.0,89.412,1.7,2.858000000000004,0.9294100000000001,0.07059,0.05852057058895555,0.5021746055081839,86.83420481789886,Transition Leader
Malawi,2009,MWI,14395788.0,16486871191.0,92.814,7.186,77.84,0.0,0.0,89.222,1.67,2.7309999999999945,0.92814,0.07186000000000001,0.05956899718378842,0.5013966480446927,86.72012479107568,Transition Leader
Malawi,2010,MWI,14826466.0,17495879385.0,93.75,6.25,67.71,0.0,0.0,90.625,1.92,3.6670000000000016,0.9375,0.0625,0.051816762581119134,0.5071302558071156,87.56153477257875,Transition Leader
Malawi,2011,MWI,15265026.0,18220347468.0,93.909,6.091,65.99,0.0,0.0,90.863,1.97,3.8260000000000076,0.9390900000000001,0.060910000000000006,0.05050048977592751,0.5081042340488092,87.70445126633395,Transition Leader
Malawi,2012,MWI,15709577.0,18563980884.0,93.659,6.341,68.29,0.488,0.0,90.732,2.05,3.5760000000000076,0.93659,0.06341000000000001,0.05226062201542795,0.5065728217191022,87.48747677540084,Transition Leader
Malawi,2013,MWI,16161816.0,19529310978.0,93.659,6.341,68.29,0.488,0.0,90.732,2.05,3.5760000000000076,0.93659,0.06341000000000001,0.05226062201542795,0.5065728217191022,87.48747677540084,Transition Leader
Malawi,2014,MWI,16621534.0,20642483934.0,94.47,5.53,64.52,0.922,0.0,90.783,2.17,4.3870000000000005,0.9447,0.0553,0.049375535692420716,0.5115407233166716,88.12072245743956,Transition Leader
Malawi,2015,MWI,17085587.0,21251437245.0,94.009,5.991,69.12,1.382,0.0,90.323,2.17,3.926000000000002,0.94009,0.05991,0.05289580017142158,0.508716798980692,87.71375698042483,Transition Leader
Malawi,2016,MWI,17557741.0,21733841491.0,93.953,6.047,69.77,1.395,0.0,90.233,2.15,3.8700000000000045,0.9395300000000001,0.060469999999999996,0.05339322884780213,0.5083737626188376,87.6625757180875,Transition Leader
Malawi,2017,MWI,18039714.0,22603193649.0,100.0,0.0,26.18,2.094,0.0,95.288,1.91,9.917000000000002,1.0,0.0,0.02003489653483531,0.5454155640497893,92.68036104737595,Transition Leader
Malawi,2018,MWI,18528086.0,23595927755.0,81.768,18.232,143.65,0.552,0.0,78.453,1.81,-8.314999999999998,0.8176800000000001,0.18232,0.10993173748010286,0.4337327256689209,77.81849744803124,Transition Leader
Malawi,2019,MWI,19025748.0,24881432457.0,96.111,3.889,55.56,0.556,0.0,92.778,1.8,6.028000000000006,0.96111,0.03889,0.04251867270723644,0.521592913848868,89.4275268900521,Transition Leader
Malawi,2020,MWI,19533885.0,25108605204.0,99.429,0.571,34.29,0.571,0.0,96.0,1.75,9.346000000000004,0.99429,0.00571,0.026241275866291172,0.5419178182887386,92.1301353776738,Transition Leader
Malawi,2021,MWI,20047264.0,26255309111.0,95.628,4.372,54.65,0.546,0.0,92.35,1.83,5.545000000000002,0.95628,0.04372,0.04182227256030366,0.5186342252278742,89.11075656441052,Transition Leader
Malawi,2022,MWI,20568731.0,26465351444.0,95.628,4.372,54.65,0.546,0.0,92.35,1.83,5.545000000000002,0.95628,0.04372,0.04182227256030366,0.5186342252278742,89.11075656441052,Transition Leader
Malawi,2023,MWI,21104480.0,,95.628,4.372,54.65,0.546,0.0,92.35,1.83,5.545000000000002,0.95628,0.04372,0.04182227256030366,0.5186342252278742,89.11075656441052,Transition Leader
Malawi,2024,MWI,21655288.0,,95.628,4.372,54.65,0.546,0.0,92.35,1.83,5.545000000000002,0.95628,0.04372,0.04182227256030366,0.5186342252278742,89.11075656441052,Transition Leader
Malaysia,2000,MYS,22967817.0,305803211129.0,10.815,89.185,581.83,0.0,0.0,10.0,69.9,0.0,0.10815,0.89185,0.4452598873515367,0.48466749975497403,27.62751531253619,Transition Laggard
Malaysia,2001,MYS,23526535.0,309934494308.0,8.762,91.238,600.03,0.0,0.0,8.01,75.78,-2.052999999999999,0.08762,0.91238,0.45918789029019225,0.47209154170342055,25.858875868296504,Transition Laggard
Malaysia,2002,MYS,24102477.0,329700338274.0,7.184,92.816,618.28,0.0,0.0,6.69,80.87,-3.6309999999999993,0.07184,0.9281600000000001,0.47315415697318475,0.46242526707831033,24.41792508184503,Transition Laggard
Malaysia,2003,MYS,24679604.0,350966698067.0,6.614,93.386,631.14,0.0,0.0,6.11,83.31,-4.201,0.06614,0.93386,0.4829955920166524,0.45893364696657846,23.777514904082363,Transition Laggard
Malaysia,2004,MYS,25256773.0,377079435469.0,6.402,93.598,649.8,0.0,0.0,5.798,96.06,-4.412999999999999,0.06402000000000001,0.93598,0.497275621403208,0.457635009310987,23.273834604584604,Transition Laggard
Malaysia,2005,MYS,25836075.0,399781035415.0,6.684,93.316,652.46,0.0,0.0,6.086,98.75,-4.130999999999999,0.06684,0.93316,0.49931125260193465,0.4593624424188964,23.41805532123508,Transition Laggard
Malaysia,2006,MYS,26417909.0,426608936099.0,6.674,93.326,652.66,0.0,0.0,6.078,103.99,-4.140999999999999,0.06674000000000001,0.93326,0.49946430757928245,0.4593011859257081,23.407310099403563,Transition Laggard
Malaysia,2007,MYS,26998383.0,458125848157.0,6.191,93.809,662.28,0.0,0.0,5.491,108.55,-4.624,0.06191,0.93809,0.5068262519897146,0.4563424973047143,22.88908115982785,Transition Laggard
Malaysia,2008,MYS,27570052.0,485245105845.0,7.564,92.436,651.06,0.0,0.0,6.861,113.83,-3.2509999999999994,0.07564,0.9243600000000001,0.49823986776049956,0.4647530138194649,24.053698513279482,Transition Laggard
Malaysia,2009,MYS,28124779.0,483081319364.0,7.131,92.869,666.61,0.0,0.0,5.934,116.11,-3.6839999999999993,0.07131,0.92869,0.510139892249296,0.4621006076644124,23.456611808733786,Transition Laggard
Malaysia,2010,MYS,28655772.0,525056610488.0,6.094,93.906,688.98,0.0,0.0,5.086,125.04,-4.720999999999999,0.06094,0.9390600000000001,0.5272590914656545,0.455748309320788,22.31114735317046,Transition Laggard
Malaysia,2011,MYS,29162034.0,557469657636.0,7.555,92.445,685.69,0.0,0.0,6.343,127.07,-3.26,0.07554999999999999,0.92445,0.5247413370882822,0.46469788297559544,23.384934817426878,Transition Laggard
Malaysia,2012,MYS,29662835.0,587985572583.0,8.025,91.975,682.73,0.007,0.0,6.899,134.08,-2.789999999999999,0.08025,0.91975,0.5224761234235338,0.4675769381554445,23.766750986743325,Transition Laggard
Malaysia,2013,MYS,30174269.0,615585637854.0,9.25,90.75,666.03,0.099,0.0,8.371,140.97,-1.5649999999999995,0.0925,0.9075,0.5096960328149871,0.4750808585710085,24.933812058190448,Transition Laggard
Malaysia,2014,MYS,30696133.0,652563833807.0,9.704,90.296,662.3,0.156,0.0,9.08,147.47,-1.1109999999999989,0.09704000000000002,0.9029600000000001,0.5068415574874494,0.4778619033617564,25.31928961324011,Transition Laggard
Malaysia,2015,MYS,31232796.0,685237676618.0,9.953,90.047,669.18,0.18,0.0,9.273,150.11,-0.8620000000000001,0.09953,0.90047,0.512106648708216,0.4793871900421445,25.359941632926763,Transition Laggard
Malaysia,2016,MYS,31789692.0,715730748101.0,13.463,86.537,649.28,0.198,0.0,12.78,156.65,2.6479999999999997,0.13463,0.8653700000000001,0.49687767846210357,0.50088821915123,28.169181325715854,Transition Laggard
Malaysia,2017,MYS,32355642.0,757336192678.0,17.393,82.607,620.58,0.205,0.0,16.714,160.64,6.578000000000001,0.17393,0.82607,0.47491428921268525,0.5249620209742233,31.437373084296222,Transition Laggard
Malaysia,2018,MYS,32910963.0,794013962862.0,16.596,83.404,630.32,0.369,0.0,15.436,170.58,5.781000000000001,0.16596,0.83404,0.4823680666095262,0.5200798784671176,30.699596511768608,Transition Laggard
Malaysia,2019,MYS,33440590.0,829053844392.0,16.134,83.866,626.05,0.818,0.0,14.678,178.5,5.319000000000001,0.16134,0.83866,0.47910034284314923,0.5172498284818191,30.461638856148554,Transition Laggard
Malaysia,2020,MYS,33889554.0,783174020832.0,17.579,82.421,633.7,1.184,0.0,15.689,174.01,6.764000000000001,0.17579,0.8242100000000001,0.4849546957267051,0.5261013917475252,31.315053483045247,Transition Laggard
Malaysia,2021,MYS,34282404.0,807389756202.0,19.251,80.749,611.44,1.313,0.0,17.236,175.21,8.436000000000002,0.19251000000000001,0.8074899999999999,0.46791967674788787,0.5363434774086053,32.897760242431886,Transition Laggard
Malaysia,2022,MYS,34695494.0,877584198429.0,19.474,80.526,604.04,1.498,0.0,17.307,183.63,8.659,0.19474,0.80526,0.4622566425860169,0.5377094972067039,33.19362639345014,Transition Laggard
Malaysia,2023,MYS,35126295.0,,19.159,80.841,607.88,1.725,0.0,16.778,187.8,8.344,0.19158999999999998,0.80841,0.4651952981510959,0.5357799176712732,32.902216311291696,Transition Laggard
Malaysia,2024,MYS,35557670.0,,20.366,79.634,600.44,2.08,0.0,17.424,198.12,9.551,0.20366,0.79634,0.4595016529937554,0.5431735763990984,33.87966232114258,Transition Laggard
Malaysia,2025,MYS,35977834.0,,20.652,79.348,601.97,2.243,0.0,17.524,201.09,9.837000000000002,0.20652,0.79348,0.46067252357046656,0.5449255121042831,34.04826959230258,Transition Laggard
Maldives,2000,MDV,282025.0,,0.0,100.0,666.67,0.0,0.0,0.0,0.15,0.0,0.0,1.0,0.5101858087425003,0.48466749975497403,19.515367277762103,Transition Laggard
Maldives,2001,MDV,286778.0,,0.0,100.0,687.5,0.0,0.0,0.0,0.16,0.0,0.0,1.0,0.5261264846332803,0.48466749975497403,19.116850380492604,Transition Laggard
Maldives,2002,MDV,291631.0,,0.0,100.0,684.21,0.0,0.0,0.0,0.19,0.0,0.0,1.0,0.5236087302559079,0.48466749975497403,19.179794239926913,Transition Laggard
Maldives,2003,MDV,296497.0,,0.0,100.0,636.36,0.0,0.0,0.0,0.22,0.0,0.0,1.0,0.48699032692543165,0.48466749975497403,20.09525432318882,Transition Laggard
Maldives,2004,MDV,301416.0,,0.0,100.0,666.67,0.0,0.0,0.0,0.24,0.0,0.0,1.0,0.5101858087425003,0.48466749975497403,19.515367277762103,Transition Laggard
Maldives,2005,MDV,306429.0,,0.0,100.0,666.67,0.0,0.0,0.0,0.27,0.0,0.0,1.0,0.5101858087425003,0.48466749975497403,19.515367277762103,Transition Laggard
Maldives,2006,MDV,313866.0,,0.0,100.0,645.16,0.0,0.0,0.0,0.31,0.0,0.0,1.0,0.4937247459287376,0.48466749975497403,19.926893848106168,Transition Laggard
Maldives,2007,MDV,324489.0,,0.0,100.0,657.14,0.0,0.0,0.0,0.35,0.0,0.0,1.0,0.5028927390718746,0.48466749975497403,19.697694019527745,Transition Laggard
Maldives,2008,MDV,336178.0,,0.0,100.0,658.54,0.0,0.0,0.0,0.41,0.0,0.0,1.0,0.5039641239133097,0.48466749975497403,19.67090939849187,Transition Laggard
Maldives,2009,MDV,348282.0,,0.0,100.0,666.67,0.0,0.0,0.0,0.39,0.0,0.0,1.0,0.5101858087425003,0.48466749975497403,19.515367277762103,Transition Laggard
Maldives,2010,MDV,360802.0,,0.0,100.0,657.14,0.0,0.0,0.0,0.35,0.0,0.0,1.0,0.5028927390718746,0.48466749975497403,19.697694019527745,Transition Laggard
Maldives,2011,MDV,373683.0,,0.0,100.0,657.9,0.0,0.0,0.0,0.38,0.0,0.0,1.0,0.5034743479857965,0.48466749975497403,19.683153796679697,Transition Laggard
Maldives,2012,MDV,386821.0,,0.0,100.0,650.0,0.0,0.0,0.0,0.4,0.0,0.0,1.0,0.4974286763805559,0.48466749975497403,19.83429558681071,Transition Laggard
Maldives,2013,MDV,400077.0,,0.0,100.0,666.67,0.0,0.0,0.0,0.42,0.0,0.0,1.0,0.5101858087425003,0.48466749975497403,19.515367277762103,Transition Laggard
Maldives,2014,MDV,413623.0,,1.852,98.148,648.15,1.852,0.0,0.0,0.54,1.852,0.018520000000000002,0.98148,0.49601291784008816,0.4960122022934431,21.151060088399444,Transition Laggard
Maldives,2015,MDV,428165.0,,1.613,98.387,645.16,1.613,0.0,0.0,0.62,1.613,0.01613,0.98387,0.4937247459287376,0.49454817210624324,21.042903933375207,Transition Laggard
Maldives,2016,MDV,443316.0,,1.493,98.507,641.79,1.493,0.0,0.0,0.67,1.493,0.01493,0.9850700000000001,0.4911457695604261,0.4938130941879839,21.024352173809103,Transition Laggard
Maldives,2017,MDV,458297.0,,2.74,97.26,643.84,2.74,0.0,0.0,0.73,2.74,0.027400000000000004,0.9726,0.49271458307824173,0.5014517788885622,21.847912106372387,Transition Laggard
Maldives,2018,MDV,473106.0,,3.797,96.203,632.91,3.797,0.0,0.0,0.79,3.797,0.037970000000000004,0.96203,0.4843501285661809,0.5079265902185631,22.788345639123925,Transition Laggard
Maldives,2019,MDV,487737.0,,3.704,96.296,629.63,3.704,0.0,0.0,0.81,3.704,0.037040000000000003,0.96296,0.481840026937676,0.5073569048319122,22.786752899036784,Transition Laggard
Maldives,2020,MDV,502127.0,,4.878,95.122,621.95,4.878,0.0,0.0,0.82,4.878,0.048780000000000004,0.9512200000000001,0.4759627158075181,0.514548417132216,23.74595836179528,Transition Laggard
Maldives,2021,MDV,516163.0,,5.952,94.048,619.05,5.952,0.0,0.0,0.84,5.952,0.05952,0.94048,0.473743418635974,0.5211273645006371,24.544525001610207,Transition Laggard
Maldives,2022,MDV,524116.0,,7.059,92.941,611.77,7.059,0.0,0.0,0.85,7.059,0.07059,0.9294100000000001,0.4681722174605118,0.5279084582965794,25.449721437935892,Transition Laggard
Maldives,2023,MDV,526009.0,,7.059,92.941,611.77,7.059,0.0,0.0,0.85,7.059,0.07059,0.9294100000000001,0.4681722174605118,0.5279084582965794,25.449721437935892,Transition Laggard
Maldives,2024,MDV,527801.0,,7.059,92.941,611.77,7.059,0.0,0.0,0.85,7.059,0.07059,0.9294100000000001,0.4681722174605118,0.5279084582965794,25.449721437935892,Transition Laggard
Mali,2000,MLI,11559291.0,12490372339.0,26.415,73.585,500.0,0.0,0.0,21.698,1.06,0.0,0.26415,0.73585,0.3826374433696584,0.48466749975497403,38.55307641208314,Transition Laggard
Mali,2001,MLI,11912162.0,14257391001.0,26.168,73.832,504.67,0.0,0.0,21.495,1.07,-0.2469999999999999,0.26168,0.73832,0.386211277090731,0.48315446437322357,38.29283503833008,Transition Laggard
Mali,2002,MLI,12288051.0,14544531770.0,26.126,73.874,504.51,0.0,0.0,21.622,1.11,-0.2889999999999979,0.26126,0.73874,0.3860888331088527,0.4828971871018328,38.266836978806175,Transition Laggard
Mali,2003,MLI,12684951.0,15730792757.0,25.225,74.775,513.51,0.0,0.0,20.721,1.11,-1.1899999999999977,0.25225000000000003,0.74775,0.39297630708950654,0.47737797706556895,37.47126197874587,Transition Laggard
Mali,2004,MLI,13102415.0,15828925288.0,23.81,76.19,515.87,0.0,0.0,19.841,1.26,-2.6050000000000004,0.23809999999999998,0.7619,0.39478235582221133,0.4687101832794276,36.447093853636126,Transition Laggard
Mali,2005,MLI,13538648.0,16700213321.0,33.557,66.443,449.66,0.0,0.0,30.201,1.49,7.142000000000003,0.33557000000000003,0.66443,0.3441135055712012,0.5284168871900422,44.457615668570604,Mixed Performer
Mali,2006,MLI,13990143.0,17320423242.0,33.758,66.242,445.86,0.0,0.0,30.573,1.57,7.3430000000000035,0.33758000000000005,0.66242,0.34120546100159177,0.5296481427031265,44.66938561550711,Mixed Performer
Mali,2007,MLI,14457776.0,17779653731.0,32.911,67.089,455.7,0.0,0.0,29.747,1.58,6.496000000000002,0.32911,0.67089,0.34873576588710664,0.5244597177300794,43.89510161877352,Mixed Performer
Mali,2008,MLI,14940786.0,18486110807.0,34.254,65.746,441.99,0.0,0.0,31.492,1.81,7.838999999999999,0.34254,0.6574599999999999,0.33824384718991063,0.5326864647652652,45.086600791731215,Mixed Performer
Mali,2009,MLI,15435536.0,19186286887.0,46.154,53.846,371.8,0.0,0.0,42.949,1.56,19.739000000000004,0.46154000000000006,0.5384599999999999,0.284529202889678,0.605581691659316,54.6628953026478,Mixed Performer
Mali,2010,MLI,15945201.0,20054729287.0,49.153,50.847,351.7,0.424,0.0,46.61,2.36,22.738,0.49153,0.50847,0.2691471776662177,0.6239525139664804,57.12240826784176,Mixed Performer
Mali,2011,MLI,16469054.0,20518694824.0,56.481,43.519,305.56,0.926,0.0,53.241,2.16,30.066000000000003,0.56481,0.43518999999999997,0.23383739439206563,0.6688412721748506,63.075284222821125,Emerging Improver
Mali,2012,MLI,16957039.0,20347159384.0,57.143,42.857,298.7,1.299,0.0,53.68,2.31,30.728,0.57143,0.42857,0.2285876086690339,0.6728964520239146,63.66455656363287,Emerging Improver
Mali,2013,MLI,17459619.0,20814126326.0,54.091,45.909,318.18,1.364,0.0,50.455,2.2,27.676000000000002,0.54091,0.45909,0.24349516346271582,0.6542009703028522,61.180235467974896,Emerging Improver
Mali,2014,MLI,18020267.0,22288805151.0,58.167,41.833,290.84,1.195,0.0,54.98,2.51,31.752000000000002,0.58167,0.41833,0.22257254805926288,0.6791691169263943,64.52342305241434,Emerging Improver
Mali,2015,MLI,18593022.0,23664472662.0,48.207,51.793,358.57,1.195,0.0,44.622,2.51,21.792,0.48207,0.51793,0.2744046161381168,0.6181576497108694,56.336449342210116,Mixed Performer
Mali,2016,MLI,19191298.0,25049317347.0,51.987,48.013,331.13,0.993,0.0,49.007,3.02,25.572000000000003,0.51987,0.48013,0.25340547324598994,0.6413126041360384,59.47675223089084,Mixed Performer
Mali,2017,MLI,19813016.0,26378184458.0,45.64,54.36,372.09,0.872,0.0,43.023,3.44,19.225,0.45640000000000003,0.5436,0.2847511326068324,0.6024331079094384,54.30171830347076,Mixed Performer
Mali,2018,MLI,20442031.0,27630093375.0,40.166,59.834,404.43,0.831,0.0,37.673,3.61,13.750999999999998,0.40165999999999996,0.5983400000000001,0.3095001224439819,0.568901303538175,49.89561649197308,Mixed Performer
Mali,2019,MLI,21068405.0,28946666484.0,38.32,61.68,417.32,0.787,0.0,35.958,3.81,11.905000000000001,0.3832,0.6168,0.31936451573405167,0.5575933548956189,48.37178743008299,Mixed Performer
Mali,2020,MLI,21713837.0,28586570096.0,40.863,59.137,401.02,2.538,0.0,36.548,3.94,14.448,0.40863,0.5913700000000001,0.3068905350802008,0.573170881113398,50.44309983969595,Mixed Performer
Mali,2021,MLI,22388637.0,29459890071.0,39.086,60.914,416.24,3.553,0.0,33.756,3.94,12.671,0.39086,0.60914,0.31853801885637323,0.5622856022738411,48.92243356269828,Mixed Performer
Mali,2022,MLI,23072641.0,30551085997.0,42.857,57.143,391.71,3.456,0.0,37.788,4.34,16.442,0.42857,0.57143,0.2997658258846578,0.5853854258551406,52.00083574071066,Mixed Performer
Mali,2023,MLI,23769130.0,,19.8,80.2,535.77,2.496,0.0,16.14,6.01,-6.614999999999998,0.198,0.802,0.41001132606832374,0.44414632951092814,33.29191179095583,Transition Laggard
Mali,2024,MLI,24478597.0,,19.463,80.537,538.59,2.852,0.0,15.436,5.96,-6.951999999999998,0.19463000000000003,0.80537,0.41216940124892865,0.4420819856904832,33.00479475413403,Transition Laggard
Malta,2000,MLT,399905.0,7963752394.0,0.0,100.0,656.25,0.0,,0.0,1.92,0.0,0.0,1.0,0.5022116444226766,0.48466749975497403,19.714721385757695,Transition Laggard
Malta,2001,MLT,402788.0,8019470830.0,0.0,100.0,659.79,0.0,,0.0,1.94,0.0,0.0,1.0,0.5049207175217337,0.48466749975497403,19.646994558281268,Transition Laggard
Malta,2002,MLT,405571.0,8259626928.0,0.0,100.0,658.54,0.0,,0.0,2.05,0.0,0.0,1.0,0.5039641239133097,0.48466749975497403,19.67090939849187,Transition Laggard
Malta,2003,MLT,408236.0,8473515195.0,0.0,100.0,656.25,0.0,,0.0,2.24,0.0,0.0,1.0,0.5022116444226766,0.48466749975497403,19.714721385757695,Transition Laggard
Malta,2004,MLT,410800.0,8512522890.0,0.0,100.0,657.66,0.0,,0.0,2.22,0.0,0.0,1.0,0.503290682012979,0.48466749975497403,19.687745446000136,Transition Laggard
Malta,2005,MLT,413324.0,8839849182.0,0.0,100.0,656.25,0.0,,0.0,2.24,0.0,0.0,1.0,0.5022116444226766,0.48466749975497403,19.714721385757695,Transition Laggard
Malta,2006,MLT,415463.0,9004655302.0,0.0,100.0,659.29,0.0,,0.0,2.26,0.0,0.0,1.0,0.5045380800783641,0.48466749975497403,19.656560494365507,Transition Laggard
Malta,2007,MLT,417201.0,9368888474.0,0.0,100.0,656.52,0.0,,0.0,2.3,0.0,0.0,1.0,0.5024182686420963,0.48466749975497403,19.709555780272204,Transition Laggard
Malta,2008,MLT,418969.0,9685986656.0,0.0,100.0,658.01,0.0,,0.0,2.31,0.0,0.0,1.0,0.5035585282233378,0.48466749975497403,19.681049290741164,Transition Laggard
Malta,2009,MLT,420800.0,9450779381.0,0.0,100.0,658.99,0.0,,0.0,2.17,0.0,0.0,1.0,0.5043084976123424,0.48466749975497403,19.66230005601605,Transition Laggard
Malta,2010,MLT,422654.0,9788869399.0,0.0,100.0,658.77,0.0,,0.0,2.11,0.0,0.0,1.0,0.5041401371372597,0.48466749975497403,19.666509067893116,Transition Laggard
Malta,2011,MLT,424635.0,9930574943.0,0.0,100.0,658.99,0.0,,0.0,2.17,0.0,0.0,1.0,0.5043084976123424,0.48466749975497403,19.66230005601605,Transition Laggard
Malta,2012,MLT,426616.0,10339580228.0,1.304,98.696,647.83,0.87,0.0,0.0,2.3,1.304,0.013040000000000001,0.98696,0.4957680298763316,0.4926553464667255,20.778029450092596,Transition Laggard
Malta,2013,MLT,428457.0,10905471410.0,1.77,98.23,646.02,1.327,0.0,0.0,2.26,1.77,0.0177,0.9823000000000001,0.49438288233133343,0.4955098990492992,21.135076427456152,Transition Laggard
Malta,2014,MLT,434494.0,11737898948.0,3.556,96.444,635.56,3.111,0.0,0.0,2.25,3.556,0.03556,0.9644400000000001,0.4863781070160401,0.5064503087327257,22.570901955589882,Transition Laggard
Malta,2015,MLT,444978.0,12865695938.0,7.692,92.308,607.69,6.923,0.0,0.0,1.3,7.692,0.07692,0.9230800000000001,0.4650498959226155,0.5317859943153974,25.965742516665568,Transition Laggard
Malta,2016,MLT,455276.0,13300698899.0,16.279,83.721,558.14,15.116,0.0,0.0,0.86,16.279,0.16279,0.83721,0.42713052528468226,0.5843869450161717,32.85494104312552,Transition Laggard
Malta,2017,MLT,467902.0,14746505042.0,10.303,89.697,527.27,9.697,0.0,0.0,1.65,10.303,0.10303000000000001,0.89697,0.4035064895310395,0.5477800646868568,29.310838732026863,Transition Laggard
Malta,2018,MLT,484560.0,15659758064.0,10.152,89.848,512.69,9.645,0.0,0.0,1.97,10.152,0.10152,0.8984800000000001,0.39234878168238035,0.5468550916397138,29.485306832536196,Transition Laggard
Malta,2019,MLT,504017.0,16757308198.0,10.145,89.855,516.91,9.662,0.0,0.0,2.07,10.145,0.10145,0.8985500000000001,0.3955782417044202,0.546812212094482,29.399727138806718,Transition Laggard
Malta,2020,MLT,518212.0,15314071319.0,11.628,88.372,506.98,11.163,0.0,0.0,2.15,11.628,0.11628000000000001,0.8837200000000001,0.3879790620790988,0.5558965500343036,30.61577169853708,Transition Laggard
Malta,2021,MLT,524383.0,17122043843.0,12.162,87.838,504.51,11.712,0.0,0.0,2.22,12.162,0.12162,0.8783799999999999,0.3860888331088527,0.5591676467705577,31.032493873837048,Transition Laggard
Malta,2022,MLT,528194.0,18295132993.0,13.043,86.957,500.0,12.609,0.0,0.0,2.3,13.043,0.13043,0.86957,0.3826374433696584,0.564564343820445,31.728329073065215,Transition Laggard
Malta,2023,MLT,532964.0,,13.617,86.383,493.62,13.191,0.0,0.0,2.35,13.617,0.13617,0.86383,0.37775498959226156,0.5680804665294521,32.247532258135244,Transition Laggard
Malta,2024,MLT,539612.0,,15.525,84.475,488.58,15.068,0.0,0.0,2.19,15.525,0.15525,0.84475,0.3738980041630954,0.5797682054297756,33.664072977369244,Transition Laggard
Malta,2025,MLT,545406.0,,15.982,84.018,484.02,15.525,0.0,0.0,2.19,15.982,0.15982,0.84018,0.37040835067956407,0.5825676271684799,34.067505640538094,Transition Laggard
Martinique,2000,MTQ,421388.0,,0.0,100.0,657.9,,,,1.14,0.0,0.0,1.0,0.5034743479857965,0.48466749975497403,19.683153796679697,Transition Laggard
Martinique,2001,MTQ,417157.0,,0.0,100.0,656.49,,,,1.31,0.0,0.0,1.0,0.5023953103954941,0.48466749975497403,19.710129736437256,Transition Laggard
Martinique,2002,MTQ,412479.0,,0.741,99.259,651.85,,,,1.35,0.741,0.00741,0.99259,0.49884443492102365,0.4892066059002254,20.311588215477787,Transition Laggard
Martinique,2003,MTQ,408417.0,,0.714,99.286,650.0,,,,1.4,0.714,0.00714,0.9928600000000001,0.4974286763805559,0.48904121336861706,20.328301291015354,Transition Laggard
Martinique,2004,MTQ,405104.0,,0.694,99.306,652.78,,0.0,,1.44,0.694,0.00694,0.9930599999999999,0.4995561405656912,0.4889187003822405,20.261276991591327,Transition Laggard
Martinique,2005,MTQ,401849.0,,0.694,99.306,652.78,,0.0,,1.44,0.694,0.00694,0.9930599999999999,0.4995561405656912,0.4889187003822405,20.261276991591327,Transition Laggard
Martinique,2006,MTQ,400459.0,,0.68,99.32,653.06,0.0,0.0,,1.47,0.68,0.0068000000000000005,0.9932,0.49977041753397816,0.48883294129177696,20.2462336810272,Transition Laggard
Martinique,2007,MTQ,400812.0,,1.351,98.649,648.65,0.0,0.0,,1.48,1.351,0.01351,0.98649,0.4963955552834578,0.4929432519847104,20.79485989768421,Transition Laggard
Martinique,2008,MTQ,400699.0,,1.961,98.039,647.06,0.654,0.0,,1.53,1.961,0.019610000000000002,0.98039,0.4951787682135423,0.4966798980691953,21.24732926569937,Transition Laggard
Martinique,2009,MTQ,399527.0,,1.948,98.052,642.86,0.649,0.0,,1.54,1.948,0.01948,0.9805200000000001,0.4919646136892372,0.49660026462805057,21.318688627189825,Transition Laggard
Martinique,2010,MTQ,397389.0,,1.863,98.137,645.96,1.242,0.0,,1.61,1.863,0.01863,0.9813700000000001,0.4943369658381291,0.49607958443595024,21.200569620586023,Transition Laggard
Martinique,2011,MTQ,394576.0,,3.185,96.815,636.94,2.548,0.0,,1.57,3.185,0.03185,0.96815,0.48743418635974045,0.5041776928354406,22.287810733538098,Transition Laggard
Martinique,2012,MTQ,391741.0,,5.66,94.34,622.64,5.031,0.0,,1.59,5.66,0.056600000000000004,0.9434,0.4764907554793682,0.5193386748995393,24.273811236508884,Transition Laggard
Martinique,2013,MTQ,389470.0,,5.696,94.304,620.25,5.063,0.0,,1.58,5.696,0.05696,0.94304,0.4746617485000612,0.5195591982750172,24.344444261623725,Transition Laggard
Martinique,2014,MTQ,387027.0,,5.806,94.194,619.36,5.161,0.0,,1.55,5.806,0.05806,0.94194,0.47398065385086324,0.5202330197000882,24.437578949229742,Transition Laggard
Martinique,2015,MTQ,383737.0,,5.769,94.231,621.8,5.128,0.0,,1.56,5.769,0.057690000000000005,0.94231,0.47584792457450714,0.5200063706752915,24.3652974457667,Transition Laggard
Martinique,2016,MTQ,378892.0,,5.696,94.304,620.25,5.063,0.0,,1.58,5.696,0.05696,0.94304,0.4746617485000612,0.5195591982750172,24.344444261623725,Transition Laggard
Martinique,2017,MTQ,371510.0,,5.769,94.231,621.8,5.128,0.0,,1.56,5.769,0.057690000000000005,0.94231,0.47584792457450714,0.5200063706752915,24.3652974457667,Transition Laggard
Martinique,2018,MTQ,364100.0,,11.688,88.312,590.91,5.195,0.649,,1.54,11.688,0.11688000000000001,0.88312,0.45220858332312963,0.5562640889934333,29.05154675182326,Transition Laggard
Martinique,2019,MTQ,359621.0,,25.161,74.839,522.58,5.806,3.226,0.0,1.55,25.161,0.25161,0.74839,0.3999173503122322,0.6387949622660002,39.680590676184195,Transition Laggard
Martinique,2020,MTQ,356625.0,,22.667,77.333,540.0,5.333,2.667,0.0,1.5,22.667,0.22667,0.77333,0.41324843883923107,0.6235175928648438,37.62175292199188,Transition Laggard
Martinique,2021,MTQ,353286.0,,25.166,74.834,523.18,5.96,3.311,0.0,1.51,25.166,0.25166,0.74834,0.4003765152442757,0.6388255905125944,39.67257097658202,Transition Laggard
Martinique,2022,MTQ,349462.0,,26.174,73.826,516.78,6.04,2.685,0.0,1.49,26.174,0.26174,0.7382599999999999,0.3954787559691441,0.6450002450259728,40.49243477616099,Mixed Performer
Martinique,2023,MTQ,346008.0,,25.828,74.172,529.8,7.285,1.987,0.0,1.51,25.828,0.25828,0.7417199999999999,0.40544263499449,0.6428807703616584,40.00394568056262,Mixed Performer
Mauritania,2000,MRT,2613450.0,4838789905.0,7.143,92.857,619.05,0.0,0.0,7.143,0.42,0.0,0.07143,0.92857,0.473743418635974,0.48466749975497403,24.712227030425257,Transition Laggard
Mauritania,2001,MRT,2678766.0,5040767611.0,6.383,93.617,617.02,0.0,0.0,6.383,0.47,-0.7599999999999998,0.06383,0.9361700000000001,0.4721899106158932,0.4800120062726649,24.225232328692638,Transition Laggard
Mauritania,2002,MRT,2738659.0,5178324094.0,5.66,94.34,622.64,0.0,0.0,5.66,0.53,-1.4829999999999997,0.056600000000000004,0.9434,0.4764907554793682,0.4755831618151524,23.617478540243077,Transition Laggard
Mauritania,2003,MRT,2802050.0,5603753283.0,8.0,92.0,600.0,0.0,0.0,8.0,0.5,0.8570000000000002,0.08,0.92,0.45916493204359005,0.4899171812212095,25.669634417228394,Transition Laggard
Mauritania,2004,MRT,2868671.0,6050710140.0,7.407,92.593,611.11,0.0,0.0,7.407,0.54,0.26400000000000023,0.07407,0.92593,0.4676671360352639,0.48628467117514457,25.04679166674557,Transition Laggard
Mauritania,2005,MRT,2939060.0,6728916707.0,9.434,90.566,603.77,0.0,0.0,9.434,0.53,2.2909999999999995,0.09434,0.90566,0.46205001836659726,0.4987013623444085,26.589669976001197,Transition Laggard
Mauritania,2006,MRT,3013659.0,8166141817.0,8.065,91.935,612.9,0.0,0.0,8.065,0.62,0.9219999999999997,0.08065,0.91935,0.46903697808252726,0.49031534842693325,25.467805774340817,Transition Laggard
Mauritania,2007,MRT,3093065.0,8570478345.0,7.813,92.188,609.38,0.0,0.0,7.813,0.64,0.6699999999999999,0.07813,0.92188,0.46634321048120486,0.4887716847985887,25.36054500994871,Transition Laggard
Mauritania,2008,MRT,3183276.0,8846256694.0,8.333,91.667,597.22,0.0,0.0,8.333,0.72,1.1900000000000004,0.08333,0.91667,0.4570374678584548,0.4919570224443791,25.953218640204316,Transition Laggard
Mauritania,2009,MRT,3284454.0,8935093258.0,14.286,85.714,558.44,0.0,0.0,14.286,0.77,7.143,0.14286,0.85714,0.4273601077507041,0.528423012839361,30.81394249882281,Transition Laggard
Mauritania,2010,MRT,3390968.0,9559709837.0,14.118,85.882,564.71,0.0,0.0,14.118,0.85,6.9750000000000005,0.14118,0.85882,0.4321583812905596,0.5273939037537979,30.577749024042976,Transition Laggard
Mauritania,2011,MRT,3502813.0,10187328000.0,14.943,85.057,563.22,0.0,0.0,14.943,0.87,7.8,0.14943,0.85057,0.431018121709318,0.5324475644418308,31.17706042389451,Transition Laggard
Mauritania,2012,MRT,3619035.0,10792467000.0,14.583,85.417,562.5,0.0,0.0,14.583,0.96,7.44,0.14583000000000002,0.85417,0.43046712379086566,0.5302423306870528,30.941756865534153,Transition Laggard
Mauritania,2013,MRT,3734324.0,11410722000.0,21.429,78.571,520.41,3.061,1.02,17.347,0.98,14.285999999999998,0.21428999999999998,0.78571,0.3982567038080078,0.572178525923748,36.483660293656015,Transition Laggard
Mauritania,2014,MRT,3848511.0,12165303000.0,21.359,78.641,514.56,2.913,0.971,17.476,1.03,14.216000000000001,0.21359000000000003,0.78641,0.3937798457205828,0.57174973047143,36.54714981405688,Transition Laggard
Mauritania,2015,MRT,3965959.0,12316128000.0,27.586,72.414,474.14,2.586,8.621,16.379,1.16,20.442999999999998,0.27586,0.72414,0.36284743479857967,0.6098941487797707,41.62882636173207,Mixed Performer
Mauritania,2016,MRT,4086655.0,12416318727.0,25.0,75.0,491.38,5.172,8.621,11.207,1.16,17.857,0.25,0.75,0.37604077384596546,0.594053219641282,39.509778948470085,Transition Laggard
Mauritania,2017,MRT,4210603.0,13137043588.0,24.444,75.556,496.3,4.444,7.407,12.593,1.35,17.301,0.24444,0.75556,0.37980592628872295,0.5906473586200137,39.030962222082124,Transition Laggard
Mauritania,2018,MRT,4337685.0,13699199188.0,30.137,69.863,465.75,10.274,6.849,13.014,1.46,22.994,0.30137,0.69863,0.3564267784988368,0.6255206801921004,43.55434074041059,Mixed Performer
Mauritania,2019,MRT,4467714.0,14424796068.0,29.936,70.064,464.97,9.554,7.643,12.739,1.57,22.793,0.29936,0.7006399999999999,0.35582986408718015,0.624289424679016,43.430194768005734,Mixed Performer
Mauritania,2020,MRT,4600136.0,14289417678.0,28.834,71.166,472.39,8.589,7.362,12.883,1.63,21.691,0.28834,0.71166,0.36150820374678583,0.6175389591296677,42.52577929327537,Mixed Performer
Mauritania,2021,MRT,4734874.0,14638845766.0,28.481,71.519,474.68,8.861,6.329,13.291,1.58,21.338,0.28481,0.7151900000000001,0.3632606832374189,0.6153766049201216,42.237731992866344,Mixed Performer
Mauritania,2022,MRT,4875644.0,15674544913.0,27.439,72.561,481.71,8.537,6.098,12.805,1.64,20.296,0.27439,0.7256100000000001,0.36864056569119624,0.608993678329903,41.38229103266863,Mixed Performer
Mauritania,2023,MRT,5022442.0,,21.531,78.469,521.53,6.699,4.785,10.048,2.09,14.387999999999998,0.21531,0.78469,0.39911381168115584,0.5728033421542683,36.532804840285124,Transition Laggard
Mauritania,2024,MRT,5169403.0,,22.705,77.295,512.08,7.729,4.831,10.145,2.07,15.561999999999998,0.22704999999999997,0.77295,0.39188196400146935,0.5799948544545722,37.525873716781845,Transition Laggard
Mauritius,2000,MUS,1216632.0,16933370565.0,29.379,70.621,559.32,0.0,0.0,5.085,1.77,0.0,0.29379,0.70621,0.4280335496510347,0.48466749975497403,39.19657375504874,Transition Laggard
Mauritius,2001,MUS,1225807.0,17203931989.0,28.646,71.354,567.71,0.0,0.0,3.646,1.92,-0.7330000000000005,0.28646,0.71354,0.43445420595077755,0.48017739880427324,38.52890583329466,Transition Laggard
Mauritius,2002,MUS,1234090.0,17186721600.0,27.551,72.449,581.63,0.0,0.0,4.592,1.96,-1.828000000000003,0.27551,0.72449,0.4451068323741888,0.4734698128001568,37.504976382647634,Transition Laggard
Mauritius,2003,MUS,1242094.0,17869390349.0,27.273,72.727,574.16,0.0,0.0,5.742,2.09,-2.1060000000000016,0.27273000000000003,0.7272700000000001,0.4393902289702461,0.4717668822895227,37.45554751008669,Transition Laggard
Mauritius,2004,MUS,1249799.0,18313509621.0,27.315,72.685,564.82,0.0,0.0,5.556,2.16,-2.064,0.27315,0.72685,0.4322425615281009,0.4720241595609135,37.663298355211175,Transition Laggard
Mauritius,2005,MUS,1257215.0,18306765429.0,24.779,75.221,592.92,0.0,0.0,4.867,2.26,-4.600000000000001,0.24779,0.75221,0.4537467858454757,0.45648951288836614,35.3710730471886,Transition Laggard
Mauritius,2006,MUS,1263785.0,18846649433.0,22.458,77.542,622.88,0.0,0.0,3.39,2.36,-6.921000000000003,0.22458,0.77542,0.47667442145218564,0.44227188081936686,33.19201767598586,Transition Laggard
Mauritius,2007,MUS,1269522.0,19573401107.0,22.358,77.642,634.15,0.0,0.0,3.252,2.46,-7.021000000000001,0.22358,0.77642,0.4852990694257377,0.4416593158874841,32.90721300266882,Transition Laggard
Mauritius,2008,MUS,1274635.0,20249055784.0,23.438,76.562,636.72,0.0,0.0,4.297,2.56,-5.9410000000000025,0.23438,0.76562,0.4872658258846578,0.44827501715181806,33.60527961016082,Transition Laggard
Mauritius,2009,MUS,1278976.0,20448211941.0,23.735,76.265,626.46,0.0,0.0,4.669,2.57,-5.644000000000002,0.23735,0.76265,0.47941410554671243,0.45009433499950996,34.00706238632484,Transition Laggard
Mauritius,2010,MUS,1282710.0,20850923367.0,24.164,75.836,620.82,0.0,0.0,3.717,2.69,-5.215,0.24164000000000002,0.75836,0.4750979551855027,0.4527222385572871,34.41178469872174,Transition Laggard
Mauritius,2011,MUS,1286270.0,21190874379.0,19.78,80.22,648.35,0.0,0.0,1.832,2.73,-9.599,0.1978,0.8022,0.4961659728174361,0.425867391943546,30.851861558717285,Transition Laggard
Mauritius,2012,MUS,1289174.0,21931705213.0,20.43,79.57,645.16,0.0,0.0,2.509,2.79,-8.949000000000002,0.2043,0.7957,0.4937247459287376,0.42984906400078404,31.36261731179332,Transition Laggard
Mauritius,2013,MUS,1290988.0,22668609990.0,20.28,79.72,646.85,0.0,0.0,3.147,2.86,-9.099,0.2028,0.7972,0.49501806048732705,0.42893021660295994,31.226501736861223,Transition Laggard
Mauritius,2014,MUS,1292006.0,23536142578.0,20.408,79.592,642.86,1.02,0.0,3.061,2.94,-8.971,0.20408,0.79592,0.4919646136892372,0.42971429971576985,31.391399153505617,Transition Laggard
Mauritius,2015,MUS,1292283.0,24404852680.0,22.742,77.258,622.07,1.003,0.0,4.013,2.99,-6.6370000000000005,0.22742,0.7725799999999999,0.47605454879392683,0.44401156522591395,33.40400975854054,Transition Laggard
Mauritius,2016,MUS,1291807.0,25347373765.0,21.967,78.033,632.79,0.984,0.656,3.279,3.05,-7.412000000000003,0.21967,0.7803300000000001,0.48425829557977224,0.4392641870038224,32.662705415563025,Transition Laggard
Mauritius,2017,MUS,1290654.0,26345551590.0,19.936,80.064,643.09,1.286,0.322,2.894,3.11,-9.443000000000001,0.19936,0.8006399999999999,0.4921406269131873,0.4268229932372831,31.060429225729568,Transition Laggard
Mauritius,2018,MUS,1288836.0,27401224769.0,20.513,79.487,634.62,1.603,0.321,3.846,3.12,-8.866,0.20513000000000003,0.79487,0.4856587486225052,0.4303574928942468,31.62169367785107,Transition Laggard
Mauritius,2019,MUS,1286269.0,28193387492.0,21.672,78.328,619.2,4.025,0.31,3.096,3.23,-7.707000000000001,0.21672000000000002,0.7832800000000001,0.47385820986898497,0.4374571204547682,32.71860156009689,Transition Laggard
Mauritius,2020,MUS,1283231.0,24077716198.0,24.138,75.862,613.79,5.172,0.69,4.138,2.9,-5.241,0.24138,0.75862,0.4697180727317252,0.45256297167499754,34.52829275683184,Transition Laggard
Mauritius,2021,MUS,1279628.0,24920195118.0,21.405,78.595,628.76,5.017,0.334,3.679,2.99,-7.974,0.21405000000000002,0.78595,0.4811742377862128,0.4358215720866412,32.35096763664429,Transition Laggard
Mauritius,2022,MUS,1276134.0,26988574640.0,19.551,80.449,615.39,5.128,0.641,4.167,3.12,-9.828000000000003,0.19551,0.80449,0.4709425125505081,0.4244646182495344,31.324006459980314,Transition Laggard
Mauritius,2023,MUS,1273591.0,,17.431,82.569,633.03,4.587,0.306,2.752,3.27,-11.948,0.17431000000000002,0.82569,0.4844419615525897,0.4114782416936195,29.519724586589547,Transition Laggard
Mauritius,2024,MUS,1271171.0,,17.889,82.111,642.23,4.985,0.293,3.226,3.41,-11.490000000000002,0.17889,0.82111,0.49148249051059145,0.41428378908164265,29.660594573459854,Transition Laggard
Mexico,2000,MEX,98625553.0,1241194674661.0,19.379,76.584,525.39,0.005,0.01,16.241,203.62,0.0,0.19379000000000002,0.7658400000000001,0.40206777274396965,0.48466749975497403,34.85496817772537,Transition Laggard
Mexico,2001,MEX,100099101.0,1251502726420.0,16.516,79.331,543.91,0.005,0.01,13.529,210.22,-2.863000000000003,0.16515999999999997,0.7933100000000001,0.41624066364638174,0.46712976575517,32.548779895168,Transition Laggard
Mexico,2002,MEX,101548627.0,1275458026881.0,14.351,81.129,553.42,0.005,0.009,11.524,215.73,-5.0280000000000005,0.14351,0.8112900000000001,0.4235184278192727,0.45386773497990784,30.960655329216795,Transition Laggard
Mexico,2003,MEX,102978517.0,1306677417369.0,11.93,83.402,570.17,0.004,0.009,8.826,224.9,-7.449000000000002,0.1193,0.83402,0.4363367821721562,0.4390375379790258,29.00214351538148,Transition Laggard
Mexico,2004,MEX,104394131.0,1373060298988.0,13.794,82.302,553.93,0.004,0.008,10.697,235.39,-5.585000000000001,0.13794,0.8230200000000001,0.4239087180115097,0.4504557483093208,30.41151827435207,Transition Laggard
Mexico,2005,MEX,105811504.0,1427140428046.0,14.469,81.175,555.83,0.004,0.008,11.175,247.97,-4.910000000000002,0.14468999999999999,0.81175,0.4253627402963145,0.45459056159952954,30.95518991658508,Transition Laggard
Mexico,2006,MEX,107253666.0,1510732401129.0,14.829,80.929,546.81,0.004,0.02,11.883,256.25,-4.550000000000001,0.14829,0.8092900000000001,0.41845996081792575,0.45679579535430753,31.348337909866466,Transition Laggard
Mexico,2007,MEX,108774356.0,1572479287017.0,13.618,82.424,554.21,0.004,0.095,10.385,263.26,-5.761000000000001,0.13618,0.8242400000000001,0.4241229949797968,0.4493776340292071,30.297889635943182,Transition Laggard
Mexico,2008,MEX,110374286.0,1607479004533.0,17.598,78.763,522.04,0.007,0.093,14.564,269.29,-1.7810000000000024,0.17598,0.78763,0.3995041018733929,0.47375771831814173,33.5873132279373,Transition Laggard
Mexico,2009,MEX,111999720.0,1543820957956.0,13.034,83.045,554.08,0.011,0.224,9.979,267.76,-6.345000000000001,0.13034,0.83045,0.42402350924452065,0.4458002548270117,29.88706609129216,Transition Laggard
Mexico,2010,MEX,113623898.0,1638271507559.0,16.863,81.003,541.93,0.011,0.45,13.499,275.57,-2.516000000000002,0.16863,0.81003,0.4147254193706379,0.4692553660688033,32.3219950067661,Transition Laggard
Mexico,2011,MEX,115243503.0,1716088331953.0,15.721,80.825,539.79,0.014,0.565,12.415,292.15,-3.6580000000000013,0.15721000000000002,0.80825,0.4130877311130158,0.4622598745467019,31.902804840375133,Transition Laggard
Mexico,2012,MEX,116818208.0,1774999946047.0,14.528,82.513,550.26,0.024,1.245,10.746,296.39,-4.851000000000001,0.14528000000000002,0.82513,0.4211001591771764,0.45495197490934036,30.753325644210694,Transition Laggard
Mexico,2013,MEX,118343572.0,1803059285337.0,13.503,82.526,546.82,0.037,1.407,9.41,297.12,-5.876000000000001,0.13503,0.82526,0.41846761356679324,0.4486731843575419,30.362957426193297,Transition Laggard
Mexico,2014,MEX,119784265.0,1854551091374.0,17.684,79.125,525.6,0.073,2.12,12.821,303.33,-1.6950000000000003,0.17684000000000002,0.79125,0.4022284804701849,0.4742845241595609,33.466705850638796,Transition Laggard
Mexico,2015,MEX,121072310.0,1916008739051.0,15.543,80.726,533.9,0.064,2.819,9.953,310.36,-3.836000000000002,0.15542999999999998,0.80726,0.4085802620301212,0.4611695089679506,31.961586083766225,Transition Laggard
Mexico,2016,MEX,122251344.0,1961906742138.0,15.29,81.411,537.6,0.078,3.24,9.374,320.35,-4.089000000000002,0.1529,0.81411,0.4114117791110567,0.45961971969028714,31.607751317577886,Transition Laggard
Mexico,2017,MEX,123400052.0,2007719438156.0,15.43,81.263,533.68,0.362,3.227,9.383,329.09,-3.9490000000000016,0.1543,0.8126300000000001,0.40841190155503854,0.46047731059492303,31.781612120047882,Transition Laggard
Mexico,2018,MEX,124573713.0,2051539127317.0,15.815,80.306,523.92,0.919,3.562,9.227,349.29,-3.564000000000002,0.15814999999999999,0.80306,0.40094281866046283,0.46283568558267174,32.3777148172285,Transition Laggard
Mexico,2019,MEX,125762978.0,2047701179708.0,16.687,80.065,525.73,2.891,4.855,6.849,344.57,-2.692,0.16687000000000002,0.80065,0.402327966205461,0.46817725178868963,32.78865962169382,Transition Laggard
Mexico,2020,MEX,126799053.0,1880176557054.0,21.297,75.271,484.05,4.863,6.048,8.234,325.73,1.9179999999999993,0.21297000000000002,0.75271,0.37043130892616627,0.49641649514848574,36.82166470407313,Transition Laggard
Mexico,2021,MEX,127648151.0,1973141022977.0,24.983,71.39,456.25,6.144,6.412,10.566,328.59,5.603999999999999,0.24983000000000002,0.7139,0.3491566670748133,0.518995638537685,39.952567901194946,Transition Laggard
Mexico,2022,MEX,128613116.0,2033437602787.0,24.439,72.371,464.38,5.98,6.036,10.454,340.15,5.059999999999999,0.24439,0.72371,0.3553783519040039,0.5156632853082427,39.31139048202355,Transition Laggard
Mexico,2023,MEX,129739761.0,,20.267,76.21,489.05,6.636,5.886,5.86,351.7,0.8879999999999981,0.20267,0.7621,0.37425768335986287,0.4901070763500931,36.03611406125483,Transition Laggard
Mexico,2024,MEX,130861001.0,,21.116,75.418,483.14,7.241,5.561,6.628,355.18,1.7369999999999983,0.21116000000000001,0.7541800000000001,0.3697349087792335,0.4953077526217779,36.722343569845826,Transition Laggard
Mexico,2025,MEX,131946897.0,,23.092,74.062,474.02,7.379,5.989,8.054,356.97,3.7129999999999974,0.23092,0.74062,0.3627556018121709,0.5074120356757816,38.10899048983245,Transition Laggard
Moldova,2000,MDA,4234969.0,12554043876.0,7.156,92.844,662.39,0.0,0.0,7.156,5.45,0.0,0.07156,0.9284399999999999,0.5069104322272561,0.48466749975497403,23.89085169064321,Transition Laggard
Moldova,2001,MDA,4189769.0,13087722618.0,6.154,93.846,670.09,0.0,0.0,6.154,5.85,-1.0019999999999998,0.06154,0.9384600000000001,0.5128030488551488,0.4785295991375086,23.050267765683905,Transition Laggard
Moldova,2002,MDA,4142937.0,13857813762.0,6.206,93.794,668.44,0.0,0.0,6.206,5.64,-0.9499999999999993,0.062060000000000004,0.93794,0.511540345292029,0.4788481329020876,23.117813361230592,Transition Laggard
Moldova,2003,MDA,4095418.0,14513550202.0,6.239,93.761,668.98,0.0,0.0,6.239,5.77,-0.9169999999999998,0.06239,0.9376099999999999,0.5119535937308681,0.4790502793296089,23.13031434667243,Transition Laggard
Moldova,2004,MDA,4046672.0,15302841155.0,6.034,93.966,670.69,0.0,0.0,6.034,5.8,-1.1219999999999999,0.06034,0.9396599999999999,0.5132622137871924,0.47779452121924926,22.95576247360893,Transition Laggard
Moldova,2005,MDA,3988668.0,16157452511.0,6.03,93.97,671.69,0.0,0.0,6.03,5.97,-1.1259999999999994,0.060300000000000006,0.9397,0.5140274886739318,0.47777001862197394,22.933863062481315,Transition Laggard
Moldova,2006,MDA,3921320.0,16628252777.0,6.086,93.914,671.05,0.0,0.0,6.086,6.08,-1.0699999999999994,0.060860000000000004,0.9391400000000001,0.5135377127464185,0.4781130549838283,22.984853006096962,Transition Laggard
Moldova,2007,MDA,3851397.0,16819758019.0,5.963,94.037,671.21,0.0,0.0,5.963,5.87,-1.1929999999999996,0.05963,0.94037,0.5136601567282968,0.47735960011761247,22.896690083556763,Transition Laggard
Moldova,2008,MDA,3779503.0,17815141666.0,6.323,93.677,668.89,0.0,0.0,6.323,6.01,-0.8329999999999993,0.06323000000000001,0.9367700000000001,0.5118847189910616,0.47956483387239046,23.190154533309315,Transition Laggard
Moldova,2009,MDA,3706212.0,16449234621.0,5.654,94.346,672.05,0.0,0.0,5.654,6.19,-1.5019999999999998,0.05654,0.9434600000000001,0.5143029876331578,0.47546677447809466,22.66682692634247,Transition Laggard
Moldova,2010,MDA,3631990.0,17299250407.0,6.547,93.453,666.12,0.0,0.0,6.547,6.11,-0.609,0.06547,0.9345300000000001,0.5097649075547936,0.4809369793198079,23.398132000927273,Transition Laggard
Moldova,2011,MDA,3557278.0,18145357193.0,6.055,93.945,669.55,0.0,0.0,6.055,5.78,-1.101,0.06055,0.9394499999999999,0.5123898004163095,0.4779231598549446,22.992102387416434,Transition Laggard
Moldova,2012,MDA,3482629.0,18038303680.0,4.647,95.353,679.86,0.0,0.0,4.647,5.81,-2.5089999999999995,0.046470000000000004,0.95353,0.5202797844985919,0.4692982456140351,21.820679071745726,Transition Laggard
Moldova,2013,MDA,3408741.0,19669685322.0,6.874,93.126,665.19,0.0,0.0,6.874,4.51,-0.28200000000000003,0.06874,0.9312600000000001,0.5090532019101262,0.48294006664706457,23.642170951952814,Transition Laggard
Moldova,2014,MDA,3342715.0,20653170404.0,6.145,93.855,670.39,0.0,0.0,5.959,5.37,-1.0110000000000001,0.06145,0.9385500000000001,0.5130326313211706,0.47847446829363915,23.03830124137532,Transition Laggard
Moldova,2015,MDA,3287168.0,20583362405.0,4.47,95.53,682.12,0.0,0.0,4.305,6.04,-2.686,0.0447,0.9553,0.5220093057426227,0.4682140056846026,21.65497744170347,Transition Laggard
Moldova,2016,MDA,3237798.0,21490882450.0,4.103,95.897,683.76,0.0,0.0,3.932,5.85,-3.053,0.04103,0.9589700000000001,0.5232643565568752,0.46596589238459274,21.369679471847007,Transition Laggard
Moldova,2017,MDA,3193500.0,22393497127.0,6.25,93.75,669.36,0.0,0.202,5.645,4.96,-0.9059999999999997,0.0625,0.9375,0.5122443981878291,0.47911766147211604,23.130654967386015,Transition Laggard
Moldova,2018,MDA,3153779.0,23311634910.0,5.948,94.052,672.86,0.0,0.372,5.019,5.38,-1.2079999999999993,0.059480000000000005,0.9405200000000001,0.5149228602914167,0.4772677153778301,22.85474422338203,Transition Laggard
Moldova,2019,MDA,3112561.0,24150849841.0,6.503,93.497,669.6,0.0,0.703,5.272,5.69,-0.6529999999999996,0.06503,0.93497,0.5124280641606466,0.48066745074977946,23.301110157230532,Transition Laggard
Moldova,2020,MDA,3069135.0,22146328756.0,5.825,94.175,673.14,0.0,0.809,4.531,6.18,-1.3309999999999995,0.05825,0.94175,0.5151371372597037,0.4765142605116142,22.764285476181623,Transition Laggard
Moldova,2021,MDA,3023780.0,25234640526.0,6.607,93.393,668.17,0.15,1.201,4.805,6.66,-0.5489999999999995,0.06607,0.93393,0.5113337210726092,0.48130451827893755,23.40042474736883,Transition Laggard
Moldova,2022,MDA,3039986.0,23827554273.0,9.568,90.432,647.28,0.938,2.627,5.441,5.33,2.412,0.09568,0.90432,0.49534712868862496,0.49944256591198666,25.848760271464176,Transition Laggard
Moldova,2023,MDA,3067072.0,,9.606,90.394,642.52,1.417,2.992,5.039,6.35,2.45,0.09606,0.9039400000000001,0.4917044202277458,0.49967534058610213,25.96611960309788,Transition Laggard
Moldova,2024,MDA,3034967.0,,10.708,89.292,634.27,1.647,3.46,5.272,6.07,3.5520000000000005,0.10708000000000001,0.89292,0.48539090241214644,0.5064258061354504,26.886414531728096,Transition Laggard
Moldova,2025,MDA,2996104.0,,11.201,88.799,633.12,2.597,2.597,5.682,6.16,4.045000000000001,0.11201000000000001,0.8879900000000001,0.4845108362923962,0.5094457512496324,27.24951536143458,Transition Laggard
Mongolia,2000,MNG,2455182.0,7225650413.0,0.0,100.0,910.35,0.0,0.0,0.0,2.9,0.0,0.0,1.0,0.696667993143137,0.48466749975497403,14.853312667746184,Transition Laggard
Mongolia,2001,MNG,2477704.0,7799420655.0,0.0,100.0,909.09,0.0,0.0,0.0,2.97,0.0,0.0,1.0,0.6957037467858455,0.48466749975497403,14.877418826678474,Transition Laggard
Mongolia,2002,MNG,2500074.0,8569503317.0,0.0,100.0,909.39,0.0,0.0,0.0,3.09,0.0,0.0,1.0,0.6959333292518672,0.48466749975497403,14.871679265027929,Transition Laggard
Mongolia,2003,MNG,2521809.0,9616040556.0,0.0,100.0,909.97,0.0,0.0,0.0,3.11,0.0,0.0,1.0,0.6963771886861762,0.48466749975497403,14.860582779170207,Transition Laggard
Mongolia,2004,MNG,2542801.0,11156311740.0,0.0,100.0,908.54,0.0,0.0,0.0,3.28,0.0,0.0,1.0,0.6952828455981388,0.48466749975497403,14.88794135637114,Transition Laggard
Mongolia,2005,MNG,2563466.0,12547451302.0,0.0,100.0,908.82,0.0,0.0,0.0,3.4,0.0,0.0,1.0,0.6954971225664259,0.48466749975497403,14.882584432163961,Transition Laggard
Mongolia,2006,MNG,2584761.0,14288905306.0,0.0,100.0,909.35,0.0,0.0,0.0,3.53,0.0,0.0,1.0,0.6959027182563977,0.48466749975497403,14.872444539914667,Transition Laggard
Mongolia,2007,MNG,2607976.0,16520107221.0,0.0,100.0,905.66,0.0,0.0,0.0,3.71,0.0,0.0,1.0,0.6930788539243296,0.48466749975497403,14.943041148216372,Transition Laggard
Mongolia,2008,MNG,2634431.0,18865759800.0,0.25,99.75,905.0,0.25,0.0,0.0,4.0,0.25,0.0025,0.9975,0.6925737724990817,0.48619891208468097,15.12863936879317,Transition Laggard
Mongolia,2009,MNG,2665333.0,19534582355.0,0.743,99.257,898.52,0.248,0.0,0.495,4.04,0.743,0.00743,0.9925700000000001,0.687614791233011,0.4892188571988631,15.593713077157673,Transition Laggard
Mongolia,2010,MNG,2701739.0,21791068014.0,1.157,98.843,893.52,0.231,0.0,0.926,4.32,1.157,0.01157,0.98843,0.6837884167993143,0.4917548760168578,15.975812720270005,Transition Laggard
Mongolia,2011,MNG,2745183.0,26811268000.0,1.322,98.678,889.87,0.22,0.0,1.101,4.54,1.322,0.01322,0.98678,0.6809951634627158,0.49276560815446435,16.15980503574907,Transition Laggard
Mongolia,2012,MNG,2795463.0,30114910000.0,1.247,98.753,889.81,0.208,0.0,1.04,4.81,1.247,0.012470000000000002,0.98753,0.6809492469695114,0.4923061844555523,16.1090615925955,Transition Laggard
Mongolia,2013,MNG,2851887.0,33619040000.0,2.39,97.61,880.48,0.199,0.996,1.195,5.02,2.39,0.0239,0.9761,0.6738092322762337,0.49930780162697247,17.078386217498746,Transition Laggard
Mongolia,2014,MNG,2913041.0,36271699000.0,3.903,96.097,868.03,0.186,2.416,1.301,5.38,3.903,0.03903,0.96097,0.6642815599363291,0.508575909046359,18.363399637287156,Transition Laggard
Mongolia,2015,MNG,2976528.0,37107214000.0,3.993,96.007,867.51,0.181,2.722,1.089,5.51,3.993,0.03993,0.9600700000000001,0.6638836169952247,0.5091272174850534,18.435617837395178,Transition Laggard
Mongolia,2016,MNG,3040815.0,37322351698.0,4.409,95.591,867.73,0.176,2.646,1.587,5.67,4.409,0.04409,0.9559099999999999,0.6640519774703073,0.5116754876016858,18.719232877267604,Transition Laggard
Mongolia,2017,MNG,3104371.0,39053686549.0,4.146,95.854,865.67,0.498,2.322,1.327,6.03,4.146,0.04146,0.9585400000000001,0.6624755112036244,0.5100644418308341,18.576678847371902,Transition Laggard
Mongolia,2018,MNG,3167714.0,41646694213.0,6.697,93.303,843.23,0.913,4.566,1.218,6.57,6.697,0.06697,0.93303,0.6453027427451941,0.5256909732431638,20.770996030017606,Transition Laggard
Mongolia,2019,MNG,3232118.0,43979841080.0,9.942,90.058,812.68,1.729,6.916,1.297,6.94,9.942,0.09942000000000001,0.90058,0.6219235949553079,0.54556870528276,23.6006407053587,Transition Laggard
Mongolia,2020,MNG,3290786.0,41975349786.0,10.241,89.759,810.24,1.807,7.229,1.205,6.64,10.241,0.10241,0.89759,0.620056324231664,0.5474002744290895,23.854196010644742,Transition Laggard
Mongolia,2021,MNG,3339676.0,42662390805.0,11.156,88.844,802.42,2.285,7.796,1.075,7.44,11.156,0.11156,0.88844,0.6140718746173626,0.5530052435558169,24.63688178790319,Transition Laggard
Mongolia,2022,MNG,3386015.0,44809463232.0,9.806,90.194,814.19,2.452,6.581,0.774,7.75,9.806,0.09806,0.9019400000000001,0.6230791600342843,0.5447356169753994,23.47765525377388,Transition Laggard
Mongolia,2023,MNG,3431938.0,,9.168,90.832,816.65,2.292,6.152,0.724,8.29,9.168,0.09168,0.9083199999999999,0.624961736255663,0.5408274527099872,22.989168384258235,Transition Laggard
Mongolia,2024,MNG,3475541.0,,8.844,91.156,810.66,2.381,5.782,0.68,8.82,8.844,0.08843999999999999,0.91156,0.6203777396840945,0.5388427423306871,22.87959764285794,Transition Laggard
Mongolia,2025,MNG,3517097.0,,8.359,91.641,816.31,2.167,5.573,0.619,9.69,8.359,0.08359,0.9164100000000001,0.6247015427941717,0.5358718024110556,22.43593846631154,Transition Laggard
Montenegro,2005,MNE,634059.0,5587145362.0,65.157,34.843,369.34,0.0,,65.157,2.87,0.0,0.65157,0.34843,0.28264662666829926,0.48466749975497403,64.29804682961714,Emerging Improver
Montenegro,2006,MNE,633876.0,6395709656.0,59.322,40.678,427.12,0.0,,59.322,2.95,-5.834999999999994,0.5932200000000001,0.40678,0.32686420962409696,0.4489243359796139,59.155459799091794,Mixed Performer
Montenegro,2007,MNE,633388.0,7462959925.0,59.813,40.187,420.56,0.0,,59.813,2.14,-5.343999999999994,0.59813,0.40187,0.32184400636708704,0.45193202979515834,59.620680287750204,Mixed Performer
Montenegro,2008,MNE,632855.0,8414771352.0,54.417,45.583,477.03,0.0,,54.417,2.83,-10.739999999999995,0.54417,0.45583,0.36505907922125624,0.4188780260707635,54.806893410530044,Mixed Performer
Montenegro,2009,MNE,632445.0,8371377925.0,75.0,25.0,271.74,0.0,,75.0,2.76,9.843000000000004,0.75,0.25,0.20795579772254194,0.544962266000196,72.97553904693939,Emerging Improver
Montenegro,2010,MNE,632088.0,9033097807.0,68.408,31.592,338.31,0.0,,68.408,4.02,3.2510000000000048,0.68408,0.31592,0.25890014693277824,0.5045819856904832,67.1410261120378,Emerging Improver
Montenegro,2011,MNE,632689.0,9801452189.0,45.283,54.717,566.04,0.0,,45.283,2.65,-19.873999999999995,0.45283,0.54717,0.4331761968899228,0.3629263451925904,46.784290255640784,Mixed Performer
Montenegro,2012,MNE,633546.0,9593079942.0,51.93,48.07,501.75,0.0,,51.93,2.85,-13.226999999999997,0.5193,0.4807,0.38397667442145217,0.4036435362148388,52.61323618268627,Mixed Performer
Montenegro,2013,MNE,633199.0,9985414363.0,63.452,36.548,385.79,0.0,,63.452,3.94,-1.7049999999999983,0.63452,0.36548,0.295235398555161,0.4742232676663726,62.80366405111655,Emerging Improver
Montenegro,2014,MNE,631377.0,10205667487.0,55.205,44.795,466.88,0.0,,55.205,3.17,-9.951999999999998,0.55205,0.44795,0.3572915391208522,0.4237050377339998,55.5462870879887,Mixed Performer
Montenegro,2015,MNE,628145.0,10689584516.0,49.667,50.333,523.33,0.0,,49.667,3.0,-15.489999999999995,0.49667,0.5033299999999999,0.4004913064772867,0.38978119180633153,50.6346352151628,Mixed Performer
Montenegro,2016,MNE,624246.0,10988665274.0,58.599,41.401,433.12,0.0,,58.599,3.14,-6.558,0.58599,0.41401000000000004,0.3314558589445329,0.4444954915221013,58.54043589921819,Mixed Performer
Montenegro,2017,MNE,620112.0,11487747356.0,45.161,54.839,564.52,0.0,4.032,41.129,2.48,-19.995999999999995,0.45161,0.54839,0.4320129790620791,0.36217901597569346,46.72896076308343,Mixed Performer
Montenegro,2018,MNE,615798.0,12049855060.0,59.211,40.789,426.32,0.0,3.684,55.526,3.8,-5.945999999999998,0.59211,0.40789000000000003,0.32625198971470554,0.44824438890522394,59.09396609071072,Mixed Performer
Montenegro,2019,MNE,611671.0,12539436047.0,56.268,43.732,454.81,0.0,8.746,47.522,3.43,-8.888999999999996,0.5626800000000001,0.43732,0.3480546712379087,0.43021660295991376,56.512682263450984,Mixed Performer
Montenegro,2020,MNE,607934.0,10620037519.0,52.212,47.788,495.58,0.0,9.44,42.773,3.39,-12.944999999999993,0.52212,0.47787999999999997,0.3792549283702706,0.40537096932274824,52.92639133058445,Mixed Performer
Montenegro,2021,MNE,603854.0,12005261164.0,61.804,38.196,400.53,0.0,8.488,53.316,3.77,-3.3529999999999944,0.61804,0.38195999999999997,0.3065155503856985,0.46412819758894447,61.381434204191706,Emerging Improver
Montenegro,2022,MNE,614649.0,12774399882.0,53.172,46.828,483.38,0.0,9.668,43.505,3.31,-11.985,0.53172,0.46828000000000003,0.3699185747520509,0.4112515926688229,53.82400952123106,Mixed Performer
Montenegro,2023,MNE,633553.0,,60.859,39.141,410.5,0.477,7.399,52.983,4.19,-4.297999999999995,0.6085900000000001,0.39141,0.31414534100648955,0.4583394589826522,60.536858359577536,Emerging Improver
Montenegro,2024,MNE,638481.0,,59.49,40.51,422.1,1.7,7.649,50.142,3.53,-5.6669999999999945,0.5949,0.4051,0.32302252969266565,0.4499534450651769,59.36773843366101,Mixed Performer
Montenegro,2025,MNE,632730.0,,75.61,24.39,264.23,5.691,11.382,58.537,2.46,10.453000000000003,0.7561,0.2439,0.2022085833231297,0.548698912084681,73.54126909819196,Emerging Improver
Montserrat,2000,MSR,5053.0,,0.0,100.0,1000.0,0.0,0.0,0.0,0.01,0.0,0.0,1.0,0.7652748867393168,0.48466749975497403,13.138140327841692,Transition Laggard
Montserrat,2001,MSR,4616.0,,0.0,100.0,1000.0,0.0,0.0,0.0,0.01,0.0,0.0,1.0,0.7652748867393168,0.48466749975497403,13.138140327841692,Transition Laggard
Montserrat,2002,MSR,4500.0,,0.0,100.0,1000.0,0.0,0.0,0.0,0.01,0.0,0.0,1.0,0.7652748867393168,0.48466749975497403,13.138140327841692,Transition Laggard
Montserrat,2003,MSR,4515.0,,0.0,100.0,1000.0,0.0,0.0,0.0,0.01,0.0,0.0,1.0,0.7652748867393168,0.48466749975497403,13.138140327841692,Transition Laggard
Montserrat,2004,MSR,4541.0,,0.0,100.0,1000.0,0.0,0.0,0.0,0.01,0.0,0.0,1.0,0.7652748867393168,0.48466749975497403,13.138140327841692,Transition Laggard
Montserrat,2005,MSR,4574.0,,0.0,100.0,1000.0,0.0,0.0,0.0,0.01,0.0,0.0,1.0,0.7652748867393168,0.48466749975497403,13.138140327841692,Transition Laggard
Montserrat,2006,MSR,4606.0,,0.0,100.0,1000.0,0.0,0.0,0.0,0.01,0.0,0.0,1.0,0.7652748867393168,0.48466749975497403,13.138140327841692,Transition Laggard
Montserrat,2007,MSR,4649.0,,0.0,100.0,1000.0,0.0,0.0,0.0,0.01,0.0,0.0,1.0,0.7652748867393168,0.48466749975497403,13.138140327841692,Transition Laggard
Montserrat,2008,MSR,4700.0,,0.0,100.0,1000.0,0.0,0.0,0.0,0.01,0.0,0.0,1.0,0.7652748867393168,0.48466749975497403,13.138140327841692,Transition Laggard
Montserrat,2009,MSR,4759.0,,0.0,100.0,1000.0,0.0,0.0,0.0,0.01,0.0,0.0,1.0,0.7652748867393168,0.48466749975497403,13.138140327841692,Transition Laggard
Montserrat,2010,MSR,4819.0,,0.0,100.0,1000.0,0.0,0.0,0.0,0.01,0.0,0.0,1.0,0.7652748867393168,0.48466749975497403,13.138140327841692,Transition Laggard
Montserrat,2011,MSR,4846.0,,0.0,100.0,1000.0,0.0,0.0,0.0,0.01,0.0,0.0,1.0,0.7652748867393168,0.48466749975497403,13.138140327841692,Transition Laggard
Montserrat,2012,MSR,4822.0,,0.0,100.0,1000.0,0.0,0.0,0.0,0.01,0.0,0.0,1.0,0.7652748867393168,0.48466749975497403,13.138140327841692,Transition Laggard
Montserrat,2013,MSR,4774.0,,0.0,100.0,1000.0,0.0,0.0,0.0,0.01,0.0,0.0,1.0,0.7652748867393168,0.48466749975497403,13.138140327841692,Transition Laggard
Montserrat,2014,MSR,4738.0,,0.0,100.0,1000.0,0.0,0.0,0.0,0.01,0.0,0.0,1.0,0.7652748867393168,0.48466749975497403,13.138140327841692,Transition Laggard
Montserrat,2015,MSR,4693.0,,0.0,100.0,1000.0,0.0,0.0,0.0,0.01,0.0,0.0,1.0,0.7652748867393168,0.48466749975497403,13.138140327841692,Transition Laggard
Montserrat,2016,MSR,4665.0,,0.0,100.0,1000.0,0.0,0.0,0.0,0.01,0.0,0.0,1.0,0.7652748867393168,0.48466749975497403,13.138140327841692,Transition Laggard
Montserrat,2017,MSR,4624.0,,0.0,100.0,1000.0,0.0,0.0,0.0,0.01,0.0,0.0,1.0,0.7652748867393168,0.48466749975497403,13.138140327841692,Transition Laggard
Montserrat,2018,MSR,4595.0,,0.0,100.0,1000.0,0.0,0.0,0.0,0.01,0.0,0.0,1.0,0.7652748867393168,0.48466749975497403,13.138140327841692,Transition Laggard
Montserrat,2019,MSR,4564.0,,0.0,100.0,1000.0,0.0,0.0,0.0,0.01,0.0,0.0,1.0,0.7652748867393168,0.48466749975497403,13.138140327841692,Transition Laggard
Montserrat,2020,MSR,4532.0,,0.0,100.0,1000.0,0.0,0.0,0.0,0.01,0.0,0.0,1.0,0.7652748867393168,0.48466749975497403,13.138140327841692,Transition Laggard
Montserrat,2021,MSR,4505.0,,0.0,100.0,1000.0,0.0,0.0,0.0,0.01,0.0,0.0,1.0,0.7652748867393168,0.48466749975497403,13.138140327841692,Transition Laggard
Montserrat,2022,MSR,4476.0,,0.0,100.0,1000.0,0.0,0.0,0.0,0.01,0.0,0.0,1.0,0.7652748867393168,0.48466749975497403,13.138140327841692,Transition Laggard
Montserrat,2023,MSR,4440.0,,0.0,100.0,1000.0,0.0,0.0,0.0,0.01,0.0,0.0,1.0,0.7652748867393168,0.48466749975497403,13.138140327841692,Transition Laggard
Montserrat,2024,MSR,4414.0,,0.0,100.0,1000.0,0.0,0.0,0.0,0.01,0.0,0.0,1.0,0.7652748867393168,0.48466749975497403,13.138140327841692,Transition Laggard
Morocco,2000,MAR,28423439.0,136639290851.0,5.62,94.38,759.12,0.0,0.438,5.182,13.7,0.0,0.0562,0.9438,0.5809354720215502,0.48466749975497403,21.118625695785855,Transition Laggard
Morocco,2001,MAR,28814646.0,146692867628.0,6.859,93.141,769.23,0.0,1.346,5.513,15.6,1.2389999999999999,0.06859,0.9314100000000001,0.5886724011264847,0.49225717926100165,21.782447660752908,Transition Laggard
Morocco,2002,MAR,29198146.0,151385794465.0,6.821,93.179,765.56,0.0,1.258,5.563,15.1,1.2009999999999996,0.06820999999999999,0.93179,0.5858638422921513,0.49202440458688623,21.82637001149951,Transition Laggard
Morocco,2003,MAR,29571415.0,160559931983.0,10.037,89.963,735.01,0.0,1.224,8.813,16.34,4.417000000000001,0.10037000000000001,0.8996299999999999,0.5624846945022652,0.5117244927962364,24.635950029386915,Transition Laggard
Morocco,2004,MAR,29953021.0,168466885680.0,10.246,89.754,732.69,0.0,1.145,9.101,17.47,4.626,0.10246000000000001,0.8975400000000001,0.56070925676503,0.5130047535038714,24.824939883432318,Transition Laggard
Morocco,2005,MAR,30358145.0,174390745088.0,8.515,91.485,717.03,0.0,1.09,7.425,19.26,2.8950000000000005,0.08515,0.91485,0.5487250520386923,0.5024012545329805,23.926892517027397,Transition Laggard
Morocco,2006,MAR,30771179.0,188101125607.0,8.958,91.042,708.61,0.0,0.906,8.052,19.87,3.338,0.08958,0.91042,0.5422814374923473,0.5051149171812213,24.394487820409637,Transition Laggard
Morocco,2007,MAR,31186468.0,195286744421.0,8.177,91.823,707.47,0.0,1.422,6.755,19.69,2.5569999999999995,0.08177,0.91823,0.5414090241214644,0.5003307850632167,23.875936172911636,Transition Laggard
Morocco,2008,MAR,31606769.0,207385199268.0,8.206,91.794,695.82,0.0,1.474,6.732,20.35,2.5859999999999994,0.08206,0.91794,0.5324935716909515,0.5005084288934627,24.118887141128155,Transition Laggard
Morocco,2009,MAR,32030779.0,216763299753.0,15.958,84.042,635.45,0.0,1.863,14.095,20.93,10.338000000000001,0.15958,0.8404200000000001,0.48629392677849886,0.5479944624130157,30.63736876673276,Transition Laggard
Morocco,2010,MAR,32467009.0,225643836837.0,18.775,81.225,610.5,0.0,2.888,15.886,22.85,13.154999999999998,0.18775,0.8122499999999999,0.4672003183543529,0.5652504165441536,33.06374828930348,Transition Laggard
Morocco,2011,MAR,32912585.0,238103276789.0,11.617,88.383,652.71,0.0,2.833,8.785,24.36,5.997000000000001,0.11617000000000001,0.88383,0.49950257132361947,0.5214030187199843,27.30368099770928,Transition Laggard
Morocco,2012,MAR,33355246.0,245270189355.0,9.619,90.381,648.44,0.0,2.754,6.865,26.51,3.9989999999999997,0.09619,0.90381,0.4962348475572426,0.5091639713809664,26.002988381783425,Transition Laggard
Morocco,2013,MAR,33787573.0,256393198875.0,16.147,83.853,612.47,0.0,5.048,11.099,26.94,10.526999999999997,0.16146999999999997,0.83853,0.46870790988122935,0.5491522101342742,31.20778540498338,Transition Laggard
Morocco,2014,MAR,34204784.0,263251716082.0,14.103,85.897,651.35,0.0,6.838,7.229,28.08,8.483,0.14103,0.8589700000000001,0.498461797477654,0.5366313829265902,29.0497258069575,Transition Laggard
Morocco,2015,MAR,34607590.0,274689990243.0,16.082,83.918,639.92,0.0,8.425,7.623,29.91,10.462,0.16082000000000002,0.83918,0.48971470552222357,0.5487540429285505,30.63764300587267,Transition Laggard
Morocco,2016,MAR,35023459.0,276121131010.0,16.489,83.511,633.63,1.296,9.783,5.377,30.87,10.869,0.16489,0.83511,0.4849011264846333,0.5512471822013133,31.039579570903868,Transition Laggard
Morocco,2017,MAR,35446395.0,290087315215.0,15.842,84.158,637.45,1.284,9.518,4.915,31.94,10.222000000000001,0.15842,0.84158,0.4878244765519775,0.5472838870920318,30.51884639258104,Transition Laggard
Morocco,2018,MAR,35839760.0,298981397583.0,19.821,80.179,621.53,2.749,11.169,5.787,34.56,14.201,0.19821000000000003,0.80179,0.47564130035508756,0.5716578457316476,33.57643517709752,Transition Laggard
Morocco,2019,MAR,36210907.0,307624970074.0,19.787,80.213,631.75,3.913,11.689,4.086,40.38,14.166999999999998,0.19787,0.80213,0.4834624096975634,0.5714495736548074,33.357383362383025,Transition Laggard
Morocco,2020,MAR,36584208.0,285515953096.0,19.175,80.825,645.62,3.918,11.83,3.325,38.8,13.555,0.19175,0.80825,0.4940767723766377,0.5677006762716847,32.66859083465933,Transition Laggard
Morocco,2021,MAR,36954443.0,308157391278.0,19.806,80.194,639.95,4.407,12.373,2.93,41.3,14.186,0.19806,0.8019400000000001,0.4897376637688258,0.5715659609918652,33.213647820657336,Transition Laggard
Morocco,2022,MAR,37329068.0,311654947615.0,18.184,81.816,662.64,3.502,12.944,1.642,41.41,12.564,0.18184,0.81816,0.5071017509489408,0.5616301577967264,31.657308593227373,Transition Laggard
Morocco,2023,MAR,37712516.0,,21.715,78.285,616.35,4.969,15.426,1.225,42.46,16.095,0.21715,0.7828499999999999,0.4716771764417779,0.5832598255415073,34.985967972078164,Transition Laggard
Morocco,2024,MAR,38081176.0,,24.41,75.59,594.81,5.684,16.722,1.91,42.4,18.79,0.2441,0.7559,0.455193155381413,0.5997684504557483,37.2626978723009,Transition Laggard
Morocco,2025,MAR,38430774.0,,23.955,76.045,596.4,5.775,16.045,2.045,44.5,18.334999999999997,0.23954999999999999,0.7604500000000001,0.4564099424513285,0.5969812800156816,36.917470638952004,Transition Laggard
Mozambique,2000,MOZ,18129652.0,20141918616.0,99.896,0.104,25.08,0.0,0.0,99.896,9.57,0.0,0.9989600000000001,0.00104,0.019193094159422063,0.48466749975497403,91.72778514233906,Transition Leader
Mozambique,2001,MOZ,18537735.0,20943673338.0,99.66,0.34,26.36,0.0,0.0,99.66,11.76,-0.2360000000000042,0.9966,0.0034000000000000002,0.02017264601444839,0.48322184651573064,91.54001154737476,Transition Leader
Mozambique,2002,MOZ,18958338.0,21025370393.0,99.762,0.238,25.44,0.0,0.0,99.762,12.58,-0.13400000000000034,0.9976200000000001,0.0023799999999999997,0.01946859311864822,0.4838466627462511,91.62818511322756,Transition Leader
Mozambique,2003,MOZ,19392477.0,20673806269.0,99.722,0.278,25.95,0.0,0.0,99.722,10.79,-0.1740000000000066,0.99722,0.0027800000000000004,0.01985888331088527,0.48360163677349793,91.59075246883033,Transition Leader
Mozambique,2004,MOZ,19840312.0,20561725686.0,99.569,0.431,26.72,0.0,0.0,99.569,11.6,-0.3269999999999982,0.9956900000000001,0.0043100000000000005,0.02044814497367454,0.48266441242771735,91.4701625620739,Transition Leader
Mozambique,2005,MOZ,20304577.0,20658231192.0,99.848,0.152,25.1,0.0,0.0,99.848,13.15,-0.04800000000000182,0.99848,0.00152,0.01920839965715685,0.4843734685876703,91.69419203738613,Transition Leader
Mozambique,2006,MOZ,20787088.0,20951970966.0,99.863,0.137,25.36,0.0,0.0,99.863,14.59,-0.03300000000000125,0.99863,0.0013700000000000001,0.019407371127709072,0.4844653533274527,91.69959602171906,Transition Leader
Mozambique,2007,MOZ,21287638.0,20803537606.0,99.937,0.063,24.51,0.0,0.0,99.937,15.91,0.04099999999999682,0.99937,0.00063,0.018756887473980657,0.48491865137704593,91.76705758380616,Transition Leader
Mozambique,2008,MOZ,21819037.0,20553356220.0,99.933,0.067,24.72,0.0,0.0,99.933,14.97,0.03700000000000614,0.99933,0.00067,0.01891759520019591,0.4848941487797707,91.76027235169167,Transition Leader
Mozambique,2009,MOZ,22391751.0,20249940482.0,99.94,0.06,24.42,0.0,0.0,99.94,16.79,0.04399999999999693,0.9994,0.0006,0.018688012734174118,0.4849370283250024,91.77085510652067,Transition Leader
Mozambique,2010,MOZ,22999234.0,20039610112.0,99.88,0.12,24.6,0.0,0.0,99.88,16.67,-0.016000000000005343,0.9988,0.0012,0.018825762213787192,0.48456948936587274,91.72589828514342,Transition Leader
Mozambique,2011,MOZ,23649045.0,19919625683.0,99.337,0.663,27.73,0.0,0.0,99.337,16.59,-0.5589999999999975,0.9933700000000001,0.0066300000000000005,0.021221072609281254,0.48124326178574933,91.29032211155422,Transition Leader
Mozambique,2012,MOZ,24337849.0,21365393250.0,99.265,0.735,28.06,0.0,0.0,99.265,14.97,-0.6310000000000002,0.99265,0.00735,0.021473613321905227,0.4808022150347937,91.23419289247428,Transition Leader
Mozambique,2013,MOZ,25051613.0,22853277292.0,98.588,1.412,32.95,0.0,0.0,98.588,14.87,-1.308000000000007,0.98588,0.014119999999999999,0.02521580751806049,0.47665515044594725,90.67223206873769,Transition Leader
Mozambique,2014,MOZ,25788473.0,24544192952.0,98.659,1.341,32.32,0.0,0.0,98.659,16.4,-1.2369999999999948,0.9865900000000001,0.01341,0.024733684339414717,0.4770900715475841,90.7334089647284,Transition Leader
Mozambique,2015,MOZ,26547576.0,26194296097.0,92.982,7.018,68.01,0.0,0.0,92.982,18.38,-6.9140000000000015,0.92982,0.07018,0.05204634504714094,0.44231476036459866,86.12276277929045,Transition Leader
Mozambique,2016,MOZ,27337107.0,27195969056.0,82.715,17.285,132.56,0.0,0.0,82.715,18.86,-17.180999999999997,0.82715,0.17285,0.10144483898616383,0.37942271880819367,77.7842198074688,Transition Leader
Mozambique,2017,MOZ,28166397.0,28213368238.0,80.499,19.501,147.96,0.0,0.0,79.705,17.64,-19.397000000000006,0.80499,0.19501000000000002,0.11323007224194931,0.3658482799176712,75.95637239271633,Transition Leader
Mozambique,2018,MOZ,29018647.0,29185036688.0,81.797,18.203,139.44,0.0,0.0,81.097,17.14,-18.099000000000004,0.81797,0.18203,0.10670993020693033,0.3737993727335097,77.01744233582939,Transition Leader
Mozambique,2019,MOZ,29884378.0,29860675429.0,79.358,20.642,154.29,0.158,0.0,78.62,18.99,-20.537999999999997,0.7935800000000001,0.20642,0.11807426227500918,0.3588589140448888,75.0458271537981,Transition Leader
Mozambique,2020,MOZ,30783685.0,29502646219.0,83.491,16.509,128.29,0.368,0.0,82.545,19.02,-16.405,0.83491,0.16509000000000001,0.09817711521978695,0.38417622267960405,78.4028154596994,Transition Leader
Mozambique,2021,MOZ,31707798.0,30189464161.0,82.98,17.02,131.5,0.371,0.0,82.025,18.86,-16.915999999999997,0.8298000000000001,0.1702,0.10063364760622015,0.38104601587768305,77.98784904800975,Transition Leader
Mozambique,2022,MOZ,32656242.0,31441725629.0,83.691,16.309,127.81,0.358,0.0,82.669,19.56,-16.205,0.83691,0.16309,0.09780978327415207,0.3854013525433696,78.55037570629673,Transition Leader
Mozambique,2023,MOZ,33635163.0,,83.567,16.433,128.76,0.351,0.0,82.565,19.96,-16.329000000000008,0.8356699999999999,0.16433,0.09853679441655443,0.3846417720278349,78.44640672000365,Transition Leader
Mozambique,2024,MOZ,34631767.0,,83.426,16.574,129.36,0.404,0.0,82.365,19.79,-16.47,0.83426,0.16574000000000003,0.09899595934859803,0.3837780554738802,78.33737184839325,Transition Leader
Myanmar,2000,MMR,45290850.0,84093543935.0,36.667,63.333,568.63,0.0,0.0,36.667,5.1,0.0,0.36667,0.63333,0.4351582588465777,0.48466749975497403,43.39125602516016,Mixed Performer
Myanmar,2001,MMR,45771140.0,92175090616.0,38.544,61.456,558.89,0.0,0.0,38.544,4.67,1.8769999999999953,0.38544,0.61456,0.4277044814497367,0.4961653435264138,44.87626811665279,Mixed Performer
Myanmar,2002,MMR,46232656.0,101591501239.0,41.617,58.383,550.3,0.0,0.0,41.617,5.07,4.949999999999996,0.41617,0.5838300000000001,0.421130770172646,0.5149894638831716,47.16677270393143,Mixed Performer
Myanmar,2003,MMR,46667191.0,113781428684.0,38.376,61.624,581.18,0.0,0.0,38.376,5.42,1.708999999999996,0.38376,0.61624,0.44476245867515607,0.4951362344408507,44.333582049733856,Mixed Performer
Myanmar,2004,MMR,47068779.0,127115611447.0,42.959,57.041,543.67,0.0,0.0,42.959,5.61,6.292000000000002,0.42959,0.57041,0.4160569976735643,0.5232100852690386,48.22212633719647,Mixed Performer
Myanmar,2005,MMR,47438362.0,142039114248.0,49.834,50.166,478.41,0.0,0.0,49.834,6.02,13.167000000000002,0.49834000000000006,0.50166,0.3661151585649566,0.5653239243359797,54.227379900915786,Mixed Performer
Myanmar,2006,MMR,47785141.0,158028614076.0,53.883,46.117,438.51,0.0,0.0,53.883,6.18,17.216,0.53883,0.46116999999999997,0.3355806905840578,0.5901266784279133,57.79218291181726,Mixed Performer
Myanmar,2007,MMR,48125047.0,174123352808.0,56.562,43.438,412.5,0.0,0.0,56.562,6.4,19.894999999999996,0.56562,0.43438000000000004,0.31567589077996816,0.606537292953053,60.143362124796596,Emerging Improver
Myanmar,2008,MMR,48390790.0,177512910900.0,61.48,38.52,371.6,0.0,0.0,61.48,6.62,24.812999999999995,0.6148,0.38520000000000004,0.2843761479123301,0.6366632363030481,64.32854484673747,Emerging Improver
Myanmar,2009,MMR,48660458.0,183291522878.0,75.466,24.534,243.9,0.0,0.0,75.466,6.97,38.79899999999999,0.75466,0.24534,0.18665054487571936,0.7223365676761737,76.44838489324962,Transition Leader
Myanmar,2010,MMR,49024376.0,189724140707.0,71.81,28.19,277.26,0.0,0.0,71.81,8.62,35.143,0.7181000000000001,0.28190000000000004,0.21218011509734297,0.6999411937665393,73.2806150290645,Emerging Improver
Myanmar,2011,MMR,49419825.0,197359087812.0,72.1,27.9,275.17,0.0,0.0,72.1,10.43,35.43299999999999,0.721,0.27899999999999997,0.21058069058405782,0.7017176320689993,73.52124721643355,Emerging Improver
Myanmar,2012,MMR,49837451.0,210159799971.0,71.326,28.674,284.05,0.0,0.0,69.624,11.16,34.65899999999999,0.7132599999999999,0.28674,0.21737633157830294,0.6969763794962266,72.81583740298582,Emerging Improver
Myanmar,2013,MMR,50262658.0,226760324221.0,72.552,27.448,276.08,0.08,0.0,70.787,12.46,35.885000000000005,0.72552,0.27448,0.21127709073099057,0.7044864255611095,73.81656911514189,Emerging Improver
Myanmar,2014,MMR,50681635.0,245354667120.0,62.96,37.04,366.23,0.069,0.0,61.362,14.39,26.293,0.6296,0.3704,0.28026662177054,0.6457291972949133,65.4552724151602,Emerging Improver
Myanmar,2015,MMR,51089060.0,263690038660.0,59.506,40.494,398.15,0.185,0.0,58.025,16.2,22.839,0.59506,0.40494,0.30469419615525895,0.6245712045476821,62.45481316433376,Emerging Improver
Myanmar,2016,MMR,51495701.0,280587266112.0,55.188,44.812,439.85,0.276,0.0,53.753,18.12,18.521,0.55188,0.44811999999999996,0.3366061589322885,0.5981206507889837,58.66945578852755,Mixed Performer
Myanmar,2017,MMR,51894939.0,296721043920.0,53.327,46.673,451.05,0.285,0.0,51.949,21.04,16.659999999999997,0.53327,0.46673000000000003,0.34517723766376884,0.5867208174066451,57.16758131950546,Mixed Performer
Myanmar,2018,MMR,52272250.0,315726037240.0,58.179,41.821,405.27,0.323,0.0,56.701,21.64,21.512,0.58179,0.41820999999999997,0.3101429533488429,0.6164424679015976,61.40046318480289,Emerging Improver
Myanmar,2019,MMR,52640718.0,337037542855.0,56.263,43.737,419.26,0.466,0.0,54.451,19.32,19.595999999999997,0.56263,0.43737000000000004,0.32084914901432593,0.6047057238067235,59.80715713174269,Mixed Performer
Myanmar,2020,MMR,53016525.0,347785669977.0,48.669,51.331,487.22,0.426,0.0,46.858,18.78,12.001999999999995,0.48668999999999996,0.51331,0.3728572303171299,0.5581875428795452,53.25278238526493,Mixed Performer
Myanmar,2021,MMR,53387103.0,285399881185.0,49.349,50.651,484.48,0.45,0.0,47.598,19.98,12.681999999999995,0.49349,0.50651,0.3707603771274642,0.5623529844163481,53.77568533805861,Mixed Performer
Myanmar,2022,MMR,53756791.0,291025085135.0,40.86,59.14,563.87,0.688,0.0,39.011,23.25,4.192999999999998,0.4086,0.5914,0.43151555038569855,0.510352347348819,46.383396450589814,Mixed Performer
Myanmar,2023,MMR,54133800.0,,46.493,53.507,515.64,0.521,0.0,44.692,21.1,9.826,0.46493,0.53507,0.3946063425982613,0.544858129961776,51.2035133844701,Mixed Performer
Myanmar,2024,MMR,54500086.0,,47.858,52.142,502.99,0.553,0.0,46.062,21.71,11.190999999999995,0.47858,0.52142,0.38492561528100894,0.5532196412819759,52.38995423720441,Mixed Performer
Namibia,2000,NAM,1818650.0,11306497296.0,97.222,2.778,41.67,0.0,0.0,97.222,1.44,0.0,0.97222,0.02778,0.03188900453042733,0.48466749975497403,89.80598738306392,Transition Leader
Namibia,2001,NAM,1857059.0,11455708939.0,100.0,0.0,24.79,0.0,0.0,100.0,1.21,2.778000000000006,1.0,0.0,0.018971164442267662,0.5016845535626777,92.05098919238347,Transition Leader
Namibia,2002,NAM,1889976.0,12021866961.0,99.301,0.699,27.97,0.0,0.0,99.301,1.43,2.0790000000000077,0.9930100000000001,0.00699,0.021404738582098688,0.4974027246888171,91.5065224057798,Transition Leader
Namibia,2003,NAM,1917469.0,12213390181.0,99.301,0.699,27.97,0.0,0.0,99.301,1.43,2.0790000000000077,0.9930100000000001,0.00699,0.021404738582098688,0.4974027246888171,91.5065224057798,Transition Leader
Namibia,2004,NAM,1942087.0,13656396271.0,99.275,0.725,28.99,0.0,0.0,99.275,1.38,2.0530000000000115,0.9927500000000001,0.0072499999999999995,0.022185318966572793,0.49724345780652757,91.46901889293359,Transition Leader
Namibia,2005,NAM,1966581.0,14023333339.0,98.225,1.775,41.42,0.0,0.0,98.225,1.69,1.0030000000000001,0.98225,0.01775,0.0316976858087425,0.4908115260217583,90.5047307451078,Transition Leader
Namibia,2006,NAM,1991890.0,15035738461.0,93.789,6.211,80.75,0.0,0.0,93.789,1.61,-3.4329999999999927,0.93789,0.062110000000000005,0.061795947104199826,0.46363814564343825,86.68307350704657,Transition Leader
Namibia,2007,NAM,2018607.0,15866803390.0,98.089,1.911,44.59,0.0,0.0,98.089,1.57,0.8670000000000044,0.98089,0.019110000000000002,0.03412360719970614,0.48997843771439775,90.34998638572331,Transition Leader
Namibia,2008,NAM,2047059.0,16311345821.0,88.535,11.465,121.02,0.0,0.0,88.535,1.57,-8.686999999999998,0.88535,0.11465,0.09261356679319212,0.431453984122317,82.27747059200496,Transition Leader
Namibia,2009,NAM,2077400.0,16383138236.0,94.667,5.333,66.67,0.667,0.0,94.0,1.5,-2.5549999999999926,0.94667,0.05333,0.05102087669891025,0.46901646574536904,87.55992506870778,Transition Leader
Namibia,2010,NAM,2109815.0,17398594185.0,96.183,3.817,53.44,0.763,0.0,95.42,1.31,-1.0389999999999873,0.9618300000000001,0.03817,0.04089628994734908,0.478302950112712,88.86193700300696,Transition Leader
Namibia,2011,NAM,2146331.0,18309342330.0,97.241,2.759,48.28,0.69,0.0,96.552,1.45,0.019000000000005457,0.97241,0.02759,0.03694747153177422,0.4847838870920318,89.69267151808612,Transition Leader
Namibia,2012,NAM,2194656.0,19236166518.0,97.006,2.994,47.9,0.599,0.0,96.407,1.67,-0.21599999999999397,0.97006,0.02994,0.03665666707481327,0.48334435950210725,89.53734871566127,Transition Leader
Namibia,2013,NAM,2252505.0,20316276333.0,95.556,4.444,51.85,1.481,0.0,94.074,1.35,-1.6659999999999968,0.95556,0.04444,0.039679502877433576,0.47446216798980695,88.45854494791126,Transition Leader
Namibia,2014,NAM,2312143.0,21554146363.0,99.346,0.654,32.68,1.961,0.0,97.386,1.53,2.1240000000000094,0.99346,0.006540000000000001,0.025009183298640873,0.49767837890816435,91.44754610115643,Transition Leader
Namibia,2015,NAM,2374305.0,22473214767.0,97.468,2.532,44.3,2.532,0.0,94.937,1.58,0.24600000000000932,0.9746800000000001,0.025320000000000002,0.03390167748255173,0.4861744094874057,89.9258742052473,Transition Leader
Namibia,2016,NAM,2439219.0,22480856444.0,95.946,4.054,54.05,4.054,0.0,91.892,1.48,-1.2759999999999962,0.95946,0.04054000000000001,0.04136310762826007,0.4768511712241498,88.68628987765574,Transition Leader
Namibia,2017,NAM,2506854.0,22249978012.0,96.045,3.955,62.15,6.215,0.0,89.831,1.77,-1.1769999999999925,0.96045,0.03955,0.04756183421084854,0.47745761050671376,88.5998183023295,Transition Leader
Namibia,2018,NAM,2577327.0,22485828408.0,98.582,1.418,42.55,16.312,1.418,80.851,1.41,1.3599999999999994,0.9858199999999999,0.01418,0.032562446430757924,0.49299838282857983,90.73011458165975,Transition Leader
Namibia,2019,NAM,2650499.0,22297166631.0,96.377,3.623,57.97,26.087,1.449,68.841,1.38,-0.8449999999999989,0.96377,0.036230000000000005,0.04436298518427819,0.47949132608056455,88.90949526160152,Transition Leader
Namibia,2020,NAM,2728760.0,20505368156.0,96.5,3.5,60.0,20.5,1.0,75.0,2.0,-0.7219999999999942,0.965,0.035,0.045916493204359005,0.4802447809467804,88.95575938409273,Transition Leader
Namibia,2021,NAM,2810552.0,21049990407.0,97.351,2.649,46.36,31.788,1.325,64.238,1.51,0.1290000000000049,0.97351,0.02649,0.035478143749234727,0.48545770851710285,89.80551203402568,Transition Leader
Namibia,2022,NAM,2889668.0,21858730428.0,98.485,1.515,45.46,37.879,1.515,59.091,1.32,1.2630000000000052,0.98485,0.015149999999999999,0.034789396351169344,0.4924041948446536,90.60732801389057,Transition Leader
Namibia,2023,NAM,2963102.0,,97.884,2.116,47.62,26.984,1.058,69.841,1.89,0.6620000000000061,0.97884,0.02116,0.036442390106526265,0.4887226796040381,90.15018044139742,Transition Leader
Namibia,2024,NAM,3030127.0,,97.561,2.439,48.78,35.366,1.22,60.976,1.64,0.33900000000001285,0.9756100000000001,0.024390000000000002,0.037330108975143876,0.48674409487405673,89.90450869873226,Transition Leader
Nauru,2000,NRU,10187.0,,0.0,100.0,666.67,0.0,0.0,0.0,0.03,0.0,0.0,1.0,0.5101858087425003,0.48466749975497403,19.515367277762103,Transition Laggard
Nauru,2001,NRU,10147.0,,0.0,100.0,666.67,0.0,0.0,0.0,0.03,0.0,0.0,1.0,0.5101858087425003,0.48466749975497403,19.515367277762103,Transition Laggard
Nauru,2002,NRU,10105.0,,0.0,100.0,666.67,0.0,0.0,0.0,0.03,0.0,0.0,1.0,0.5101858087425003,0.48466749975497403,19.515367277762103,Transition Laggard
Nauru,2003,NRU,10086.0,,0.0,100.0,666.67,0.0,0.0,0.0,0.03,0.0,0.0,1.0,0.5101858087425003,0.48466749975497403,19.515367277762103,Transition Laggard
Nauru,2004,NRU,10084.0,,0.0,100.0,666.67,0.0,0.0,0.0,0.03,0.0,0.0,1.0,0.5101858087425003,0.48466749975497403,19.515367277762103,Transition Laggard
Nauru,2005,NRU,10071.0,,0.0,100.0,666.67,0.0,0.0,0.0,0.03,0.0,0.0,1.0,0.5101858087425003,0.48466749975497403,19.515367277762103,Transition Laggard
Nauru,2006,NRU,10061.0,,0.0,100.0,500.0,0.0,0.0,0.0,0.02,0.0,0.0,1.0,0.3826374433696584,0.48466749975497403,22.70407641208315,Transition Laggard
Nauru,2007,NRU,10042.0,,0.0,100.0,500.0,0.0,0.0,0.0,0.02,0.0,0.0,1.0,0.3826374433696584,0.48466749975497403,22.70407641208315,Transition Laggard
Nauru,2008,NRU,10032.0,,0.0,100.0,500.0,0.0,0.0,0.0,0.02,0.0,0.0,1.0,0.3826374433696584,0.48466749975497403,22.70407641208315,Transition Laggard
Nauru,2009,NRU,10041.0,,0.0,100.0,500.0,0.0,0.0,0.0,0.02,0.0,0.0,1.0,0.3826374433696584,0.48466749975497403,22.70407641208315,Transition Laggard
Nauru,2010,NRU,10067.0,,0.0,100.0,500.0,0.0,0.0,0.0,0.02,0.0,0.0,1.0,0.3826374433696584,0.48466749975497403,22.70407641208315,Transition Laggard
Nauru,2011,NRU,10116.0,,0.0,100.0,500.0,0.0,0.0,0.0,0.02,0.0,0.0,1.0,0.3826374433696584,0.48466749975497403,22.70407641208315,Transition Laggard
Nauru,2012,NRU,10289.0,,0.0,100.0,500.0,0.0,0.0,0.0,0.02,0.0,0.0,1.0,0.3826374433696584,0.48466749975497403,22.70407641208315,Transition Laggard
Nauru,2013,NRU,10539.0,,0.0,100.0,500.0,0.0,0.0,0.0,0.02,0.0,0.0,1.0,0.3826374433696584,0.48466749975497403,22.70407641208315,Transition Laggard
Nauru,2014,NRU,10766.0,,0.0,100.0,666.67,0.0,0.0,0.0,0.03,0.0,0.0,1.0,0.5101858087425003,0.48466749975497403,19.515367277762103,Transition Laggard
Nauru,2015,NRU,10975.0,,0.0,100.0,666.67,0.0,0.0,0.0,0.03,0.0,0.0,1.0,0.5101858087425003,0.48466749975497403,19.515367277762103,Transition Laggard
Nauru,2016,NRU,11173.0,,0.0,100.0,666.67,0.0,0.0,0.0,0.03,0.0,0.0,1.0,0.5101858087425003,0.48466749975497403,19.515367277762103,Transition Laggard
Nauru,2017,NRU,11351.0,,0.0,100.0,666.67,0.0,0.0,0.0,0.03,0.0,0.0,1.0,0.5101858087425003,0.48466749975497403,19.515367277762103,Transition Laggard
Nauru,2018,NRU,11499.0,,0.0,100.0,750.0,0.0,0.0,0.0,0.04,0.0,0.0,1.0,0.5739561650544875,0.48466749975497403,17.921108369962422,Transition Laggard
Nauru,2019,NRU,11609.0,,0.0,100.0,750.0,0.0,0.0,0.0,0.04,0.0,0.0,1.0,0.5739561650544875,0.48466749975497403,17.921108369962422,Transition Laggard
Nauru,2020,NRU,11665.0,,0.0,100.0,750.0,0.0,0.0,0.0,0.04,0.0,0.0,1.0,0.5739561650544875,0.48466749975497403,17.921108369962422,Transition Laggard
Nauru,2021,NRU,11727.0,,0.0,100.0,750.0,0.0,0.0,0.0,0.04,0.0,0.0,1.0,0.5739561650544875,0.48466749975497403,17.921108369962422,Transition Laggard
Nauru,2022,NRU,11822.0,,0.0,100.0,750.0,0.0,0.0,0.0,0.04,0.0,0.0,1.0,0.5739561650544875,0.48466749975497403,17.921108369962422,Transition Laggard
Nauru,2023,NRU,11900.0,,0.0,100.0,750.0,0.0,0.0,0.0,0.04,0.0,0.0,1.0,0.5739561650544875,0.48466749975497403,17.921108369962422,Transition Laggard
Nauru,2024,NRU,11968.0,,20.0,80.0,600.0,20.0,0.0,0.0,0.05,20.0,0.2,0.8,0.45916493204359005,0.60718048613153,34.6285839908832,Transition Laggard
Nepal,2000,NPL,24546509.0,39381724035.0,98.182,1.818,36.36,0.0,0.0,98.182,1.65,0.0,0.98182,0.01818,0.027825394881841558,0.48466749975497403,90.48357762427857,Transition Leader
Nepal,2001,NPL,24946755.0,41523111510.0,98.919,1.081,27.03,0.0,0.0,98.919,1.85,0.7369999999999948,0.98919,0.01081,0.020685380188563734,0.4891821033029501,91.17199704483015,Transition Leader
Nepal,2002,NPL,25328989.0,41501458057.0,100.0,0.0,23.81,0.0,0.0,100.0,2.1,1.8179999999999978,1.0,0.0,0.018221195053263133,0.49580393021660296,91.98152907691745,Transition Leader
Nepal,2003,NPL,25688762.0,43073954586.0,100.0,0.0,22.12,0.0,0.0,100.0,2.26,1.8179999999999978,1.0,0.0,0.016927880494673687,0.49580393021660296,92.01386194088221,Transition Leader
Nepal,2004,NPL,26016652.0,45033771388.0,99.582,0.418,29.29,0.0,0.0,99.582,2.39,1.3999999999999915,0.9958199999999999,0.00418,0.022414901432594586,0.4932434088013329,91.58747859620512,Transition Leader
Nepal,2005,NPL,26309462.0,46375899545.0,99.203,0.797,27.89,0.0,0.0,99.203,2.51,1.0210000000000008,0.9920300000000001,0.007970000000000001,0.021343516591159545,0.49092178770949724,91.35203890086348,Transition Leader
Nepal,2006,NPL,26565430.0,48016624917.0,99.632,0.368,25.74,0.0,0.0,99.632,2.72,1.4500000000000028,0.9963200000000001,0.00368,0.019698175584670012,0.4935496912672743,91.68999097939236,Transition Leader
Nepal,2007,NPL,26788498.0,49595508764.0,99.639,0.361,28.88,0.0,0.0,99.639,2.77,1.4569999999999936,0.99639,0.00361,0.022101138729031466,0.49359257081250607,91.6347600939618,Transition Leader
Nepal,2008,NPL,26990036.0,52545963062.0,99.642,0.358,28.67,0.0,0.0,99.642,2.79,1.4599999999999937,0.99642,0.00358,0.021940431002816212,0.49361094776046255,91.64085344133653,Transition Leader
Nepal,2009,NPL,27173035.0,54837737569.0,99.675,0.325,25.97,0.0,0.0,99.675,3.08,1.492999999999995,0.99675,0.0032500000000000003,0.019874188808620057,0.4938130941879839,91.71534169260426,Transition Leader
Nepal,2010,NPL,27341955.0,57388251486.0,100.0,0.0,25.16,0.314,0.0,99.686,3.18,1.8179999999999978,1.0,0.0,0.01925431615036121,0.49580393021660296,91.95570104949002,Transition Leader
Nepal,2011,NPL,27464499.0,59280309000.0,100.0,0.0,23.12,0.289,0.0,99.711,3.46,1.8179999999999978,1.0,0.0,0.017693155381413004,0.49580393021660296,91.99473006871372,Transition Leader
Nepal,2012,NPL,27534916.0,62106290000.0,99.433,0.567,25.5,0.283,0.0,99.15,3.53,1.2510000000000048,0.99433,0.00567,0.01951450961185258,0.4923306870528276,91.5568975654961,Transition Leader
Nepal,2013,NPL,27589997.0,64655772000.0,99.714,0.286,25.71,0.571,0.0,99.143,3.5,1.5319999999999965,0.99714,0.0028599999999999997,0.019675217338067836,0.4940519945114182,91.74729948421958,Transition Leader
Nepal,2014,NPL,27672373.0,68540931000.0,100.0,0.0,23.68,0.526,0.263,99.211,3.8,1.8179999999999978,1.0,0.0,0.018121709317987022,0.49580393021660296,91.98401622029937,Transition Leader
Nepal,2015,NPL,27823631.0,70404490000.0,100.0,0.0,23.12,0.578,0.289,99.133,3.46,1.8179999999999978,1.0,0.0,0.017693155381413004,0.49580393021660296,91.99473006871372,Transition Leader
Nepal,2016,NPL,27955471.0,70942615519.0,100.0,0.0,23.92,0.478,0.239,99.282,4.18,1.8179999999999978,1.0,0.0,0.01830537529080446,0.49580393021660296,91.97942457097894,Transition Leader
Nepal,2017,NPL,28011258.0,77349484140.0,100.0,0.0,24.02,1.747,0.218,98.035,4.58,1.8179999999999978,1.0,0.0,0.01838190277947839,0.49580393021660296,91.97751138376208,Transition Leader
Nepal,2018,NPL,28079688.0,83234791901.0,100.0,0.0,22.73,1.653,0.207,98.14,4.84,1.8179999999999978,1.0,0.0,0.017394698175584672,0.49580393021660296,92.00219149885942,Transition Leader
Nepal,2019,NPL,28414066.0,88775779267.0,100.0,0.0,22.76,1.301,0.163,98.537,6.15,1.8179999999999978,1.0,0.0,0.01741765642218685,0.49580393021660296,92.00161754269438,Transition Leader
Nepal,2020,NPL,28966580.0,86672124340.0,100.0,0.0,22.65,1.294,0.162,98.544,6.18,1.8179999999999978,1.0,0.0,0.017333476184645525,0.49580393021660296,92.0037220486329,Transition Leader
Nepal,2021,NPL,29475016.0,90865461899.0,100.0,0.0,23.88,0.935,0.104,98.962,9.63,1.8179999999999978,1.0,0.0,0.018274764295334884,0.49580393021660296,91.98018984586567,Transition Leader
Nepal,2022,NPL,29715435.0,95965910597.0,100.0,0.0,23.36,0.935,0.093,98.972,10.7,1.8179999999999978,1.0,0.0,0.017876821354230438,0.49580393021660296,91.99013841939328,Transition Leader
Nepal,2023,NPL,29694614.0,,100.0,0.0,23.36,0.935,0.093,98.972,10.7,1.8179999999999978,1.0,0.0,0.017876821354230438,0.49580393021660296,91.99013841939328,Transition Leader
Nepal,2024,NPL,29651054.0,,100.0,0.0,24.26,1.078,0.09,98.832,11.13,1.8179999999999978,1.0,0.0,0.018565568752295827,0.49580393021660296,91.97291973444163,Transition Leader
Netherlands,2000,NLD,16058757.0,603803040978.0,3.373,92.164,540.31,0.011,0.943,0.159,88.06,0.0,0.03373,0.92164,0.4134856740541202,0.48466749975497403,25.072420644971604,Transition Laggard
Netherlands,2001,NLD,16182705.0,620170874924.0,3.592,92.088,541.03,0.011,0.901,0.13,92.14,0.21899999999999986,0.03592,0.9208799999999999,0.41403667197257255,0.4860090169557973,25.174418455022646,Transition Laggard
Netherlands,2002,NLD,16288060.0,624424625610.0,4.205,91.663,538.78,0.021,1.004,0.116,94.64,0.8319999999999999,0.042050000000000004,0.91663,0.41231480347740906,0.48976403998823875,25.594590512888356,Transition Laggard
Netherlands,2003,NLD,16366914.0,629811489833.0,4.148,91.641,540.8,0.031,1.383,0.073,95.47,0.7749999999999995,0.041479999999999996,0.9164100000000001,0.4138606587486225,0.48941487797706557,25.53625670094042,Transition Laggard
Netherlands,2004,NLD,16425562.0,646331449347.0,5.31,90.864,522.74,0.03,1.873,0.09,99.82,1.9369999999999994,0.053099999999999994,0.9086400000000001,0.40003979429411046,0.49653288248554345,26.589498379930387,Transition Laggard
Netherlands,2005,NLD,16465707.0,664118269501.0,7.571,88.369,511.72,0.041,2.101,0.091,98.53,4.1979999999999995,0.07571,0.88369,0.3916064650422432,0.5103829755954131,28.423183007875117,Transition Laggard
Netherlands,2006,NLD,16493851.0,691453801614.0,8.265,88.177,511.38,0.041,2.81,0.113,97.52,4.892,0.08265,0.88177,0.3913462715807518,0.5146341762226796,28.784355853821395,Transition Laggard
Netherlands,2007,NLD,16531360.0,721200009128.0,7.321,88.628,509.74,0.039,3.318,0.106,103.68,3.9479999999999995,0.07321,0.8862800000000001,0.3900912207664993,0.5088515632657061,28.285842929823108,Transition Laggard
Netherlands,2008,NLD,16597259.0,737705013303.0,8.973,87.101,494.4,0.038,4.011,0.094,106.21,5.6000000000000005,0.08973,0.8710100000000001,0.3783519040039182,0.5189711359404097,29.69106943900819,Transition Laggard
Netherlands,2009,NLD,16684148.0,713986817901.0,9.64,86.578,486.69,0.036,4.077,0.089,112.35,6.267,0.09640000000000001,0.86578,0.3724516346271581,0.5230569440360678,30.264063294862066,Transition Laggard
Netherlands,2010,NLD,16771232.0,728193221597.0,9.475,87.163,478.15,0.051,3.378,0.085,118.1,6.101999999999999,0.09475,0.87163,0.3659161870944043,0.5220462118984612,30.208288501116808,Transition Laggard
Netherlands,2011,NLD,16851061.0,744614396708.0,10.938,85.387,472.3,0.089,4.528,0.053,112.64,7.565,0.10938,0.85387,0.36143932900697934,0.5310080368519063,31.41068732760411,Transition Laggard
Netherlands,2012,NLD,16915191.0,736942199791.0,12.193,83.984,494.48,0.186,4.869,0.098,102.27,8.82,0.12193,0.8398399999999999,0.3784131259948574,0.5386957267470351,31.891657751334098,Transition Laggard
Netherlands,2013,NLD,16967066.0,735982982299.0,12.033,85.093,500.6,0.408,5.599,0.109,100.56,8.66,0.12032999999999999,0.8509300000000001,0.383096608301702,0.5377156228560227,31.42661913529779,Transition Laggard
Netherlands,2014,NLD,17030085.0,746458868661.0,11.41,84.584,521.25,0.715,5.681,0.108,102.1,8.036999999999999,0.11410000000000001,0.84584,0.3988995347128689,0.533899343330393,30.88350178213417,Transition Laggard
Netherlands,2015,NLD,17107429.0,761083250759.0,12.561,83.696,551.43,1.018,6.927,0.083,108.99,9.187999999999999,0.12561,0.83696,0.4219955307946614,0.5409499656963638,31.036711215578915,Transition Laggard
Netherlands,2016,NLD,17204693.0,777764090323.0,12.969,83.556,524.57,1.404,7.169,0.088,113.96,9.596,0.12969,0.83556,0.4014402473368434,0.5434492306184455,31.765882275855596,Transition Laggard
Netherlands,2017,NLD,17315376.0,800404023156.0,15.021,82.049,489.66,1.896,9.109,0.052,116.04,11.648,0.15021,0.82049,0.37472450104077387,0.5560190630206802,33.71727341929085,Transition Laggard
Netherlands,2018,NLD,17421285.0,819300805024.0,16.693,80.203,467.11,3.28,9.328,0.062,113.1,13.32,0.16693000000000002,0.80203,0.35746755234480226,0.5662611486817603,35.34902842160635,Transition Laggard
Netherlands,2019,NLD,17537505.0,835323029559.0,18.992,77.751,410.0,4.498,9.588,0.058,120.05,15.619,0.18992,0.77751,0.31376270356311986,0.5803440164657454,38.070542657908184,Transition Laggard
Netherlands,2020,NLD,17636732.0,802861622095.0,26.837,69.81,342.9,7.027,12.52,0.041,121.96,23.464,0.26837,0.6981,0.2624127586629117,0.6283997353719495,44.80612706400645,Mixed Performer
Netherlands,2021,NLD,17730565.0,841906706612.0,33.452,63.38,351.97,9.347,14.997,0.074,120.89,30.078999999999997,0.33452,0.6338,0.26935380188563735,0.6689209056159953,49.16316853709899,Mixed Performer
Netherlands,2022,NLD,17904421.0,879609110665.0,40.097,56.435,325.61,13.888,17.981,0.042,119.96,36.724000000000004,0.40097000000000005,0.56435,0.24918115587118894,0.709625845339606,54.34005878331437,Mixed Performer
Netherlands,2023,NLD,18092526.0,,47.382,49.291,268.17,16.347,24.608,0.058,119.96,44.009,0.47381999999999996,0.49290999999999996,0.20522376637688258,0.7542512006272666,60.44412384998693,Emerging Improver
Netherlands,2024,NLD,18228740.0,,50.74,46.342,250.72,17.837,27.369,0.074,122.33,47.367000000000004,0.5074000000000001,0.46342,0.1918697196032815,0.7748211310398903,62.99907397551633,Emerging Improver
Netherlands,2025,NLD,18346823.0,,51.2,45.843,253.56,21.117,24.97,0.037,134.96,47.827000000000005,0.512,0.45843000000000006,0.19404310028162117,0.7776389297265511,63.272756438857726,Emerging Improver
New Caledonia,2000,NCL,223110.0,,27.439,72.561,506.1,0.0,0.61,26.829,1.64,0.0,0.27439,0.7256100000000001,0.38730562017876824,0.48466749975497403,39.050771991855406,Transition Laggard
New Caledonia,2001,NCL,227714.0,,21.512,78.488,546.51,0.0,0.581,20.93,1.72,-5.927,0.21512,0.78488,0.418230378351904,0.44836077624228166,34.176852184836626,Transition Laggard
New Caledonia,2002,NCL,232239.0,,18.857,81.143,571.43,0.0,0.571,18.286,1.75,-8.582,0.18857,0.81143,0.43730102852944774,0.4320971773007939,31.863131946275715,Transition Laggard
New Caledonia,2003,NCL,236684.0,,18.286,81.714,565.71,0.0,0.0,18.286,1.75,-9.152999999999999,0.18286000000000002,0.81714,0.43292365617729894,0.4285994315397432,31.577500068663678,Transition Laggard
New Caledonia,2004,NCL,240865.0,,19.76,80.24,556.89,0.0,0.599,19.162,1.67,-7.6789999999999985,0.19760000000000003,0.8024,0.4261739316762581,0.4376286386356954,32.76608128762898,Transition Laggard
New Caledonia,2005,NCL,244391.0,,19.149,80.851,558.51,0.0,1.064,18.085,1.88,-8.29,0.19149000000000002,0.8085100000000001,0.4274136769927758,0.4338858669018916,32.31234607870898,Transition Laggard
New Caledonia,2006,NCL,247557.0,,16.578,83.422,577.54,0.0,1.604,14.973,1.87,-10.861,0.16578,0.83422,0.441976858087425,0.41813682250318535,30.169430885362154,Transition Laggard
New Caledonia,2007,NCL,250730.0,,22.28,77.72,538.86,0.0,2.073,20.207,1.93,-5.158999999999999,0.22280000000000003,0.7772,0.41237602546834823,0.45306527491914145,34.85457848707842,Transition Laggard
New Caledonia,2008,NCL,253831.0,,25.806,74.194,505.38,0.0,1.613,24.194,1.86,-1.6329999999999991,0.25806,0.74194,0.38675462226031593,0.47466431441732826,37.93469915975202,Transition Laggard
New Caledonia,2009,NCL,257261.0,,22.165,77.835,541.24,0.0,1.546,20.619,1.94,-5.274000000000001,0.22164999999999999,0.77835,0.41419737969878784,0.45236082524747623,34.72947788624244,Transition Laggard
New Caledonia,2010,NCL,261580.0,,14.623,85.377,622.64,0.0,2.358,12.264,2.12,-12.816,0.14623,0.8537699999999999,0.4764907554793682,0.406161178084877,27.95394878428895,Transition Laggard
New Caledonia,2011,NCL,266550.0,,18.584,81.416,592.92,0.0,2.212,16.372,2.26,-8.855,0.18584,0.81416,0.4537467858454757,0.43042487503675386,31.26310347941442,Transition Laggard
New Caledonia,2012,NCL,271640.0,,20.087,79.913,576.42,0.0,2.62,17.467,2.29,-7.352,0.20087,0.79913,0.44111975021427696,0.4396317259629521,32.61868213408736,Transition Laggard
New Caledonia,2013,NCL,276832.0,,20.319,79.681,577.69,0.0,1.992,18.327,2.51,-7.120000000000001,0.20318999999999998,0.79681,0.44209164932043593,0.4410528766049201,32.7549019160629,Transition Laggard
New Caledonia,2014,NCL,281233.0,,11.628,88.372,634.55,0.0,1.993,9.635,3.01,-15.811,0.11628000000000001,0.8837200000000001,0.4856051793804334,0.38781485837498775,25.65389339111398,Transition Laggard
New Caledonia,2015,NCL,283179.0,,14.138,85.862,627.59,0.345,2.069,11.724,2.9,-13.301,0.14138,0.8586199999999999,0.48027886616872784,0.4031902381652455,27.52368191826049,Transition Laggard
New Caledonia,2016,NCL,283432.0,,9.236,90.764,675.16,0.318,1.592,7.325,3.14,-18.203,0.09236000000000001,0.90764,0.5166829925309171,0.3731623052043517,23.221959764792345,Transition Laggard
New Caledonia,2017,NCL,283554.0,,13.622,86.378,656.35,0.929,1.548,11.146,3.23,-13.817,0.13622,0.86378,0.5022881719113506,0.40002940311673035,26.616436748967192,Transition Laggard
New Caledonia,2018,NCL,283551.0,,12.0,88.0,665.71,1.429,1.429,9.143,3.5,-15.439,0.12,0.88,0.5094511448512306,0.3900935999215917,25.315125377543108,Transition Laggard
New Caledonia,2019,NCL,283616.0,,13.814,86.186,663.66,3.604,1.802,8.408,3.33,-13.625,0.13814,0.8618600000000001,0.507882331333415,0.4012055277859453,26.609424633453806,Transition Laggard
New Caledonia,2020,NCL,284187.0,,15.741,84.259,657.41,4.63,1.543,9.568,3.24,-11.698,0.15741,0.8425900000000001,0.5030993632912942,0.41300965402332646,28.06226072806754,Transition Laggard
New Caledonia,2021,NCL,285227.0,,22.337,77.663,597.94,6.186,1.375,14.777,2.91,-5.102,0.22337,0.7766299999999999,0.4575884657769071,0.45341443693031463,33.763704909532045,Transition Laggard
New Caledonia,2022,NCL,287130.0,,26.214,73.786,566.34,7.443,1.294,17.476,3.09,-1.2250000000000014,0.26214,0.7378600000000001,0.4334057793559447,0.47716357933940995,37.05070920619253,Transition Laggard
New Caledonia,2023,NCL,289879.0,,26.214,73.786,566.34,7.443,1.294,17.476,3.09,-1.2250000000000014,0.26214,0.7378600000000001,0.4334057793559447,0.47716357933940995,37.05070920619253,Transition Laggard
New Caledonia,2024,NCL,292655.0,,26.923,73.077,560.9,8.333,1.282,17.308,3.12,-0.5160000000000018,0.26922999999999997,0.73077,0.42924268397208276,0.48150666470645886,37.645332871294805,Transition Laggard
New Zealand,2000,NZL,3857576.0,104942102861.0,71.755,28.245,184.27,0.0,0.308,62.169,38.91,0.0,0.71755,0.28245000000000003,0.14101720337945392,0.48466749975497403,71.79758241183826,Emerging Improver
New Zealand,2001,NZL,3891763.0,107226686179.0,63.646,36.354,230.4,0.0,0.356,54.633,39.28,-8.108999999999995,0.63646,0.36354,0.17631933390473858,0.43499460942859947,65.30453579381053,Emerging Improver
New Zealand,2002,NZL,3951116.0,112775904669.0,69.634,30.366,197.71,0.0,0.373,61.229,40.21,-2.120999999999995,0.6963400000000001,0.30366,0.15130249785723032,0.4716749975497403,70.07296251681535,Emerging Improver
New Zealand,2003,NZL,4022585.0,118221542739.0,66.089,33.911,231.11,0.0,0.372,57.939,40.37,-5.665999999999997,0.66089,0.33911,0.17686267907432351,0.44995957071449577,66.98122658385934,Emerging Improver
New Zealand,2004,NZL,4083912.0,123732222489.0,72.392,27.608,204.16,0.0,0.852,63.804,42.27,0.6370000000000005,0.72392,0.27608,0.1562385208766989,0.4885695383710673,71.85778005364854,Emerging Improver
New Zealand,2005,NZL,4135002.0,127087212440.0,64.407,35.593,254.24,0.0,1.436,54.355,42.48,-7.347999999999999,0.64407,0.35593,0.1945634872046039,0.4396562285602274,65.37495624828831,Emerging Improver
New Zealand,2006,NZL,4181943.0,130823651084.0,64.777,35.223,248.84,0.0,1.441,54.229,43.04,-6.977999999999994,0.6477700000000001,0.35223,0.1904310028162116,0.4419227188081937,65.73426571171761,Emerging Improver
New Zealand,2007,NZL,4223270.0,136252900902.0,65.491,34.509,227.06,0.0,2.121,53.942,43.38,-6.263999999999996,0.65491,0.34509,0.17376331578302928,0.44629643242183675,66.64496359175183,Emerging Improver
New Zealand,2008,NZL,4261819.0,135932629621.0,64.231,35.769,246.83,0.0,2.42,50.979,43.39,-7.524000000000001,0.6423099999999999,0.35769,0.18889280029386557,0.4385781142801137,65.39495170685505,Emerging Improver
New Zealand,2009,NZL,4304304.0,136500728040.0,71.688,28.312,196.51,0.0,3.399,55.832,42.95,-0.06699999999999307,0.7168800000000001,0.28312000000000004,0.15038416799314314,0.4842570812506126,71.51705201893061,Emerging Improver
New Zealand,2010,NZL,4347766.0,139478805582.0,73.121,26.879,179.42,0.0,3.656,55.247,44.31,1.3659999999999997,0.7312099999999999,0.26879000000000003,0.1373056201787682,0.4930351367244928,72.83548654639817,Emerging Improver
New Zealand,2011,NZL,4382699.0,142521900112.0,75.992,24.008,165.98,0.0,4.423,56.68,43.86,4.237000000000009,0.75992,0.24008,0.12702032570099178,0.5106218759188474,75.07901999625793,Transition Leader
New Zealand,2012,NZL,4411682.0,146280651356.0,71.726,28.274,198.17,0.0,4.709,51.817,43.75,-0.028999999999996362,0.71726,0.28274,0.1516545243051304,0.48448985592472804,71.51158473124266,Emerging Improver
New Zealand,2013,NZL,4453857.0,149512485774.0,74.192,25.808,177.05,0.023,4.684,53.396,42.7,2.4369999999999976,0.7419199999999999,0.25808,0.13549191869719604,0.4995957071449574,73.62183763974446,Emerging Improver
New Zealand,2014,NZL,4522976.0,154422989929.0,79.101,20.899,148.42,0.047,5.103,56.081,42.92,7.346000000000004,0.79101,0.20899,0.11358209868984939,0.529666519651083,77.56604532752,Transition Leader
New Zealand,2015,NZL,4614035.0,160782215776.0,80.078,19.922,142.76,0.092,5.371,55.726,43.57,8.323000000000008,0.80078,0.19922,0.10925064283090485,0.5356512790355779,78.35030311476105,Transition Leader
New Zealand,2016,NZL,4714768.0,167418113760.0,84.334,15.666,114.48,0.139,5.377,59.467,43.15,12.579000000000008,0.8433400000000001,0.15666,0.08760866903391698,0.5617220425365089,81.83601391219972,Transition Leader
New Zealand,2017,NZL,4812749.0,174187918857.0,81.219,18.781,131.93,0.183,4.741,57.1,43.66,9.463999999999999,0.81219,0.18781,0.10096271580751806,0.5426406449083603,79.34694177843745,Transition Leader
New Zealand,2018,NZL,4900840.0,181445758308.0,83.398,16.602,123.71,0.229,4.688,59.524,43.73,11.643,0.8339799999999999,0.16602,0.09467215623852088,0.5559884347740861,81.01182261564827,Transition Leader
New Zealand,2019,NZL,4989410.0,187274507980.0,82.423,17.577,133.71,0.297,5.097,57.874,43.75,10.668000000000006,0.82423,0.17577,0.10232490510591405,0.550015926688229,80.14591627267558,Transition Leader
New Zealand,2020,NZL,5069895.0,184971347287.0,80.923,19.077,142.1,0.369,5.26,55.433,43.35,9.168000000000006,0.80923,0.19077000000000002,0.10874556140565692,0.5408274527099873,78.94757275550839,Transition Leader
New Zealand,2021,NZL,5107694.0,196312458906.0,81.722,18.278,144.89,0.482,6.016,55.086,43.55,9.966999999999999,0.81722,0.18278,0.1108806783396596,0.5457218465157306,79.44701073924446,Transition Leader
New Zealand,2022,NZL,5131731.0,200602760076.0,86.936,13.064,103.12,0.647,6.682,59.792,43.25,15.181000000000012,0.8693600000000001,0.13064,0.07891514632055835,0.5776609820640989,83.85363607294752,Transition Leader
New Zealand,2023,NZL,5172837.0,,89.625,10.375,87.2,0.863,8.184,61.017,42.89,17.870000000000005,0.89625,0.10375000000000001,0.06673197012366842,0.5941328530824268,86.01869354314469,Transition Leader
New Zealand,2024,NZL,5213942.0,,85.98,14.02,112.02,0.841,9.793,53.283,44.01,14.225000000000009,0.8598,0.1402,0.08572609281253826,0.5718048613152995,83.02192059941603,Transition Leader
New Zealand,2025,NZL,5251897.0,,88.533,11.467,92.76,0.854,9.737,54.845,43.34,16.778000000000006,0.8853300000000001,0.11467000000000001,0.07098689849393902,0.5874436440262668,85.15678219804552,Transition Leader
Nicaragua,2000,NIC,5022636.0,13909591678.0,21.491,78.509,530.7,0.0,0.0,9.211,2.28,0.0,0.21491,0.7850900000000001,0.4061313823925555,0.48466749975497403,35.01132793651072,Transition Laggard
Nicaragua,2001,NIC,5087827.0,14579899402.0,19.838,80.162,538.46,0.0,0.0,7.692,2.47,-1.6529999999999987,0.19838,0.8016200000000001,0.4120699155136525,0.4745418014309517,33.71917913362296,Transition Laggard
Nicaragua,2002,NIC,5149914.0,14954188068.0,25.098,74.902,513.73,0.0,0.0,11.765,2.55,3.6069999999999993,0.25098,0.74902,0.3931446675645892,0.5067627168479859,37.83162406360506,Transition Laggard
Nicaragua,2003,NIC,5210970.0,15599450900.0,27.407,72.593,500.0,0.0,0.0,10.741,2.7,5.916,0.27407,0.7259300000000001,0.3826374433696584,0.5209068411251593,39.69186653263593,Transition Laggard
Nicaragua,2004,NIC,5272909.0,16722815302.0,28.114,71.886,498.22,0.0,0.0,11.388,2.81,6.623000000000001,0.28114,0.7188599999999999,0.38127525407126245,0.5252376751935706,40.21508377612199,Mixed Performer
Nicaragua,2005,NIC,5342108.0,17753885555.0,35.664,64.336,454.55,0.0,0.0,15.035,2.86,14.173000000000002,0.35664,0.64336,0.3478556997673565,0.5714863275507204,46.27430241907688,Mixed Performer
Nicaragua,2006,NIC,5418857.0,18819405708.0,30.032,69.968,488.82,0.0,0.0,9.904,3.13,8.541,0.30032000000000003,0.6996800000000001,0.3740816701359128,0.5369866705870823,41.721958305408414,Mixed Performer
Nicaragua,2007,NIC,5497247.0,20171035929.0,28.75,71.25,500.0,0.0,0.0,9.375,3.2,7.259,0.28750000000000003,0.7125,0.3826374433696584,0.529133588160345,40.62106773816371,Mixed Performer
Nicaragua,2008,NIC,5576597.0,21118480099.0,35.417,64.583,452.38,0.0,0.0,15.774,3.36,13.926000000000002,0.35417000000000004,0.64583,0.3461950532631321,0.56997329216897,46.14492305095625,Mixed Performer
Nicaragua,2009,NIC,5656602.0,20900358446.0,30.725,69.275,484.06,0.0,3.188,8.406,3.45,9.234000000000002,0.30725,0.6927500000000001,0.37043896167503365,0.54123174556503,42.292502141599606,Mixed Performer
Nicaragua,2010,NIC,5737451.0,21950676457.0,36.712,63.288,443.84,0.0,4.384,13.699,3.65,15.221000000000004,0.36712000000000006,0.63288,0.33965960573037834,0.5779060080368519,47.20429997729332,Mixed Performer
Nicaragua,2011,NIC,5819051.0,23734874000.0,33.858,66.142,461.94,0.0,5.512,11.549,3.81,12.366999999999997,0.33858,0.66142,0.35351108118036,0.5604234048809174,44.88337404370476,Mixed Performer
Nicaragua,2012,NIC,5901290.0,25065728000.0,42.68,57.32,409.43,0.0,8.189,10.422,4.03,21.189,0.4268,0.5732,0.3133264968776785,0.6144638831716163,51.99179582563228,Mixed Performer
Nicaragua,2013,NIC,5983852.0,26206803000.0,52.278,47.722,347.72,0.0,13.429,11.031,4.17,30.787,0.52278,0.47722000000000003,0.26610138361699526,0.6732578653337253,59.813133389581,Mixed Performer
Nicaragua,2014,NIC,6066493.0,27402565000.0,53.812,46.188,338.57,0.0,19.058,8.969,4.46,32.321,0.53812,0.46188,0.2590991184033305,0.6826546113888072,61.04954121074885,Emerging Improver
Nicaragua,2015,NIC,6149417.0,28748328000.0,50.109,49.891,361.66,0.0,18.954,6.318,4.59,28.618000000000002,0.50109,0.49891,0.2767693155381413,0.659971331961188,58.04573709096429,Mixed Performer
Nicaragua,2016,NIC,6232664.0,29929662026.0,52.288,47.712,348.58,0.0,15.904,9.368,4.59,30.796999999999997,0.52288,0.47712000000000004,0.266759520019591,0.6733191218269137,59.80359882691393,Mixed Performer
Nicaragua,2017,NIC,6316235.0,31179621906.0,55.973,44.027,329.65,0.221,13.938,10.398,4.52,34.482,0.55973,0.44027,0.25227286641361574,0.6958921395667941,62.715360433161514,Emerging Improver
Nicaragua,2018,NIC,6400074.0,30002714290.0,58.71,41.29,313.98,0.43,17.204,8.817,4.65,37.219,0.5871000000000001,0.4129,0.2402810089384107,0.7126580417524258,64.90884540282613,Emerging Improver
Nicaragua,2019,NIC,6483660.0,29133575354.0,56.987,43.013,334.06,0.655,15.939,5.022,4.58,35.496,0.56987,0.43013,0.25564772866413615,0.7021035479760855,63.33256000303788,Emerging Improver
Nicaragua,2020,NIC,6565267.0,28619004754.0,69.921,30.079,250.66,0.792,14.512,15.04,3.79,48.43000000000001,0.6992100000000001,0.30079,0.19182380311007713,0.7813326962658043,73.87699536623514,Emerging Improver
Nicaragua,2021,NIC,6644745.0,31580275032.0,69.121,30.879,261.28,0.713,15.677,14.252,4.21,47.629999999999995,0.69121,0.30879,0.19995102240724866,0.776432176810742,73.12030709197991,Emerging Improver
Nicaragua,2022,NIC,6730662.0,32764782125.0,64.12,35.88,289.35,0.694,12.963,13.889,4.32,42.629000000000005,0.6412000000000001,0.3588,0.22143228847802132,0.7457978045672842,69.12315985655873,Emerging Improver
Nicaragua,2023,NIC,6823619.0,,62.389,37.611,300.89,0.664,12.389,14.381,4.52,40.898,0.6238900000000001,0.37611,0.23026356067099302,0.7351943055963932,67.70472556717108,Emerging Improver
Nicaragua,2024,NIC,6916136.0,,62.389,37.611,300.89,0.664,12.389,14.381,4.52,40.898,0.6238900000000001,0.37611,0.23026356067099302,0.7351943055963932,67.70472556717108,Emerging Improver
Niger,2000,NER,11509634.0,7478107136.0,0.0,100.0,809.52,0.0,0.0,0.0,0.21,0.0,0.0,1.0,0.6195053263132116,0.48466749975497403,16.78237933849432,Transition Laggard
Niger,2001,NER,11920648.0,8079568499.0,0.0,100.0,777.78,0.0,0.0,0.0,0.18,0.0,0.0,1.0,0.5952155014081058,0.48466749975497403,17.389624961121967,Transition Laggard
Niger,2002,NER,12349150.0,8506710068.0,0.0,100.0,789.47,0.0,0.0,0.0,0.19,0.0,0.0,1.0,0.6041615648340884,0.48466749975497403,17.165973375472397,Transition Laggard
Niger,2003,NER,12796979.0,9108500707.0,0.0,100.0,800.0,0.0,0.0,0.0,0.2,0.0,0.0,1.0,0.6122199093914534,0.48466749975497403,16.964514761538275,Transition Laggard
Niger,2004,NER,13265843.0,9044074242.0,0.0,100.0,800.0,0.0,0.0,0.0,0.2,0.0,0.0,1.0,0.6122199093914534,0.48466749975497403,16.964514761538275,Transition Laggard
Niger,2005,NER,13756192.0,9809322645.0,0.0,100.0,826.09,0.0,0.0,0.0,0.23,0.0,0.0,1.0,0.6321859311864823,0.48466749975497403,16.465364216662554,Transition Laggard
Niger,2006,NER,14268583.0,10382568329.0,0.0,100.0,818.18,0.0,0.0,0.0,0.22,0.0,0.0,1.0,0.6261326068323742,0.48466749975497403,16.616697325515258,Transition Laggard
Niger,2007,NER,14803604.0,10716181753.0,0.0,100.0,818.18,0.0,0.0,0.0,0.22,0.0,0.0,1.0,0.6261326068323742,0.48466749975497403,16.616697325515258,Transition Laggard
Niger,2008,NER,15361921.0,11762875984.0,0.0,100.0,818.18,0.0,0.0,0.0,0.22,0.0,0.0,1.0,0.6261326068323742,0.48466749975497403,16.616697325515258,Transition Laggard
Niger,2009,NER,15943673.0,11700248745.0,0.0,100.0,807.69,0.0,0.0,0.0,0.26,0.0,0.0,1.0,0.6181048732704788,0.48466749975497403,16.81739066456264,Transition Laggard
Niger,2010,NER,16548833.0,12694118605.0,0.0,100.0,793.1,0.0,0.0,0.0,0.29,0.0,0.0,1.0,0.6069395126729521,0.48466749975497403,17.096524679500806,Transition Laggard
Niger,2011,NER,17176286.0,12994344552.0,0.0,100.0,794.12,0.0,0.0,0.0,0.34,0.0,0.0,1.0,0.6077200930574262,0.48466749975497403,17.077010169888954,Transition Laggard
Niger,2012,NER,17836770.0,14364207370.0,0.0,100.0,769.23,0.0,0.0,0.0,0.39,0.0,0.0,1.0,0.5886724011264847,0.48466749975497403,17.553202468162493,Transition Laggard
Niger,2013,NER,18519899.0,15127089342.0,0.0,100.0,772.73,0.0,0.0,0.0,0.44,0.0,0.0,1.0,0.5913508632300722,0.48466749975497403,17.486240915572804,Transition Laggard
Niger,2014,NER,19215917.0,16132130068.0,2.222,97.778,755.56,2.222,0.0,0.0,0.45,2.222,0.02222,0.9777800000000001,0.5782110934247582,0.4982786925414094,19.352103052502184,Transition Laggard
Niger,2015,NER,19939496.0,16840818422.0,1.852,98.148,722.22,1.852,0.0,0.0,0.54,1.852,0.018520000000000002,0.98148,0.5526968287008693,0.4960122022934431,19.733962316879914,Transition Laggard
Niger,2016,NER,20685758.0,17807651308.0,1.429,98.571,714.29,1.429,0.0,0.0,0.7,1.429,0.01429,0.98571,0.5466281988490266,0.4934210526315789,19.59301081824802,Transition Laggard
Niger,2017,NER,21435449.0,18698209711.0,1.786,98.214,714.29,1.786,0.0,0.0,0.56,1.786,0.01786,0.98214,0.5466281988490266,0.4956079094384005,19.84001367035034,Transition Laggard
Niger,2018,NER,22188074.0,20008393727.0,1.887,98.113,698.11,1.887,0.0,0.0,0.53,1.887,0.01887,0.9811300000000001,0.5342460511815844,0.49622660001960206,20.21944772075442,Transition Laggard
Niger,2019,NER,22947765.0,21237507069.0,2.985,97.015,686.57,2.985,0.0,0.0,0.67,2.985,0.029849999999999998,0.9701500000000001,0.5254147789886128,0.502952562971675,21.199918969859805,Transition Laggard
Niger,2020,NER,23717615.0,21991440513.0,2.985,97.015,701.49,2.985,0.0,0.0,0.67,2.985,0.029849999999999998,0.9701500000000001,0.5368326802987633,0.502952562971675,20.91447143710604,Transition Laggard
Niger,2021,NER,24502145.0,22299096291.0,2.817,97.183,690.14,2.817,0.0,0.0,0.71,2.817,0.02817,0.9718300000000001,0.528146810334272,0.5019234538861119,21.015381549934876,Transition Laggard
Niger,2022,NER,25311978.0,24776754234.0,2.532,97.468,683.54,2.532,0.0,0.0,0.79,2.532,0.025320000000000002,0.9746800000000001,0.5230959960817926,0.500177643830246,20.944464755408873,Transition Laggard
Niger,2023,NER,26159863.0,,2.062,97.938,680.41,2.062,0.0,0.0,0.97,2.062,0.02062,0.97938,0.5207006856862985,0.49729858865039694,20.67916168759849,Transition Laggard
Niger,2024,NER,27032417.0,,3.158,96.842,673.68,3.158,0.0,0.0,0.95,3.158,0.03158,0.9684200000000001,0.5155503856985428,0.5040123003038323,21.566224862093915,Transition Laggard
Nigeria,2000,NGA,126382490.0,268133056679.0,38.263,61.737,411.81,0.0,0.0,38.195,14.74,0.0,0.38262999999999997,0.6173700000000001,0.31514785110811805,0.48466749975497403,47.34911621862166,Mixed Performer
Nigeria,2001,NGA,129862594.0,293371700731.0,38.268,61.732,411.77,0.0,0.0,38.203,15.47,0.005000000000002558,0.38268,0.61732,0.31511724011264847,0.4846981280015682,47.35334091720731,Mixed Performer
Nigeria,2002,NGA,133471995.0,344836483316.0,38.237,61.763,412.07,0.0,0.0,38.19,21.55,-0.02599999999999625,0.38237000000000004,0.61763,0.31534682257867025,0.4845082328726845,47.326152928623515,Mixed Performer
Nigeria,2003,NGA,137202646.0,387284228400.0,36.931,63.069,420.3,0.0,0.0,36.881,20.2,-1.3320000000000007,0.36930999999999997,0.6306900000000001,0.32164503489653484,0.4765081348622954,46.26509615052106,Mixed Performer
Nigeria,2004,NGA,141057045.0,438814816180.0,33.429,66.571,442.16,0.0,0.0,33.388,24.29,-4.833999999999996,0.33429000000000003,0.66571,0.33837394392065634,0.4550561109477605,43.423893066199994,Mixed Performer
Nigeria,2005,NGA,145017256.0,481797619872.0,33.036,66.964,444.59,0.0,0.0,32.994,23.55,-5.226999999999997,0.33036000000000004,0.66964,0.3402335618954328,0.45264873076546114,43.10549191409609,Mixed Performer
Nigeria,2006,NGA,149077335.0,527631752471.0,27.119,72.881,481.83,0.0,0.0,27.076,23.12,-11.143999999999998,0.27119,0.7288100000000001,0.368732398677605,0.4164032637459571,38.29913898924923,Transition Laggard
Nigeria,2007,NGA,153267254.0,581001445796.0,27.142,72.858,481.95,0.0,0.0,27.099,22.99,-11.120999999999999,0.27142,0.72858,0.36882423166401374,0.41654415368029013,38.31275651360401,Transition Laggard
Nigeria,2008,NGA,157595014.0,638908028616.0,27.131,72.869,482.01,0.0,0.0,27.083,21.12,-11.131999999999998,0.27131,0.7286900000000001,0.3688701481572181,0.416476771537783,38.30399786913629,Transition Laggard
Nigeria,2009,NGA,162049466.0,709931188516.0,22.941,77.059,508.34,0.0,0.0,22.89,19.79,-15.322,0.22941,0.77059,0.3890198359250643,0.39081030089189456,34.90125861525181,Transition Laggard
Nigeria,2010,NGA,166642888.0,809999411809.0,24.416,75.584,499.04,0.0,0.0,24.378,26.13,-13.846999999999998,0.24416000000000002,0.7558400000000001,0.38190277947838863,0.3998456336371655,36.09971501759776,Transition Laggard
Nigeria,2011,NGA,171379602.0,871103799000.0,21.783,78.217,515.53,0.0,0.0,21.746,27.04,-16.479999999999997,0.21783000000000002,0.78217,0.39452216236071996,0.383716798980692,33.962497925692375,Transition Laggard
Nigeria,2012,NGA,176200627.0,908380661120.0,19.798,80.202,527.84,0.07,0.0,19.694,28.74,-18.465,0.19798,0.80202,0.403942696216481,0.37155738508281877,32.35359337083026,Transition Laggard
Nigeria,2013,NGA,181049440.0,957382666012.0,18.562,81.438,535.78,0.069,0.0,18.424,28.93,-19.700999999999997,0.18562,0.81438,0.4100189788171911,0.3639860825247476,31.346516767441436,Transition Laggard
Nigeria,2014,NGA,185896917.0,1017790765613.0,16.698,83.302,547.4,0.062,0.0,16.574,32.28,-21.564999999999998,0.16698000000000002,0.8330200000000001,0.418911473001102,0.3525678721944526,29.834531257889235,Transition Laggard
Nigeria,2015,NGA,190671883.0,1044789628210.0,19.506,80.494,529.7,0.09,0.0,19.355,33.17,-18.756999999999998,0.19506,0.80494,0.40536610750581614,0.3697686954817211,32.11597774458041,Transition Laggard
Nigeria,2016,NGA,195443698.0,1027896680223.0,22.469,77.531,511.22,0.082,0.0,22.304,36.54,-15.793999999999997,0.22469000000000003,0.77531,0.39122382759887353,0.3879189944134078,34.51958922622927,Transition Laggard
Nigeria,2017,NGA,200254580.0,1036180414988.0,24.194,75.806,500.0,0.093,0.0,24.038,32.24,-14.068999999999999,0.24194,0.75806,0.3826374433696584,0.3984857394883858,35.927750008084324,Transition Laggard
Nigeria,2018,NGA,204938752.0,1056103594567.0,21.166,78.834,519.48,0.109,0.0,20.975,36.71,-17.096999999999998,0.21166000000000001,0.78834,0.39754499816334027,0.3799372733509752,33.460034146181115,Transition Laggard
Nigeria,2019,NGA,209485637.0,1079426893318.0,23.341,76.659,505.76,0.137,0.0,23.121,36.46,-14.921999999999997,0.23341,0.7665900000000001,0.3870454267172768,0.39326056061942566,35.22737274135947,Transition Laggard
Nigeria,2020,NGA,213996185.0,1060059201469.0,20.553,79.447,523.42,0.211,0.0,20.237,38.0,-17.709999999999997,0.20553000000000002,0.79447,0.40056018121709314,0.3761822503185338,32.96052922435068,Transition Laggard
Nigeria,2021,NGA,218529286.0,1098721596994.0,20.663,79.337,522.7,0.255,0.0,20.255,39.2,-17.599999999999998,0.20663,0.79337,0.40000918329864094,0.3768560717436048,33.050411493688046,Transition Laggard
Nigeria,2022,NGA,223150906.0,1134448580250.0,24.711,75.289,497.37,0.263,0.0,24.289,38.0,-13.552,0.24711,0.7528900000000001,0.380624770417534,0.40165270018621974,36.335771242354944,Transition Laggard
Nigeria,2023,NGA,227882949.0,,22.678,77.322,510.26,0.269,0.0,22.263,40.92,-15.584999999999997,0.22678,0.77322,0.3904891637076038,0.3891992551210428,34.68255973412555,Transition Laggard
Nigeria,2024,NGA,232679482.0,,25.0,75.0,495.74,0.346,0.0,24.494,37.56,-13.262999999999998,0.25,0.75,0.3793773723521489,0.403423012839361,36.56691088378669,Transition Laggard
Nigeria,2025,NGA,237527788.0,,31.319,68.681,455.71,0.313,0.0,30.862,41.54,-6.943999999999999,0.31319,0.68681,0.348743418635974,0.4421309908850338,41.70477939737616,Mixed Performer
North Korea,2000,PRK,23665909.0,37758035363.0,52.332,47.668,434.72,0.0,0.0,52.332,19.3,0.0,0.52332,0.47668,0.3326802987633158,0.48466749975497403,55.352205027241716,Mixed Performer
North Korea,2001,PRK,23815364.0,39161385107.0,52.215,47.785,433.55,0.0,0.0,52.215,20.09,-0.11699999999999733,0.52215,0.47785,0.3317849271458308,0.4839507987846712,55.29363880312429,Mixed Performer
North Korea,2002,PRK,23943975.0,39634147135.0,53.459,46.541,422.18,0.0,0.0,53.459,19.66,1.1270000000000024,0.53459,0.46541,0.32308375168360476,0.49157110653729297,56.37187280596927,Mixed Performer
North Korea,2003,PRK,24090382.0,40352082900.0,55.556,44.444,404.69,0.0,0.0,55.556,20.88,3.2239999999999966,0.5555599999999999,0.44444000000000006,0.3096990939145341,0.5044165931588748,58.157371549519766,Mixed Performer
North Korea,2004,PRK,24254946.0,41171424607.0,56.633,43.367,395.7,0.0,0.0,56.633,21.86,4.301000000000002,0.56633,0.43367,0.30281927268274766,0.5110139174752524,59.07452694506009,Mixed Performer
North Korea,2005,PRK,24396434.0,42708227011.0,57.093,42.907,393.94,0.0,0.0,57.093,22.77,4.761000000000003,0.57093,0.42906999999999995,0.30147238888208644,0.5138317161619131,59.42646602037654,Mixed Performer
North Korea,2006,PRK,24524508.0,42264169568.0,55.984,44.016,405.65,0.0,0.0,55.984,22.31,3.652000000000001,0.55984,0.44016,0.31043375780580384,0.5070383710673332,58.43513162086491,Mixed Performer
North Korea,2007,PRK,24646384.0,41765545354.0,61.477,38.523,355.31,0.0,0.0,61.477,21.39,9.144999999999996,0.6147699999999999,0.38523,0.27190982000734665,0.5406865627756542,63.19875294145114,Emerging Improver
North Korea,2008,PRK,24764620.0,43163303891.0,60.408,39.592,365.13,0.0,0.0,60.408,23.06,8.076,0.6040800000000001,0.39592,0.27942481939512676,0.5341382436538273,62.27125316992923,Emerging Improver
North Korea,2009,PRK,24878338.0,42791212438.0,52.951,47.049,432.85,0.0,0.0,52.951,23.38,0.6189999999999998,0.52951,0.47049,0.3312492347251133,0.48845927668332845,55.81625828212209,Mixed Performer
North Korea,2010,PRK,24987257.0,42605438930.0,56.3,43.7,404.33,0.0,0.0,56.3,23.57,3.9679999999999964,0.563,0.43700000000000006,0.3094235949553079,0.5089740762520827,58.67902126989855,Mixed Performer
North Korea,2011,PRK,25097877.0,42961431310.0,62.626,37.374,346.91,0.0,0.0,62.626,20.87,10.293999999999997,0.62626,0.37374,0.2654815109587364,0.5477249338429874,64.15443623367639,Emerging Improver
North Korea,2012,PRK,25211737.0,43545173971.0,62.547,37.453,348.32,0.0,0.0,62.547,21.36,10.214999999999996,0.62547,0.37453000000000003,0.2665605485490388,0.5472410075467999,64.07280139947603,Emerging Improver
North Korea,2013,PRK,25329456.0,44033758330.0,62.676,37.324,347.29,0.046,0.0,62.631,21.97,10.344000000000001,0.62676,0.37323999999999996,0.26577231541569735,0.5480312163089287,64.1817603592415,Emerging Improver
North Korea,2014,PRK,25451263.0,44518471841.0,59.963,40.037,371.04,0.047,0.0,59.916,21.48,7.631,0.59963,0.40037,0.2839475939757561,0.531412329706949,61.85029509621033,Emerging Improver
North Korea,2015,PRK,25575355.0,44032955306.0,52.456,47.544,433.18,0.158,0.0,52.298,18.93,0.12400000000000233,0.52456,0.47544,0.33150177543773723,0.4854270802705087,55.4674618181142,Mixed Performer
North Korea,2016,PRK,25698325.0,45739740287.0,53.381,46.619,425.87,0.168,0.0,53.213,23.81,1.0489999999999995,0.53381,0.46619,0.32590761601567286,0.4910933058904244,56.24730918796455,Mixed Performer
North Korea,2017,PRK,25817710.0,44160501992.0,50.491,49.509,452.84,0.213,0.0,50.277,23.43,-1.841000000000001,0.50491,0.49509000000000003,0.3465470797110322,0.47339017935901206,53.73177569760937,Mixed Performer
North Korea,2018,PRK,25931153.0,42349472757.0,51.269,48.731,446.23,0.242,0.0,51.027,24.83,-1.0630000000000024,0.51269,0.48731,0.34148861270968534,0.4781559345290601,54.39652370019377,Mixed Performer
North Korea,2019,PRK,26037633.0,42499100315.0,46.399,53.601,486.6,0.335,0.0,46.064,23.88,-5.933,0.46399,0.53601,0.37238275988735153,0.4483240223463687,50.254691338011746,Mixed Performer
North Korea,2020,PRK,26136312.0,40572892149.0,53.527,46.473,424.48,0.415,0.0,53.112,24.1,1.1950000000000003,0.53527,0.46473,0.3248438839231052,0.4919876506909732,56.374917662286975,Mixed Performer
North Korea,2021,PRK,26232530.0,40550428396.0,63.324,36.676,342.57,0.507,0.0,62.817,25.63,10.991999999999997,0.63324,0.36676000000000003,0.26216021795028777,0.5520006370675291,64.72040410725575,Emerging Improver
North Korea,2022,PRK,26328843.0,40488847458.0,63.089,36.911,344.26,0.565,0.0,62.524,26.55,10.756999999999998,0.63089,0.36911,0.2634535325088772,0.5505611094776046,64.52547832944214,Emerging Improver
North Korea,2023,PRK,26418196.0,,62.687,37.313,346.18,0.561,0.0,62.126,26.72,10.354999999999997,0.62687,0.37313,0.2649228602914167,0.5480985984514358,64.21060746948612,Emerging Improver
North Korea,2024,PRK,26498832.0,,63.358,36.642,340.59,0.627,0.0,62.731,27.1,11.025999999999996,0.63358,0.36642,0.26064497367454387,0.5522089091443693,64.78180929530195,Emerging Improver
North Macedonia,2000,MKD,2057254.0,16307994486.0,17.181,82.819,822.32,0.0,,17.181,6.81,0.0,0.17181000000000002,0.8281900000000001,0.629300844863475,0.48466749975497403,26.846091374737735,Transition Laggard
North Macedonia,2001,MKD,2066300.0,15872667390.0,9.89,90.11,907.38,0.0,,9.89,6.37,-7.291,0.0989,0.9011,0.6943951267295212,0.4400053905714006,20.17420269033298,Transition Laggard
North Macedonia,2002,MKD,2074482.0,16017432272.0,12.479,87.521,880.13,0.0,,12.479,6.09,-4.702000000000002,0.12479,0.87521,0.6735413860658749,0.45586469665784574,22.486835798220813,Transition Laggard
North Macedonia,2003,MKD,2081417.0,16466000239.0,20.357,79.643,811.29,0.0,,20.357,6.73,3.1759999999999984,0.20357,0.79643,0.6208598628627403,0.5041225619915711,29.25454185830506,Transition Laggard
North Macedonia,2004,MKD,2086581.0,17324217189.0,22.222,77.778,794.29,0.0,,22.222,6.66,5.041,0.22222000000000003,0.77778,0.6078501897881718,0.5155468979711849,30.870148724863476,Transition Laggard
North Macedonia,2005,MKD,2089809.0,18219129334.0,21.47,78.53,802.59,0.0,,21.47,6.94,4.288999999999998,0.2147,0.7853,0.6142019713481083,0.5109404096834265,30.191056861548688,Transition Laggard
North Macedonia,2006,MKD,2089232.0,19227779553.0,23.538,76.462,768.9,0.0,,23.538,7.01,6.356999999999999,0.23538,0.7646200000000001,0.5884198604138606,0.5236082524747623,32.26642727677491,Transition Laggard
North Macedonia,2007,MKD,2081972.0,20547244002.0,15.538,84.462,835.39,0.0,,15.538,6.5,-1.6430000000000007,0.15538000000000002,0.84462,0.6393029876331578,0.47460305792414,25.459271178033156,Transition Laggard
North Macedonia,2008,MKD,2070837.0,21752220835.0,13.312,86.688,873.22,0.0,,13.312,6.31,-3.8690000000000015,0.13312,0.8668800000000001,0.6682533365985062,0.46096736254042925,23.19537702314378,Transition Laggard
North Macedonia,2009,MKD,2060601.0,21758909955.0,18.622,81.378,816.72,0.0,,18.622,6.82,1.440999999999999,0.18622,0.8137800000000001,0.6250153054977348,0.4934945604234049,27.950235768907707,Transition Laggard
North Macedonia,2010,MKD,2051510.0,22583127369.0,33.471,66.529,677.69,0.0,,33.471,7.26,16.289999999999996,0.33470999999999995,0.6652899999999999,0.5186191379943677,0.5844543271586788,40.88393645752099,Mixed Performer
North Macedonia,2011,MKD,2040445.0,23201482935.0,21.154,78.846,794.38,0.0,,21.154,6.76,3.972999999999999,0.21154,0.78846,0.6079190645279785,0.5090047044986769,30.12949395428069,Transition Laggard
North Macedonia,2012,MKD,2027288.0,23095684802.0,16.613,83.387,819.49,0.0,,16.613,6.26,-0.5680000000000014,0.16613,0.83387,0.6271351169340027,0.48118813094187984,26.507244040778126,Transition Laggard
North Macedonia,2013,MKD,2013280.0,23771197646.0,26.108,73.892,719.21,0.164,,25.944,6.09,8.927,0.26108000000000003,0.73892,0.550393351291784,0.5393511712241498,34.99523378606765,Transition Laggard
North Macedonia,2014,MKD,1997842.0,24633991465.0,23.978,76.022,749.07,0.186,1.301,22.491,5.38,6.797000000000001,0.23978000000000002,0.7602200000000001,0.57324445940982,0.5263035381750466,32.95024158738019,Transition Laggard
North Macedonia,2015,MKD,1980366.0,25583815729.0,35.929,64.071,631.86,0.354,2.124,33.097,5.65,18.748,0.35929000000000005,0.64071,0.4835465899351047,0.5995111731843575,43.461402849387746,Mixed Performer
North Macedonia,2016,MKD,1961268.0,26312536822.0,36.767,63.233,593.25,0.355,1.954,33.748,5.63,19.586000000000002,0.36767000000000005,0.63233,0.45399932655809966,0.6046444673135353,44.77988384575054,Mixed Performer
North Macedonia,2017,MKD,1940877.0,26597107306.0,23.036,76.964,705.36,0.357,1.964,19.821,5.6,5.855,0.23036,0.76964,0.5397942941104444,0.5205331765167108,33.13474029498955,Transition Laggard
North Macedonia,2018,MKD,1919730.0,27363281668.0,34.938,65.062,595.37,0.357,1.783,31.907,5.61,17.757,0.34938,0.65062,0.455621709317987,0.5934406547093992,43.47386708769131,Mixed Performer
North Macedonia,2019,MKD,1897643.0,28433274864.0,22.828,77.172,700.17,0.341,1.704,19.761,5.87,5.6469999999999985,0.22828,0.77172,0.5358225174482674,0.5192590414583946,33.09012268566923,Transition Laggard
North Macedonia,2020,MKD,1872021.0,27100243788.0,27.715,72.285,623.6,0.375,2.247,23.97,5.34,10.533999999999999,0.27715,0.72285,0.47722541937063795,0.549195089679506,37.93629086092664,Transition Laggard
North Macedonia,2021,MKD,1851109.0,28165634846.0,29.837,70.163,562.39,0.904,1.808,26.221,5.53,12.655999999999999,0.29837,0.70163,0.43038294355332435,0.5621937175340586,40.575532174177766,Mixed Performer
North Macedonia,2022,MKD,1840236.0,28770256385.0,27.104,72.896,624.58,1.684,1.852,22.727,5.94,9.922999999999998,0.27104,0.72896,0.4779753887596425,0.5454523179457023,37.49480005019447,Transition Laggard
North Macedonia,2023,MKD,1831800.0,,32.075,67.925,568.94,5.225,2.322,23.512,6.89,14.894000000000002,0.32075000000000004,0.67925,0.43539549406146694,0.5759029207095953,41.99865645910725,Mixed Performer
North Macedonia,2024,MKD,1823011.0,,39.461,60.539,510.3,14.105,2.694,21.712,6.31,22.279999999999998,0.39461,0.60539,0.39051977470307336,0.6211469665784572,48.23081013110002,Mixed Performer
North Macedonia,2025,MKD,1813792.0,,47.214,52.786,441.35,23.754,2.933,19.941,6.82,30.032999999999998,0.47214,0.52786,0.3377540712623975,0.6686391257473292,54.91413510465,Mixed Performer
Norway,2000,NOR,4490864.0,242751277829.0,99.712,0.288,25.75,0.0,0.021,99.509,142.52,0.0,0.99712,0.0028799999999999997,0.019705828333537408,0.48466749975497403,91.60456678798616,Transition Leader
Norway,2001,NOR,4513650.0,255455331302.0,99.522,0.478,26.87,0.0,0.025,99.291,121.32,-0.18999999999999773,0.9952200000000001,0.0047799999999999995,0.020562936206685443,0.48350362638439676,91.45168099059882,Transition Leader
Norway,2002,NOR,4538016.0,267081351259.0,99.585,0.415,26.49,0.0,0.061,99.332,130.24,-0.12700000000000955,0.99585,0.00415,0.0202721317497245,0.48388954229148284,91.50253984062914,Transition Leader
Norway,2003,NOR,4564666.0,277856282106.0,99.4,0.6,27.75,0.0,0.206,98.884,106.67,-0.3119999999999976,0.9940000000000001,0.006,0.021236378107016042,0.4827562971674998,91.35043500483711,Transition Leader
Norway,2004,NOR,4591739.0,297743119876.0,99.355,0.645,27.88,0.0,0.227,98.801,110.1,-0.3569999999999993,0.99355,0.00645,0.02133586384229215,0.4824806429481525,91.31681304816499,Transition Leader
Norway,2005,NOR,4623120.0,314940774381.0,99.468,0.532,26.96,0.0,0.364,98.863,137.25,-0.24399999999999977,0.99468,0.00532,0.020631810946491982,0.48317284132118005,91.4125973461554,Transition Leader
Norway,2006,NOR,4660487.0,332457531096.0,99.324,0.676,27.88,0.0,0.528,98.474,121.22,-0.38800000000000523,0.99324,0.00676,0.02133586384229215,0.48229074781926884,91.29536462123173,Transition Leader
Norway,2007,NOR,4709017.0,352692911227.0,99.14,0.86,28.58,0.0,0.654,98.2,136.11,-0.5720000000000027,0.9914000000000001,0.0086,0.021871556263009673,0.4811636283446045,91.15466551859383,Transition Leader
Norway,2008,NOR,4768097.0,364943654963.0,99.405,0.595,27.48,0.0,0.645,98.477,141.19,-0.30700000000000216,0.99405,0.0059499999999999996,0.021029753887596425,0.4827869254140939,91.3590600340215,Transition Leader
Norway,2009,NOR,4828625.0,370113292846.0,96.572,3.428,39.09,0.0,0.741,95.655,130.97,-3.1400000000000006,0.96572,0.03428,0.029914595322639896,0.4654329608938548,89.17682953034182,Transition Leader
Norway,2010,NOR,4889160.0,383760934305.0,95.793,4.207,42.88,0.0,0.707,94.803,123.14,-3.918999999999997,0.9579300000000001,0.042069999999999996,0.03281498714338191,0.4606610800744879,88.56534152253278,Transition Leader
Norway,2011,NOR,4952969.0,399420041611.0,96.808,3.192,38.36,0.0,1.024,95.513,125.93,-2.9039999999999964,0.96808,0.031920000000000004,0.029355944655320192,0.4668786141330981,89.35408059561347,Transition Leader
Norway,2012,NOR,5018453.0,410276121127.0,98.228,1.772,32.15,0.0,1.053,96.949,146.18,-1.4840000000000089,0.9822799999999999,0.01772,0.02460358760866903,0.4755770361658335,90.45536585227076,Transition Leader
Norway,2013,NOR,5080126.0,414445317738.0,97.957,2.043,33.95,0.0,1.412,96.245,133.14,-1.7550000000000097,0.9795699999999999,0.02043,0.025981082404799807,0.4739169852004312,90.23342771788647,Transition Leader
Norway,2014,NOR,5137397.0,422933730082.0,97.913,2.087,33.93,0.0,1.576,96.16,140.88,-1.7990000000000066,0.97913,0.020870000000000003,0.025965776907065016,0.4736474566304028,90.20336742677941,Transition Leader
Norway,2015,NOR,5189777.0,430788988142.0,97.951,2.049,33.64,0.0,1.762,96.014,143.0,-1.76100000000001,0.97951,0.02049,0.025743847189910615,0.47388023130451823,90.23520728982001,Transition Leader
Norway,2016,NOR,5235974.0,435806553454.0,98.054,1.946,33.1,0.0,1.425,96.474,148.03,-1.6580000000000013,0.9805400000000001,0.01946,0.025330598751071385,0.47451117318435754,90.3168026289886,Transition Leader
Norway,2017,NOR,5276807.0,446543702505.0,98.118,1.882,32.98,0.0,1.922,96.021,148.27,-1.5940000000000083,0.9811799999999999,0.01882,0.025238765764662666,0.47490321474076247,90.36337907699487,Transition Leader
Norway,2018,NOR,5311751.0,450245217440.0,98.02,1.98,33.1,0.0,2.652,95.231,145.94,-1.6920000000000073,0.9802,0.0198,0.025330598751071385,0.4743029011075173,90.29327854783598,Transition Leader
Norway,2019,NOR,5347733.0,455304831150.0,97.938,2.062,33.48,0.007,4.125,93.619,133.83,-1.774000000000001,0.97938,0.02062,0.02562140320803232,0.47380059786337353,90.2292738877498,Transition Leader
Norway,2020,NOR,5379275.0,449485260525.0,98.516,1.484,30.39,0.052,6.422,91.887,154.32,-1.195999999999998,0.98516,0.01484,0.023256703808007838,0.477341223169656,90.68830075234466,Transition Leader
Norway,2021,NOR,5408082.0,467007972731.0,99.319,0.681,26.92,0.07,7.484,91.625,157.13,-0.3930000000000007,0.99319,0.006810000000000001,0.020601199951022407,0.48226011957267473,91.31027179481457,Transition Leader
Norway,2022,NOR,5456796.0,482328451592.0,98.645,1.355,29.64,0.117,10.177,88.186,145.42,-1.0670000000000073,0.9864499999999999,0.01355,0.02268274764295335,0.4781314319317847,90.79190278790293,Transition Leader
Norway,2023,NOR,5519167.0,,98.47,1.53,30.46,0.234,9.087,88.987,153.63,-1.2420000000000044,0.9847,0.015300000000000001,0.02331027305007959,0.47705944330098987,90.65513482326286,Transition Leader
Norway,2024,NOR,5576656.0,,98.606,1.394,29.66,0.337,9.293,88.823,157.11,-1.1060000000000088,0.9860599999999999,0.01394,0.022698053140688134,0.47789253160835043,90.76453664560805,Transition Leader
Norway,2025,NOR,5623074.0,,98.999,1.001,28.11,0.33,8.432,90.025,160.81,-0.7130000000000081,0.9899899999999999,0.01001,0.021511877066242194,0.48029991179064974,91.06610175020369,Transition Leader
Oman,2000,OMN,2282139.0,58124187550.0,0.0,100.0,580.68,0.0,0.0,0.0,9.11,0.0,0.0,1.0,0.44437982123178643,0.48466749975497403,21.16051696552995,Transition Laggard
Oman,2001,OMN,2310223.0,64949142360.0,0.0,100.0,581.11,0.0,0.0,0.0,9.74,0.0,0.0,1.0,0.4447088894330844,0.48466749975497403,21.1522902604975,Transition Laggard
Oman,2002,OMN,2337144.0,68131998222.0,0.0,100.0,580.83,0.0,0.0,0.0,10.33,0.0,0.0,1.0,0.4444946124647974,0.48466749975497403,21.157647184704675,Transition Laggard
Oman,2003,OMN,2363801.0,69978417960.0,0.0,100.0,581.7,0.0,0.0,0.0,10.71,0.0,0.0,1.0,0.4451604016162606,0.48466749975497403,21.141002455918095,Transition Laggard
Oman,2004,OMN,2404822.0,74745449481.0,0.0,100.0,580.87,0.0,0.0,0.0,11.5,0.0,0.0,1.0,0.44452522346026696,0.48466749975497403,21.156881909817933,Transition Laggard
Oman,2005,OMN,2459808.0,80936605625.0,0.0,100.0,579.45,0.0,0.0,0.0,12.65,0.0,0.0,1.0,0.44343853312109716,0.48466749975497403,21.184049168297182,Transition Laggard
Oman,2006,OMN,2514794.0,90553430362.0,0.0,100.0,578.63,0.0,0.0,0.0,13.29,0.0,0.0,1.0,0.44281100771397086,0.48466749975497403,21.199737303475338,Transition Laggard
Oman,2007,OMN,2570175.0,100681198254.0,0.0,100.0,565.98,0.0,0.0,0.0,14.17,0.0,0.0,1.0,0.4331302803967185,0.48466749975497403,21.441755486406645,Transition Laggard
Oman,2008,OMN,2626536.0,115217924982.0,0.0,100.0,566.36,0.0,0.0,0.0,16.05,0.0,0.0,1.0,0.4334210848536795,0.48466749975497403,21.43448537498262,Transition Laggard
Oman,2009,OMN,2684665.0,127016653137.0,0.0,100.0,566.4,0.0,0.0,0.0,18.45,0.0,0.0,1.0,0.433451695849149,0.48466749975497403,21.433720100095886,Transition Laggard
Oman,2010,OMN,2757450.0,135198273857.0,0.0,100.0,566.89,0.0,0.0,0.0,19.81,0.0,0.0,1.0,0.43382668054365126,0.48466749975497403,21.42434548273333,Transition Laggard
Oman,2011,OMN,3076762.0,132756531310.0,0.0,100.0,566.99,0.0,0.0,0.0,21.87,0.0,0.0,1.0,0.43390320803232524,0.48466749975497403,21.422432295516476,Transition Laggard
Oman,2012,OMN,3547104.0,144522749866.0,0.0,100.0,566.75,0.0,0.0,0.0,25.02,0.0,0.0,1.0,0.4337195420595078,0.48466749975497403,21.427023944836915,Transition Laggard
Oman,2013,OMN,3833915.0,152076951430.0,0.0,100.0,567.07,0.0,0.0,0.0,26.24,0.0,0.0,1.0,0.4339644300232644,0.48466749975497403,21.420901745743002,Transition Laggard
Oman,2014,OMN,4002444.0,154041791696.0,0.0,100.0,567.11,0.0,0.0,0.0,29.13,0.0,0.0,1.0,0.43399504101873393,0.48466749975497403,21.420136470856264,Transition Laggard
Oman,2015,OMN,4184898.0,161770059399.0,0.0,100.0,567.33,0.0,0.0,0.0,32.75,0.0,0.0,1.0,0.4341634014938166,0.48466749975497403,21.415927458979194,Transition Laggard
Oman,2016,OMN,4390880.0,169932976616.0,0.0,100.0,567.34,0.0,0.0,0.0,34.23,0.0,0.0,1.0,0.434171054242684,0.48466749975497403,21.41573614025751,Transition Laggard
Oman,2017,OMN,4537397.0,170449577065.0,0.055,99.945,566.81,0.055,0.0,0.0,36.15,0.055,0.00055,0.99945,0.4337654585527121,0.4850044104675096,21.463929693194846,Transition Laggard
Oman,2018,OMN,4597878.0,172643265345.0,0.132,99.868,566.47,0.132,0.0,0.0,37.76,0.132,0.00132,0.99868,0.4335052650912208,0.4854760854650593,21.52370965469537,Transition Laggard
Oman,2019,OMN,4591248.0,170692383655.0,0.154,99.846,566.47,0.129,0.026,0.0,38.89,0.154,0.00154,0.99846,0.4335052650912208,0.4856108497500735,21.538931118970584,Transition Laggard
Oman,2020,OMN,4522502.0,165230251016.0,0.262,99.738,565.18,0.262,0.0,0.0,38.2,0.262,0.0026200000000000004,0.99738,0.432518060487327,0.48627241987650693,21.638334785964428,Transition Laggard
Oman,2021,OMN,4500429.0,170025212745.0,1.707,98.293,559.27,1.463,0.244,0.0,41.0,1.707,0.017070000000000002,0.9829300000000001,0.42799528590669766,0.49512398314221306,22.75117759946575,Transition Laggard
Oman,2022,OMN,4730229.0,177355008173.0,4.481,95.519,545.28,4.245,0.236,0.0,42.4,4.481,0.04481,0.9551900000000001,0.41728909024121463,0.5121165343526414,24.938120759259252,Transition Laggard
Oman,2023,OMN,5049267.0,,4.889,95.111,542.44,4.667,0.222,0.0,45.0,4.889,0.04889,0.95111,0.415115709562875,0.5146157992747231,25.27474425004897,Transition Laggard
Oman,2024,OMN,5281542.0,,4.888,95.112,542.77,4.684,0.204,0.0,49.1,4.888,0.04888,0.95112,0.41536825027549895,0.5146096736254043,25.267738847493593,Transition Laggard
Oman,2025,OMN,5494696.0,,4.542,95.458,544.47,4.353,0.189,0.0,52.84,4.542,0.04542,0.95458,0.41666921758295583,0.5124901989610898,24.99582254484245,Transition Laggard
Pakistan,2000,PAK,154879124.0,459798536606.0,25.854,73.575,499.93,0.0,0.0,25.854,66.49,0.0,0.25854,0.73575,0.38258387412758665,0.48466749975497403,38.36056564313493,Transition Laggard
Pakistan,2001,PAK,159270910.0,477964444881.0,26.265,70.989,483.71,0.0,0.0,26.265,72.11,0.41100000000000136,0.26265,0.70989,0.3701711154646749,0.48718514162501225,39.498999237758305,Transition Laggard
Pakistan,2002,PAK,163222552.0,504824722487.0,29.497,68.127,465.62,0.0,0.0,29.497,75.77,3.6430000000000007,0.29497,0.6812699999999999,0.3563272927635607,0.5069832402234637,41.988766284262944,Mixed Performer
Pakistan,2003,PAK,167110250.0,543920300431.0,34.284,63.511,442.37,0.0,0.0,32.822,82.08,8.43,0.34284,0.6351100000000001,0.3385346516468716,0.5363067235126924,45.702884561518594,Mixed Performer
Pakistan,2004,PAK,171285999.0,592025705114.0,31.259,66.496,461.84,0.0,0.0,29.863,85.96,5.405000000000001,0.31259000000000003,0.66496,0.353434553691686,0.5177766343232383,43.24743567255642,Mixed Performer
Pakistan,2005,PAK,175453212.0,641139042718.0,33.693,63.758,441.73,0.0,0.0,32.635,94.56,7.838999999999999,0.33693,0.63758,0.33804487571935843,0.5326864647652652,45.39222507849502,Mixed Performer
Pakistan,2006,PAK,179682690.0,685965623310.0,33.166,64.272,442.98,0.0,0.0,32.101,99.53,7.311999999999998,0.33165999999999995,0.6427200000000001,0.3390014693277826,0.5294582475742429,45.00693698041908,Mixed Performer
Pakistan,2007,PAK,184493231.0,719253757580.0,31.16,66.438,456.68,0.0,0.0,29.86,96.15,5.306000000000001,0.3116,0.6643800000000001,0.3494857352761112,0.5171701950406743,43.316909543707325,Mixed Performer
Pakistan,2008,PAK,189499112.0,746912719652.0,31.244,66.885,459.09,0.0,0.0,29.868,93.01,5.390000000000001,0.31244,0.6688500000000001,0.3513300477531529,0.5176847495834559,43.19617004992301,Mixed Performer
Pakistan,2009,PAK,194376535.0,774880575078.0,30.278,66.975,458.23,0.0,0.01,29.227,96.11,4.4239999999999995,0.30278,0.66975,0.35067191135055714,0.5117673723414682,42.763262801358096,Mixed Performer
Pakistan,2010,PAK,199239048.0,805491514683.0,34.715,62.577,429.66,0.011,0.011,33.647,94.54,8.861000000000004,0.34715,0.62577,0.32880800783641484,0.5389468783691072,46.370002979626236,Mixed Performer
Pakistan,2011,PAK,203746069.0,845096928750.0,31.298,64.653,443.32,0.032,0.021,30.075,94.83,5.443999999999999,0.31298,0.64653,0.3392616627892739,0.5180155346466726,44.07974144996824,Mixed Performer
Pakistan,2012,PAK,207667129.0,878485024934.0,31.713,62.915,431.7,0.071,0.01,30.438,98.1,5.859000000000002,0.31713,0.62915,0.33036916860536303,0.5205576791139861,44.91993597157571,Mixed Performer
Pakistan,2013,PAK,211073979.0,918328534363.0,32.189,63.616,436.21,0.133,0.381,30.387,104.88,6.335000000000001,0.32189,0.6361600000000001,0.33382055834455737,0.5234734881897481,44.868738364232286,Mixed Performer
Pakistan,2014,PAK,214264649.0,961516822345.0,32.833,62.923,432.77,0.222,0.741,30.09,107.91,6.978999999999999,0.32833,0.6292300000000001,0.3311880127341741,0.5274184063510732,45.39237577691174,Mixed Performer
Pakistan,2015,PAK,217290884.0,1010825281718.0,33.647,62.514,431.78,0.337,0.7,30.703,112.79,7.792999999999999,0.33647,0.62514,0.3304303905963022,0.5324046848965991,45.87326050854143,Mixed Performer
Pakistan,2016,PAK,220138863.0,1061146810870.0,29.17,66.404,456.96,0.553,1.082,26.184,122.9,3.3160000000000025,0.2917,0.66404,0.3497000122443982,0.504980152896207,42.44070198733315,Mixed Performer
Pakistan,2017,PAK,223273974.0,1117267177186.0,25.038,68.74,486.12,0.706,1.611,21.418,130.36,-0.815999999999999,0.25038,0.6874,0.37201542794171666,0.47966896991081054,39.47294885011924,Transition Laggard
Pakistan,2018,PAK,226928893.0,1165406508457.0,25.678,67.121,484.11,0.713,2.449,21.191,129.02,-0.17599999999999838,0.25678,0.67121,0.37047722541937067,0.48358938547486036,40.19896014663864,Mixed Performer
Pakistan,2019,PAK,230800908.0,1172330212219.0,30.214,63.066,468.99,1.934,2.134,24.88,134.97,4.359999999999999,0.30214,0.63066,0.3589062691318722,0.5113753307850633,43.50637323347914,Mixed Performer
Pakistan,2020,PAK,235001745.0,1202026422230.0,28.941,64.464,477.49,2.805,1.984,22.954,146.16,3.0869999999999997,0.28941,0.64464,0.36541110566915636,0.5035773792021955,42.431733046304025,Mixed Performer
Pakistan,2021,PAK,239477805.0,1278204948031.0,28.044,62.312,456.77,3.548,2.806,20.556,163.21,2.1900000000000013,0.28044,0.62312,0.3495546100159177,0.4980826717632069,42.96977482605016,Mixed Performer
Pakistan,2022,PAK,243700667.0,1318834969356.0,28.726,58.612,431.66,4.387,3.603,19.651,175.97,2.872,0.28726,0.5861200000000001,0.3303385576098935,0.5022603645986474,44.67654152873238,Mixed Performer
Pakistan,2023,PAK,247504505.0,,33.186,53.765,401.29,6.6,3.518,22.039,171.97,7.332000000000001,0.33186,0.5376500000000001,0.30709715929962045,0.5295807605606194,48.44013242591878,Mixed Performer
Pakistan,2024,PAK,251269160.0,,37.197,49.726,373.69,11.334,2.949,21.874,174.96,11.343000000000004,0.37197,0.49726,0.2859755724256153,0.5541507399784378,51.75032178903619,Mixed Performer
Pakistan,2025,PAK,255219560.0,,42.747,45.096,346.56,18.771,2.943,20.176,195.03,16.893,0.42747,0.45095999999999997,0.2652136647483776,0.588148093697932,55.879329786759534,Mixed Performer
Palestine,2000,PSE,3151800.0,16535485180.0,0.0,100.0,666.67,0.0,0.0,0.0,0.03,0.0,0.0,1.0,0.5101858087425003,0.48466749975497403,19.515367277762103,Transition Laggard
Palestine,2001,PSE,3242286.0,14595986667.0,0.0,100.0,750.0,0.0,0.0,0.0,0.04,0.0,0.0,1.0,0.5739561650544875,0.48466749975497403,17.921108369962422,Transition Laggard
Palestine,2002,PSE,3322369.0,12429343876.0,0.0,100.0,666.67,0.0,0.0,0.0,0.15,0.0,0.0,1.0,0.5101858087425003,0.48466749975497403,19.515367277762103,Transition Laggard
Palestine,2003,PSE,3398071.0,13784762233.0,0.0,100.0,647.06,0.0,0.0,0.0,0.34,0.0,0.0,1.0,0.4951787682135423,0.48466749975497403,19.890543290986056,Transition Laggard
Palestine,2004,PSE,3475178.0,14801525695.0,0.0,100.0,650.0,0.0,0.0,0.0,0.4,0.0,0.0,1.0,0.4974286763805559,0.48466749975497403,19.83429558681071,Transition Laggard
Palestine,2005,PSE,3557406.0,15962719146.0,0.0,100.0,660.0,0.0,0.0,0.0,0.5,0.0,0.0,1.0,0.5050814252479491,0.48466749975497403,19.64297686512588,Transition Laggard
Palestine,2006,PSE,3645096.0,14923434404.0,0.0,100.0,657.14,0.0,0.0,0.0,0.35,0.0,0.0,1.0,0.5028927390718746,0.48466749975497403,19.697694019527745,Transition Laggard
Palestine,2007,PSE,3736694.0,15482101098.0,0.0,100.0,666.67,0.0,0.0,0.0,0.42,0.0,0.0,1.0,0.5101858087425003,0.48466749975497403,19.515367277762103,Transition Laggard
Palestine,2008,PSE,3829039.0,15978427884.0,0.0,100.0,651.16,0.0,0.0,0.0,0.43,0.0,0.0,1.0,0.4983163952491735,0.48466749975497403,19.812102615095274,Transition Laggard
Palestine,2009,PSE,3921245.0,16895251586.0,0.0,100.0,660.0,0.0,0.0,0.0,0.5,0.0,0.0,1.0,0.5050814252479491,0.48466749975497403,19.64297686512588,Transition Laggard
Palestine,2010,PSE,4016918.0,17771111593.0,0.0,100.0,659.57,0.0,0.0,0.0,0.47,0.0,0.0,1.0,0.5047523570466512,0.48466749975497403,19.65120357015833,Transition Laggard
Palestine,2011,PSE,4115912.0,19437411000.0,0.0,100.0,666.67,0.0,0.0,0.0,0.57,0.0,0.0,1.0,0.5101858087425003,0.48466749975497403,19.515367277762103,Transition Laggard
Palestine,2012,PSE,4215318.0,20660752000.0,0.0,100.0,652.17,0.0,0.0,0.0,0.46,0.0,0.0,1.0,0.4990893228847802,0.48466749975497403,19.792779424205108,Transition Laggard
Palestine,2013,PSE,4315263.0,21115612000.0,0.0,100.0,660.38,0.0,0.0,0.0,0.53,0.0,0.0,1.0,0.50537222970491,0.48466749975497403,19.63570675370186,Transition Laggard
Palestine,2014,PSE,4415887.0,21084591000.0,0.0,100.0,647.06,0.0,0.0,0.0,0.34,0.0,0.0,1.0,0.4951787682135423,0.48466749975497403,19.890543290986056,Transition Laggard
Palestine,2015,PSE,4521564.0,21808077000.0,1.923,98.077,653.85,1.923,0.0,0.0,0.52,1.923,0.01923,0.98077,0.5003749846945023,0.4964471233950799,21.09113223356364,Transition Laggard
Palestine,2016,PSE,4632743.0,23665914839.0,7.547,92.453,603.77,7.547,0.0,0.0,0.53,7.547,0.07547,0.9245300000000001,0.46205001836659726,0.5308977751641674,25.94041616829758,Transition Laggard
Palestine,2017,PSE,4742747.0,23886477912.0,9.091,90.909,600.0,9.091,0.0,0.0,0.55,9.091,0.09090999999999999,0.9090900000000001,0.45916493204359005,0.5403557777124375,27.08081336459681,Transition Laggard
Palestine,2018,PSE,4850593.0,24082206405.0,14.286,85.714,571.43,14.286,0.0,0.0,0.42,14.286,0.14286,0.85714,0.43730102852944774,0.572178525923748,31.221752175620022,Transition Laggard
Palestine,2019,PSE,4957773.0,24410373377.0,14.815,85.185,567.9,14.815,0.0,0.0,0.81,14.815,0.14815,0.85185,0.43459960817925797,0.5754189944134078,31.655294711719666,Transition Laggard
Palestine,2020,PSE,5069692.0,21647493143.0,21.429,78.571,523.81,21.429,0.0,0.0,0.84,21.429,0.21428999999999998,0.78571,0.40085863842292146,0.6159340390081349,37.074944624548976,Transition Laggard
Palestine,2021,PSE,5185341.0,23165411997.0,24.176,75.824,505.5,24.176,0.0,0.0,0.91,24.176,0.24176,0.75824,0.3868464552467246,0.6327611976869548,39.325856584136204,Transition Laggard
Palestine,2022,PSE,5305274.0,24076501614.0,33.333,66.667,460.78,33.333,0.0,0.0,1.02,33.333,0.33333,0.66667,0.35262336231174235,0.6888537684994609,46.517022469698354,Mixed Performer
Palestine,2023,PSE,5409201.0,,40.0,60.0,423.53,40.0,0.0,0.0,0.85,40.0,0.4,0.6,0.32411687278070284,0.7296934725080859,51.84248026810372,Mixed Performer
Palestine,2024,PSE,5495447.0,,39.394,60.606,414.14,39.394,0.0,0.0,0.99,39.394,0.39394,0.60606,0.31693094159422064,0.7259813290208762,51.602846395457625,Mixed Performer
Panama,2000,PAN,3010376.0,28706485449.0,70.348,29.652,210.63,0.0,0.0,69.939,4.89,0.0,0.70348,0.29652,0.1611898493939023,0.48466749975497403,70.44906626147706,Emerging Improver
Panama,2001,PAN,3069545.0,28943056968.0,49.219,50.781,345.7,0.0,0.0,48.828,5.12,-21.128999999999998,0.49219,0.50781,0.2645555283457818,0.35523865529746157,53.24609162081737,Mixed Performer
Panama,2002,PAN,3129343.0,29668000666.0,64.65,35.35,247.64,0.0,0.0,64.272,5.29,-5.697999999999993,0.6465000000000001,0.35350000000000004,0.1895126729521244,0.4497635499362933,65.7986364252413,Emerging Improver
Panama,2003,PAN,3189813.0,31009621095.0,50.987,49.013,335.73,0.0,0.0,50.628,5.57,-19.360999999999997,0.50987,0.49013,0.25692573772499083,0.36606880329314906,54.660088606272474,Mixed Performer
Panama,2004,PAN,3251158.0,33428600750.0,65.972,34.028,239.58,0.0,0.0,65.625,5.76,-4.376000000000005,0.65972,0.34027999999999997,0.18334455736500552,0.4578616583357836,66.86751094091161,Emerging Improver
Panama,2005,PAN,3313024.0,35933065263.0,64.261,35.739,250.86,0.0,0.0,63.918,5.82,-6.087000000000003,0.64261,0.35739,0.191976858087425,0.4473806723512692,65.4678886330834,Emerging Improver
Panama,2006,PAN,3375024.0,39099565107.0,60.201,39.799,277.59,0.0,0.0,59.866,5.98,-10.146999999999998,0.60201,0.39799,0.21243265580996692,0.4225105361168284,62.14744164650325,Emerging Improver
Panama,2007,PAN,3437490.0,43958183203.0,57.74,42.26,292.57,0.0,0.0,57.43,6.46,-12.607999999999997,0.5774,0.4226,0.2238964736133219,0.4074353131431932,60.158117856814854,Emerging Improver
Panama,2008,PAN,3500646.0,47885663330.0,62.053,37.947,264.39,0.0,0.0,61.742,6.43,-8.295000000000002,0.62053,0.37947000000000003,0.20233102730500796,0.43385523865529746,63.68135289720427,Emerging Improver
Panama,2009,PAN,3564383.0,48772972500.0,56.729,43.271,298.12,0.0,0.0,56.44,6.91,-13.619,0.56729,0.43271000000000004,0.2281437492347251,0.40124228168185827,59.35244049435974,Mixed Performer
Panama,2010,PAN,3628537.0,51741885375.0,57.046,42.954,296.75,0.0,0.0,56.775,7.38,-13.302,0.57046,0.42954000000000003,0.22709532263989224,0.4031841125159267,59.59797862174159,Mixed Performer
Panama,2011,PAN,3693509.0,57996520000.0,52.685,47.315,336.32,0.0,0.0,52.43,7.82,-17.662999999999997,0.52685,0.47314999999999996,0.257377249908167,0.37647015583651866,55.8236210898436,Mixed Performer
Panama,2012,PAN,3759261.0,63359010000.0,62.95,37.05,276.42,0.0,0.0,62.602,8.61,-7.397999999999996,0.6295000000000001,0.3705,0.21153728419248197,0.439349946094286,64.07181708660224,Emerging Improver
Panama,2013,PAN,3825333.0,67546261000.0,57.877,42.123,307.26,0.0,0.0,57.542,8.95,-12.470999999999997,0.57877,0.42123,0.23513836169952246,0.4082745270998726,59.97185886401002,Mixed Performer
Panama,2014,PAN,3892100.0,71636840000.0,55.806,44.194,320.43,0.108,1.29,54.086,9.3,-14.542000000000002,0.55806,0.44194000000000006,0.24521703195787928,0.3955883073605802,58.28699881146172,Mixed Performer
Panama,2015,PAN,3960034.0,75784011000.0,65.34,34.66,258.25,0.194,4.078,60.777,10.3,-5.007999999999996,0.6534000000000001,0.34659999999999996,0.19763223950042855,0.45399024796628445,66.07304773198355,Emerging Improver
Panama,2016,PAN,4029085.0,79454188125.0,66.636,33.364,247.24,0.643,5.79,59.926,10.88,-3.7120000000000033,0.66636,0.33364,0.1892065629974287,0.4619290894834852,67.18037226731656,Emerging Improver
Panama,2017,PAN,4098704.0,83812229677.0,71.83,28.17,205.62,1.449,4.438,65.67,11.04,1.4819999999999993,0.7183,0.2817,0.15735582221133831,0.4937457120454768,71.5702901253987,Emerging Improver
Panama,2018,PAN,4167860.0,86820962356.0,77.768,22.232,169.64,2.054,5.268,70.179,11.2,7.420000000000002,0.77768,0.22232,0.12982123178645769,0.5301198177006763,76.3670664708487,Transition Leader
Panama,2019,PAN,4234698.0,89670319909.0,52.749,47.251,325.6,2.491,6.186,43.814,11.64,-17.598999999999997,0.52749,0.47251,0.24917350312232156,0.37686219739292365,56.07299538283581,Mixed Performer
Panama,2020,PAN,4293258.0,73827064971.0,75.686,24.314,180.99,2.925,5.302,67.185,10.94,5.338000000000008,0.7568600000000001,0.24314,0.13850710175094896,0.5173662158188769,74.70941569350943,Emerging Improver
Panama,2021,PAN,4345410.0,85518149482.0,78.365,21.635,161.85,4.872,4.377,68.869,12.11,8.016999999999996,0.78365,0.21635000000000001,0.12385974041875841,0.5337768303440165,76.92915894469128,Transition Leader
Panama,2022,PAN,4400775.0,94762119668.0,77.224,22.776,168.98,5.714,4.735,66.286,12.25,6.876000000000005,0.77224,0.22776,0.12931615036120975,0.526787464471234,76.00330820803826,Transition Leader
Panama,2023,PAN,4458758.0,,60.641,39.359,266.21,6.636,6.789,46.911,13.11,-9.707,0.60641,0.39359000000000005,0.2037238275988735,0.4252058218171126,62.66959163728485,Emerging Improver
Panama,2024,PAN,4515576.0,,67.982,32.018,221.15,7.372,7.148,53.09,13.43,-2.3659999999999997,0.67982,0.32018,0.1692405412023999,0.47017421346662747,68.61079967193942,Emerging Improver
Papua New Guinea,2000,PNG,5537068.0,,42.396,57.604,396.31,0.0,0.0,42.396,2.17,0.0,0.42396,0.57604,0.3032860903636586,0.48466749975497403,50.12546023723314,Mixed Performer
Papua New Guinea,2001,PNG,5728444.0,,34.328,65.672,447.76,0.0,0.0,34.328,2.68,-8.067999999999998,0.34328000000000003,0.65672,0.34265948328639645,0.43524576105067136,43.55899933360016,Mixed Performer
Papua New Guinea,2002,PNG,5924010.0,,32.056,67.944,459.93,0.0,0.0,32.056,2.87,-10.340000000000003,0.32055999999999996,0.67944,0.35197287865801397,0.4213282857982946,41.75420232052407,Mixed Performer
Papua New Guinea,2003,PNG,6124005.0,,30.124,69.876,475.16,0.0,0.0,28.571,3.22,-12.272000000000002,0.30124,0.69876,0.36362801518305377,0.4094935313143193,40.126102590138444,Mixed Performer
Papua New Guinea,2004,PNG,6328042.0,,26.781,73.219,492.88,0.0,0.0,25.356,3.51,-15.615000000000002,0.26781,0.73219,0.37718868617607443,0.389015485641478,37.47411513022031,Transition Laggard
Papua New Guinea,2005,PNG,6535905.0,,32.597,67.403,458.56,0.0,0.0,24.309,3.62,-9.799,0.32597000000000004,0.67403,0.3509244520631811,0.42464226207978045,42.15472262961718,Mixed Performer
Papua New Guinea,2006,PNG,6747724.0,,33.824,66.176,452.94,0.0,0.0,25.0,3.4,-8.572000000000003,0.33824,0.66176,0.34662360719970614,0.43215843379398217,43.11118632691708,Mixed Performer
Papua New Guinea,2007,PNG,6963353.0,,37.313,62.687,429.85,0.0,0.0,25.373,3.35,-5.082999999999998,0.37313,0.62687,0.3289534100648953,0.45353082426737235,45.9669271123882,Mixed Performer
Papua New Guinea,2008,PNG,7183002.0,,36.657,63.343,436.95,0.0,0.0,24.927,3.41,-5.739000000000004,0.36656999999999995,0.63343,0.33438686176074445,0.4495123983142213,45.37721443069471,Mixed Performer
Papua New Guinea,2009,PNG,7406442.0,,37.092,62.908,433.23,0.0,0.0,25.223,3.37,-5.304000000000002,0.37091999999999997,0.62908,0.3315400391820742,0.4521770557679114,45.74935485696682,Mixed Performer
Papua New Guinea,2010,PNG,7633524.0,,35.613,64.387,441.6,0.0,0.0,24.217,3.51,-6.783000000000001,0.35613,0.64387,0.3379453899840823,0.44311722042536505,44.565923556778415,Mixed Performer
Papua New Guinea,2011,PNG,7859349.0,,37.466,62.534,429.75,0.0,0.0,26.446,3.63,-4.93,0.37466,0.62534,0.3288768825762214,0.454468048613153,46.07469866479176,Mixed Performer
Papua New Guinea,2012,PNG,8081396.0,,36.729,63.271,431.64,0.0,0.0,26.005,3.73,-5.667000000000002,0.36729,0.63271,0.3303232521121587,0.44995344506517687,45.52862037317368,Mixed Performer
Papua New Guinea,2013,PNG,8302700.0,,35.162,64.838,443.89,0.0,0.0,24.688,4.01,-7.234000000000002,0.35162,0.64838,0.3396978694747153,0.4403545525825737,44.21007155187072,Mixed Performer
Papua New Guinea,2014,PNG,8523440.0,,33.411,66.589,453.27,0.0,0.0,23.598,4.28,-8.985,0.33411,0.66589,0.3468761479123301,0.4296285406253063,42.81912441157134,Mixed Performer
Papua New Guinea,2015,PNG,8743247.0,,31.347,68.653,465.78,0.0,0.0,22.075,4.53,-11.049,0.31347,0.6865300000000001,0.35644973674543895,0.4169852004312457,41.15173458783271,Mixed Performer
Papua New Guinea,2016,PNG,8961717.0,,29.769,70.231,477.99,0.0,0.0,20.964,4.77,-12.627000000000002,0.29769,0.70231,0.36579374311252605,0.40731892580613543,39.826340309278876,Transition Laggard
Papua New Guinea,2017,PNG,9178717.0,,27.816,72.184,491.95,0.0,0.0,18.161,4.35,-14.580000000000002,0.27816,0.72184,0.3764769805314069,0.39535553268646473,38.2080084770118,Transition Laggard
Papua New Guinea,2018,PNG,9394518.0,,22.936,77.064,518.35,0.0,0.0,19.495,4.36,-19.46,0.22936,0.77064,0.39668023754132486,0.36546236401058513,34.32652952162565,Transition Laggard
Papua New Guinea,2019,PNG,9609014.0,,26.402,73.598,495.33,0.0,0.0,23.598,4.28,-15.994,0.26402000000000003,0.73598,0.37906360964858576,0.3866938645496423,37.16501772702999,Transition Laggard
Papua New Guinea,2020,PNG,9815743.0,,27.317,72.683,490.24,0.0,0.0,24.634,4.1,-15.079,0.27317,0.7268300000000001,0.3751683604750827,0.3922988336763697,37.895473493268476,Transition Laggard
Papua New Guinea,2021,PNG,10012898.0,,24.724,75.276,507.73,0.0,0.0,22.296,4.53,-17.672,0.24724000000000002,0.75276,0.38855301824415334,0.3764150249926492,35.76679991878591,Transition Laggard
Papua New Guinea,2022,PNG,10203177.0,,21.133,78.867,529.41,0.218,0.0,18.519,4.59,-21.263,0.21133,0.7886700000000001,0.4051441777886617,0.3544178182887386,32.86746282961453,Transition Laggard
Papua New Guinea,2023,PNG,10389638.0,,23.679,76.321,513.74,0.211,0.0,21.142,4.73,-18.717000000000002,0.23679,0.7632099999999999,0.3931523203134566,0.37001372145447414,34.928797813980694,Transition Laggard
Papua New Guinea,2024,PNG,10576509.0,,23.679,76.321,513.74,0.211,0.0,21.142,4.73,-18.717000000000002,0.23679,0.7632099999999999,0.3931523203134566,0.37001372145447414,34.928797813980694,Transition Laggard
Paraguay,2000,PRY,5100875.0,26799187738.0,100.0,0.0,23.74,0.0,0.0,100.0,53.49,0.0,1.0,0.0,0.018167625811191378,0.48466749975497403,91.81582185104482,Transition Leader
Paraguay,2001,PRY,5187690.0,27438613750.0,100.0,0.0,23.83,0.0,0.0,100.0,45.32,0.0,1.0,0.0,0.018236500550997917,0.48466749975497403,91.81409998254966,Transition Leader
Paraguay,2002,PRY,5261334.0,31664872141.0,100.0,0.0,23.85,0.0,0.0,100.0,48.21,0.0,1.0,0.0,0.018251806048732708,0.48466749975497403,91.8137173451063,Transition Leader
Paraguay,2003,PRY,5326437.0,33135448282.0,100.0,0.0,23.76,0.0,0.0,100.0,51.77,0.0,1.0,0.0,0.01818293130892617,0.48466749975497403,91.81543921360145,Transition Leader
Paraguay,2004,PRY,5388181.0,34591080511.0,100.0,0.0,23.69,0.0,0.0,100.0,51.93,0.0,1.0,0.0,0.018129362066854414,0.48466749975497403,91.81677844465325,Transition Leader
Paraguay,2005,PRY,5448100.0,35443580706.0,100.0,0.0,23.84,0.0,0.0,100.0,51.17,0.0,1.0,0.0,0.018244153299865312,0.48466749975497403,91.81390866382797,Transition Leader
Paraguay,2006,PRY,5505145.0,37261533412.0,100.0,0.0,23.81,0.0,0.0,100.0,53.77,0.0,1.0,0.0,0.018221195053263133,0.48466749975497403,91.81448261999302,Transition Leader
Paraguay,2007,PRY,5559385.0,39406021841.0,100.0,0.0,23.83,0.0,0.0,100.0,53.71,0.0,1.0,0.0,0.018236500550997917,0.48466749975497403,91.81409998254966,Transition Leader
Paraguay,2008,PRY,5613577.0,42050621581.0,100.0,0.0,23.8,0.0,0.0,100.0,55.46,0.0,1.0,0.0,0.01821354230439574,0.48466749975497403,91.8146739387147,Transition Leader
Paraguay,2009,PRY,5671243.0,40509009629.0,100.0,0.0,23.84,0.0,0.0,100.0,54.94,0.0,1.0,0.0,0.018244153299865312,0.48466749975497403,91.81390866382797,Transition Leader
Paraguay,2010,PRY,5737973.0,45961696292.0,100.0,0.0,23.68,0.0,0.0,100.0,54.06,0.0,1.0,0.0,0.018121709317987022,0.48466749975497403,91.81696976337493,Transition Leader
Paraguay,2011,PRY,5814632.0,48113309093.0,100.0,0.0,23.78,0.0,0.0,100.0,57.62,0.0,1.0,0.0,0.018198236806660953,0.48466749975497403,91.81505657615809,Transition Leader
Paraguay,2012,PRY,5897011.0,47772664940.0,100.0,0.0,23.74,0.0,0.0,100.0,60.23,0.0,1.0,0.0,0.018167625811191378,0.48466749975497403,91.81582185104482,Transition Leader
Paraguay,2013,PRY,5982447.0,51734453611.0,100.0,0.0,24.13,0.0,0.0,99.785,60.51,0.0,1.0,0.0,0.018466083017019713,0.48466749975497403,91.80836042089912,Transition Leader
Paraguay,2014,PRY,6069819.0,54476893712.0,99.982,0.018,24.36,0.0,0.0,99.729,55.43,-0.018000000000000682,0.99982,0.00017999999999999998,0.018642096240969755,0.4845572380672351,91.79150616498428,Transition Leader
Paraguay,2015,PRY,6159106.0,56087783311.0,100.0,0.0,24.16,0.0,0.0,99.732,55.89,0.0,1.0,0.0,0.018489041263621893,0.48466749975497403,91.80778646473405,Transition Leader
Paraguay,2016,PRY,6249129.0,58481604773.0,100.0,0.0,24.4,0.0,0.0,99.734,63.94,0.0,1.0,0.0,0.018672707236439327,0.48466749975497403,91.80319481541362,Transition Leader
Paraguay,2017,PRY,6338658.0,61294571103.0,100.0,0.0,24.24,0.0,0.0,99.766,59.82,0.0,1.0,0.0,0.018550263254561036,0.48466749975497403,91.80625591496057,Transition Leader
Paraguay,2018,PRY,6427382.0,63258456042.0,100.0,0.0,24.27,0.0,0.0,99.781,59.34,0.0,1.0,0.0,0.01857322150116322,0.48466749975497403,91.80568195879553,Transition Leader
Paraguay,2019,PRY,6515059.0,63004153609.0,100.0,0.0,24.2,0.0,0.0,99.718,49.59,0.0,1.0,0.0,0.018519652259091465,0.48466749975497403,91.80702118984732,Transition Leader
Paraguay,2020,PRY,6603741.0,62487519891.0,100.0,0.0,24.88,0.0,0.0,99.442,46.63,0.0,1.0,0.0,0.0190400391820742,0.48466749975497403,91.79401151677274,Transition Leader
Paraguay,2021,PRY,6684184.0,64997640183.0,100.0,0.0,24.98,0.0,0.0,99.339,40.84,0.0,1.0,0.0,0.019116566670748132,0.48466749975497403,91.7920983295559,Transition Leader
Paraguay,2022,PRY,6760460.0,65127634644.0,100.0,0.0,24.71,0.0,0.0,99.456,44.11,0.0,1.0,0.0,0.01890994245132852,0.48466749975497403,91.7972639350414,Transition Leader
Paraguay,2023,PRY,6844150.0,,100.0,0.0,24.51,0.0,0.0,99.548,53.04,0.0,1.0,0.0,0.018756887473980657,0.48466749975497403,91.80109030947509,Transition Leader
Paraguay,2024,PRY,6929152.0,,100.0,0.0,24.76,0.0,0.0,99.434,42.41,0.0,1.0,0.0,0.018948206195665486,0.48466749975497403,91.79630734143296,Transition Leader
Paraguay,2025,PRY,7013079.0,,100.0,0.0,24.7,0.0,0.0,99.471,45.35,0.0,1.0,0.0,0.018902289702461123,0.48466749975497403,91.79745525376308,Transition Leader
Peru,2000,PER,26598328.0,128561599053.0,81.978,18.022,141.06,0.0,0.0,81.175,19.92,0.0,0.81978,0.18022,0.10794967552344803,0.48466749975497403,78.75807060823841,Transition Leader
Peru,2001,PER,26964610.0,130005019162.0,85.556,14.444,117.96,0.0,0.0,84.786,20.77,3.578000000000003,0.85556,0.14444,0.0902718256397698,0.5065850730177399,81.67558045427185,Transition Leader
Peru,2002,PER,27288211.0,137911092694.0,82.901,17.099,139.15,0.0,0.0,82.037,21.99,0.9230000000000018,0.82901,0.17099,0.10648800048977593,0.4903214740762521,79.43322209889938,Transition Leader
Peru,2003,PER,27580485.0,144583674826.0,81.683,18.317,145.66,0.0,0.0,80.811,22.93,-0.2949999999999875,0.8168300000000001,0.18317,0.11146994000244888,0.4828604332059199,78.46595799802756,Transition Leader
Peru,2004,PER,27852190.0,152840586065.0,72.866,27.134,200.0,0.0,0.0,72.247,24.25,-9.111999999999995,0.72866,0.27134,0.15305497734786336,0.4288505831618152,71.32598431373064,Emerging Improver
Peru,2005,PER,28101175.0,163489485317.0,72.275,27.725,200.0,0.0,0.0,70.902,25.5,-9.702999999999989,0.7227500000000001,0.27725,0.15305497734786336,0.425230324414388,70.91708043251924,Emerging Improver
Peru,2006,PER,28324488.0,176775277493.0,73.282,26.718,192.98,0.0,0.0,72.003,27.36,-8.695999999999998,0.73282,0.26718000000000003,0.14768274764295333,0.4313988532784475,71.7481141081029,Emerging Improver
Peru,2007,PER,28530704.0,192942634714.0,66.722,33.278,229.54,0.0,0.0,65.319,29.93,-15.256,0.6672199999999999,0.33278,0.17566119750214276,0.3912145937469372,66.50988896865049,Emerging Improver
Peru,2008,PER,28719038.0,211009673563.0,60.13,39.87,269.2,0.0,0.0,58.711,32.43,-21.847999999999992,0.6013000000000001,0.3987,0.20601199951022406,0.3508343134372244,61.19021471380276,Emerging Improver
Peru,2009,PER,28896819.0,212830474173.0,60.601,39.399,265.19,0.0,0.0,59.204,32.92,-21.376999999999995,0.60601,0.39399,0.2029432472143994,0.35371949426639226,61.59281123363589,Emerging Improver
Peru,2010,PER,29086021.0,230353256282.0,57.704,42.296,283.09,0.0,0.0,55.837,35.89,-24.273999999999994,0.57704,0.42296,0.21664166768703316,0.33597348818974815,59.24596063067039,Mixed Performer
Peru,2011,PER,29304083.0,244711917914.0,56.768,43.232,286.52,0.0,0.0,55.034,39.23,-25.209999999999994,0.5676800000000001,0.43232,0.21926656054854904,0.3302398804273253,58.532734192696154,Mixed Performer
Peru,2012,PER,29550367.0,259737230567.0,55.255,44.745,297.55,0.15,0.0,53.428,39.96,-26.722999999999992,0.55255,0.44744999999999996,0.22770754254928371,0.3209717730079389,57.274888031386986,Mixed Performer
Peru,2013,PER,29817908.0,274939626306.0,53.942,46.058,304.99,0.46,0.0,51.276,43.51,-28.035999999999994,0.53942,0.46058,0.23340118770662424,0.312928795452318,56.22410223911917,Mixed Performer
Peru,2014,PER,30115825.0,281488723310.0,52.373,47.627,309.64,0.437,0.569,48.546,45.73,-29.604999999999997,0.52373,0.47627,0.23695971592996204,0.30331765167107716,55.049571876817105,Mixed Performer
Peru,2015,PER,30457598.0,290642734598.0,52.724,47.276,305.78,0.476,1.243,49.12,48.27,-29.253999999999998,0.5272399999999999,0.47276000000000007,0.23400575486714825,0.3054677545819857,55.36627244705108,Mixed Performer
Peru,2016,PER,30866497.0,302131843581.0,50.397,49.603,320.94,0.465,2.053,46.794,51.63,-31.580999999999996,0.50397,0.49603,0.24560732215011633,0.2912133686170734,53.4662174755032,Mixed Performer
Peru,2017,PER,31324639.0,309742529723.0,58.604,41.396,271.49,0.55,2.03,55.132,52.71,-23.373999999999995,0.58604,0.41396,0.20776447900085712,0.3414865725766931,60.09058661362897,Emerging Improver
Peru,2018,PER,31897590.0,322061010919.0,61.131,38.869,252.84,1.373,2.746,56.243,54.62,-20.846999999999994,0.61131,0.38869,0.19349210236316886,0.35696608840537103,62.195788767001346,Emerging Improver
Peru,2019,PER,32449302.0,329252610797.0,60.542,39.458,256.73,1.372,2.901,55.302,56.87,-21.435999999999993,0.6054200000000001,0.39458,0.19646902167258481,0.35335808095658144,61.713845672534106,Emerging Improver
Peru,2020,PER,32838577.0,292988745490.0,63.484,36.516,239.67,1.491,3.416,57.558,52.99,-18.493999999999993,0.6348400000000001,0.36516,0.18341343210481204,0.3713797412525728,64.0757603161683,Emerging Improver
Peru,2021,PER,33155883.0,332691638600.0,61.572,38.428,250.92,1.404,3.194,55.957,56.99,-20.40599999999999,0.61572,0.38427999999999995,0.19202277458062936,0.3596674997549741,62.53764313180887,Emerging Improver
Peru,2022,PER,33475436.0,341677633395.0,55.242,44.758,287.81,1.402,3.222,49.633,59.9,-26.735999999999997,0.55242,0.44758000000000003,0.22025376515244277,0.3208921395667941,57.45223796469083,Mixed Performer
Peru,2023,PER,33845616.0,,54.378,45.622,291.77,1.38,3.171,48.842,60.87,-27.599999999999994,0.54378,0.45622,0.22328425370393043,0.3155995785553269,56.77868733573165,Mixed Performer
Peru,2024,PER,34217850.0,,60.111,39.889,258.73,1.602,3.525,53.972,59.29,-21.866999999999997,0.60111,0.39889,0.19799957144606345,0.3507179261001666,61.37737960535091,Emerging Improver
Peru,2025,PER,34576673.0,,63.65,36.35,238.25,3.028,3.491,56.056,60.44,-18.327999999999996,0.6365,0.36350000000000005,0.18232674176564223,0.3723965990394982,64.21778044145141,Emerging Improver
Philippines,2000,PHL,79625401.0,327247671365.0,42.892,57.108,468.21,0.0,0.0,17.219,45.3,0.0,0.42892,0.57108,0.35830935472021547,0.48466749975497403,49.04747862831923,Mixed Performer
Philippines,2001,PHL,81401488.0,339580401272.0,37.279,62.721,506.06,0.0,0.0,15.09,47.05,-5.6129999999999995,0.37279000000000007,0.6272099999999999,0.38727500918329866,0.45028423012839364,44.439788222343445,Mixed Performer
Philippines,2002,PHL,83068889.0,354896572700.0,35.638,64.362,467.19,0.0,0.0,14.507,48.46,-7.254000000000005,0.35638,0.64362,0.35752877433574143,0.44023203959619717,44.04806123554942,Mixed Performer
Philippines,2003,PHL,84731836.0,375676507230.0,33.415,66.585,455.61,0.0,0.0,14.866,52.94,-9.477000000000004,0.33415,0.6658499999999999,0.34866689114730015,0.42661472116044297,42.73154853872414,Mixed Performer
Philippines,2004,PHL,86394510.0,404092179609.0,33.733,66.267,460.67,0.0,0.0,15.356,55.94,-9.159000000000006,0.33732999999999996,0.66267,0.3525391820742011,0.4285626776438302,42.85476061280242,Mixed Performer
Philippines,2005,PHL,88015959.0,426864086040.0,32.367,67.633,448.65,0.0,0.035,14.831,56.57,-10.525000000000006,0.32366999999999996,0.67633,0.34334057793559447,0.42019504067431146,42.13961116172481,Mixed Performer
Philippines,2006,PHL,89508992.0,452834616353.0,36.034,63.966,427.44,0.0,0.088,17.506,56.78,-6.858000000000004,0.36034,0.63966,0.32710909758785356,0.442657796726453,45.08253951120045,Mixed Performer
Philippines,2007,PHL,91075180.0,486739179739.0,31.6,68.4,452.2,0.0,0.101,14.358,59.62,-11.292000000000002,0.316,0.684,0.346057303783519,0.4154966676467705,41.541017420113576,Mixed Performer
Philippines,2008,PHL,92699091.0,511142140299.0,33.903,66.097,431.11,0.0,0.099,16.179,60.82,-8.989000000000004,0.33903,0.66097,0.32991765642218684,0.42960403802803093,43.53791915986579,Mixed Performer
Philippines,2009,PHL,94384256.0,521163648845.0,32.574,67.426,441.38,0.0,0.097,15.811,61.92,-10.318000000000005,0.32574,0.6742600000000001,0.3377770295089996,0.4214630500833088,42.421920013524634,Mixed Performer
Philippines,2010,PHL,96337127.0,565514808274.0,26.296,73.704,504.65,0.0,0.089,11.516,67.73,-16.596000000000004,0.26295999999999997,0.7370399999999999,0.3861959715929962,0.38300622365970793,36.86779406507072,Transition Laggard
Philippines,2011,PHL,98248614.0,590943092007.0,28.662,71.338,492.99,0.0,0.13,14.027,69.15,-14.230000000000004,0.28662,0.7133799999999999,0.3772728664136158,0.3974995099480545,38.727870988880426,Transition Laggard
Philippines,2012,PHL,100175511.0,631700459807.0,28.454,71.546,505.28,0.0,0.11,14.062,72.89,-14.438000000000002,0.28454,0.7154600000000001,0.38667809477164194,0.3962253748897383,38.34882825405502,Transition Laggard
Philippines,2013,PHL,102076334.0,674346563689.0,26.412,73.588,529.98,0.0,0.093,13.319,75.23,-16.480000000000004,0.26412,0.73588,0.4055803844741031,0.38371679898069194,36.4634423728578,Transition Laggard
Philippines,2014,PHL,103767127.0,717154029846.0,25.612,74.388,536.84,0.026,0.194,11.835,77.23,-17.280000000000005,0.25612,0.7438800000000001,0.41083017019713486,0.3788162795256297,35.778689937956074,Transition Laggard
Philippines,2015,PHL,105312988.0,762678999551.0,25.413,74.587,544.78,0.17,0.91,10.51,82.4,-17.479000000000003,0.25413,0.74587,0.416906452797845,0.377597275311183,35.48909780972162,Transition Laggard
Philippines,2016,PHL,106735721.0,817202925336.0,24.21,75.79,560.19,1.212,1.079,8.933,90.79,-18.682000000000002,0.2421,0.7579000000000001,0.4286993388024979,0.37022811918063314,34.361938317647045,Transition Laggard
Philippines,2017,PHL,108119691.0,873843247356.0,24.555,75.445,560.51,1.272,1.155,10.184,94.36,-18.337000000000003,0.24555,0.75445,0.42894422676625443,0.37234146819562874,34.59451635377807,Transition Laggard
Philippines,2018,PHL,109465284.0,929253628653.0,23.371,76.629,572.39,1.253,1.153,9.404,99.74,-19.521000000000004,0.23371,0.76629,0.4380356924207175,0.3650886994021366,33.54803818051411,Transition Laggard
Philippines,2019,PHL,110804685.0,986114678778.0,20.787,79.213,592.66,1.179,0.981,7.573,106.03,-22.105000000000004,0.20787,0.79213,0.4535478143749235,0.3492600215622856,31.372404964061197,Transition Laggard
Philippines,2020,PHL,112081270.0,892256290776.0,21.229,78.771,598.82,1.346,1.012,7.066,101.75,-21.663000000000004,0.21229,0.78771,0.45826190767723773,0.3519675585612074,31.560365686487167,Transition Laggard
Philippines,2021,PHL,113100947.0,943141651518.0,22.135,77.865,599.57,1.39,1.21,8.689,105.76,-20.757,0.22135000000000002,0.77865,0.4588358638422922,0.35751739684406547,32.17286435660368,Transition Laggard
Philippines,2022,PHL,113964343.0,1014811024029.0,22.16,77.84,602.51,1.632,0.95,9.045,111.55,-20.732000000000003,0.22160000000000002,0.7784000000000001,0.4610857720093057,0.35767053807703614,32.133913770922895,Transition Laggard
Philippines,2023,PHL,114891199.0,,21.426,78.574,616.12,1.559,1.157,8.644,116.73,-21.466000000000005,0.21425999999999998,0.78574,0.47150116321782787,0.3531743114770165,31.365685591709553,Transition Laggard
Philippines,2024,PHL,115843663.0,,20.472,79.528,621.73,1.675,1.208,8.126,124.17,-22.42,0.20472,0.7952800000000001,0.4757943553324354,0.3473304420268548,30.598297747091934,Transition Laggard
Philippines,2025,PHL,116786960.0,,23.311,76.689,588.29,2.437,1.186,10.315,123.12,-19.581000000000003,0.23311,0.76689,0.45020356311987264,0.36472116044300695,33.20232832864829,Transition Laggard
Poland,2000,POL,38258077.0,488207682001.0,1.627,98.373,954.6,0.0,0.0,1.474,143.18,0.0,0.01627,0.9837300000000001,0.7305314068813518,0.48466749975497403,14.982927324290813,Transition Laggard
Poland,2001,POL,38247359.0,499086644170.0,1.934,98.066,949.56,0.0,0.007,1.621,143.72,0.30699999999999994,0.01934,0.9806600000000001,0.7266744214521856,0.48654807409585416,15.291760575133168,Transition Laggard
Poland,2002,POL,38229407.0,514089670231.0,1.944,98.056,945.61,0.0,0.042,1.6,142.49,0.31699999999999995,0.01944,0.98056,0.7236515856495653,0.48660933058904243,15.374250317596506,Transition Laggard
Poland,2003,POL,38203527.0,537330337680.0,1.5,98.5,949.8,0.0,0.08,1.113,150.01,-0.127,0.015,0.985,0.726858087425003,0.4838895422914829,14.986890948747167,Transition Laggard
Poland,2004,POL,38167568.0,570430122148.0,2.098,97.902,941.26,0.0,0.092,1.364,152.54,0.47099999999999986,0.02098,0.97902,0.7203226398922493,0.4875526805841419,15.564024211455896,Transition Laggard
Poland,2005,POL,38124377.0,595958527688.0,2.479,97.521,932.26,0.0,0.09,1.417,155.29,0.8520000000000001,0.024790000000000003,0.97521,0.7134351659115954,0.4898865529746153,15.999819146829344,Transition Laggard
Poland,2006,POL,38071169.0,638713864539.0,2.67,97.33,931.92,0.0,0.162,1.269,160.7,1.043,0.0267,0.9733,0.7131749724501041,0.4910565519945114,16.138473968665068,Transition Laggard
Poland,2007,POL,38020420.0,690249985288.0,3.425,96.575,925.44,0.0,0.328,1.482,158.52,1.7979999999999998,0.034249999999999996,0.96575,0.7082159911840333,0.4956814172302264,16.784821478852564,Transition Laggard
Poland,2008,POL,37995902.0,726319216200.0,4.278,95.722,918.51,0.0,0.544,1.392,154.5,2.651,0.04278,0.95722,0.7029126362189299,0.5009065960991865,17.50758303601455,Transition Laggard
Poland,2009,POL,38002153.0,760579624624.0,5.76,94.24,904.81,0.0,0.716,1.578,150.86,4.133,0.0576,0.9424,0.6924283702706011,0.5099848083896893,18.795062869080308,Transition Laggard
Poland,2010,POL,38095356.0,795619859853.0,6.94,93.06,893.03,0.0,1.059,1.863,156.77,5.313000000000001,0.0694,0.9306000000000001,0.6834134321048121,0.5172130745859062,19.836860316168288,Transition Laggard
Poland,2011,POL,38208644.0,843236863910.0,8.062,91.938,881.69,0.0,1.965,1.431,162.87,6.435,0.08062,0.9193800000000001,0.6747352148891882,0.5240860531216309,20.830110424594757,Transition Laggard
Poland,2012,POL,38247867.0,856266755052.0,10.453,89.547,860.79,0.0,2.942,1.263,161.48,8.825999999999999,0.10453,0.89547,0.6587409697563364,0.5387324806429481,22.884262965735807,Transition Laggard
Poland,2013,POL,38259267.0,863601156195.0,10.416,89.584,863.23,0.0,3.663,1.49,163.78,8.789,0.10416,0.8958400000000001,0.6606082404799805,0.5385058316181516,22.811981462272758,Transition Laggard
Poland,2014,POL,38265113.0,896737189458.0,12.536,87.464,844.08,0.006,4.85,1.377,158.35,10.908999999999999,0.12536,0.87464,0.6459532263989225,0.5514922081740664,24.645152462637935,Transition Laggard
Poland,2015,POL,38266314.0,936043804062.0,13.81,86.19,826.11,0.037,6.61,1.114,164.3,12.183,0.1381,0.8619,0.632201236684217,0.5592962854062531,25.87041336398837,Transition Laggard
Poland,2016,POL,38263260.0,963689941627.0,13.741,86.259,818.55,0.072,7.584,1.289,166.0,12.113999999999999,0.13741,0.86259,0.6264157585404677,0.558873615603254,25.96731027053712,Transition Laggard
Poland,2017,POL,38254964.0,1013223736654.0,14.202,85.798,805.54,0.1,8.775,1.507,169.91,12.575,0.14202,0.8579800000000001,0.6164595322639892,0.5616975399392335,26.535174792488768,Transition Laggard
Poland,2018,POL,38241070.0,1073462064151.0,12.76,87.24,809.01,0.177,7.555,1.163,169.43,11.133,0.1276,0.8724,0.6191150361209746,0.5528643536214839,25.471089401297892,Transition Laggard
Poland,2019,POL,38225884.0,1121231497071.0,15.599,84.401,771.66,0.435,9.257,1.201,163.22,13.972,0.15599000000000002,0.8440099999999999,0.5905320191012612,0.570255072037636,28.149925603033015,Transition Laggard
Poland,2020,POL,38171005.0,1098581305284.0,17.964,82.036,738.28,1.247,10.054,1.349,157.15,16.337,0.17964,0.82036,0.5649871433819028,0.5847422326766637,30.424854905602388,Transition Laggard
Poland,2021,POL,38040303.0,1173809548862.0,17.093,82.907,756.36,2.198,9.078,1.309,178.79,15.466,0.17093,0.82907,0.5788233133341496,0.5794067921199647,29.47631904844573,Transition Laggard
Poland,2022,POL,38385734.0,1231021338216.0,21.103,78.897,732.48,4.653,11.075,1.103,178.6,19.476000000000003,0.21103000000000002,0.7889700000000001,0.5605485490388148,0.6039706458884642,32.707645962356594,Transition Laggard
Poland,2023,POL,38762847.0,,27.707,72.293,650.68,6.712,14.609,1.456,165.52,26.080000000000002,0.27707000000000004,0.7229300000000001,0.4979490633035386,0.6444244339900029,38.84183992726158,Transition Laggard
Poland,2024,POL,38539209.0,,31.147,68.853,608.18,10.26,15.042,1.226,172.12,29.52,0.31146999999999997,0.68853,0.4654248806171176,0.6654966676467706,42.03502799927362,Mixed Performer
Poland,2025,POL,38140913.0,,31.508,68.492,588.6,11.284,14.21,0.981,173.26,29.881,0.31507999999999997,0.6849200000000001,0.45044079833476186,0.6677080270508674,42.65940044739396,Mixed Performer
Portugal,2000,PRT,10283196.0,238756377443.0,29.785,70.215,546.17,0.0,0.393,26.198,43.21,0.0,0.29785,0.70215,0.4179701848904126,0.48466749975497403,39.691757874064294,Transition Laggard
Portugal,2001,PRT,10354329.0,244348167969.0,34.173,65.827,506.95,0.0,0.564,30.46,46.06,4.388000000000002,0.34173000000000003,0.65827,0.3879561038324966,0.5115468489659905,43.47810013867745,Mixed Performer
Portugal,2002,PRT,10413045.0,247190712485.0,21.361,78.639,592.54,0.0,0.79,17.124,45.55,-8.424,0.21361000000000002,0.7863899999999999,0.45345598138851473,0.4330650298931687,32.976175913684656,Transition Laggard
Portugal,2003,PRT,10454246.0,245847246169.0,38.155,61.845,485.23,0.0,1.078,33.887,46.39,8.370000000000001,0.38155,0.61845,0.3713343332925187,0.5359391845535627,46.64872943599047,Mixed Performer
Portugal,2004,PRT,10481386.0,251279602163.0,27.551,72.449,541.18,0.0,1.835,22.09,44.68,-2.2340000000000018,0.27551,0.72449,0.41415146320558344,0.4709827991767127,38.24155540751111,Transition Laggard
Portugal,2005,PRT,10502993.0,254196923131.0,17.931,82.069,595.31,0.0,3.847,10.28,46.01,-11.854,0.17931000000000002,0.82069,0.4555757928247826,0.41205405272958934,30.550015970324278,Transition Laggard
Portugal,2006,PRT,10524123.0,259159946424.0,32.479,67.521,503.93,0.0,6.054,22.727,48.4,2.693999999999999,0.32479,0.67521,0.3856449736745439,0.5011699990198961,42.363825643434836,Mixed Performer
Portugal,2007,PRT,10546822.0,266663287450.0,34.703,65.297,472.28,0.043,8.649,21.601,46.71,4.918000000000003,0.34703000000000006,0.6529699999999999,0.3614240235092445,0.5147934431049691,44.50810105884342,Mixed Performer
Portugal,2008,PRT,10564086.0,268239264717.0,32.289,67.711,471.55,0.088,12.704,14.998,45.34,2.5040000000000013,0.32289,0.67711,0.3608653728419248,0.5000061256493188,42.85185756369167,Mixed Performer
Portugal,2009,PRT,10576265.0,261270596745.0,37.039,62.961,452.82,0.324,15.35,16.768,49.38,7.254000000000001,0.37039,0.62961,0.3465317742132974,0.5291029599137509,46.496650043373826,Mixed Performer
Portugal,2010,PRT,10578659.0,267277408809.0,53.01,46.99,317.13,0.393,17.165,30.198,53.48,23.224999999999998,0.5301,0.46990000000000004,0.24269162483163953,0.6269357051847496,60.14274495698025,Emerging Improver
Portugal,2011,PRT,10557050.0,263425010810.0,46.562,53.438,375.05,0.541,17.69,22.287,51.78,16.776999999999997,0.46562,0.5343800000000001,0.2870163462715808,0.5874375183769479,54.57335411886469,Mixed Performer
Portugal,2012,PRT,10513155.0,252737143203.0,42.628,57.372,441.24,0.858,22.579,12.368,45.44,12.843,0.42628,0.57372,0.3376698910248561,0.5633392139566794,50.58514093372879,Mixed Performer
Portugal,2013,PRT,10458287.0,250405237435.0,58.53,41.47,340.42,0.953,23.853,27.269,50.35,28.745,0.5853,0.4147,0.2605148769437982,0.660749289424679,63.516367417775236,Emerging Improver
Portugal,2014,PRT,10406203.0,252388910611.0,60.946,39.054,325.68,1.216,23.378,30.058,51.8,31.160999999999998,0.60946,0.39054000000000005,0.2492347251132607,0.675548858178967,65.46996474485299,Emerging Improver
Portugal,2015,PRT,10370264.0,256911888409.0,47.634,52.366,413.96,1.564,22.683,16.934,51.14,17.849,0.47634,0.52366,0.31679319211460755,0.5940042144467313,54.57063341383578,Mixed Performer
Portugal,2016,PRT,10346377.0,262100101273.0,54.699,45.301,343.61,1.473,21.118,26.622,59.05,24.913999999999998,0.54699,0.45301,0.2629561038324966,0.6372819268842498,60.80472630745133,Emerging Improver
Portugal,2017,PRT,10330838.0,271290329012.0,39.208,60.792,433.76,1.719,21.271,10.245,57.59,9.422999999999998,0.39208,0.60792,0.33194563487204604,0.5423894932862884,48.36200152749317,Mixed Performer
Portugal,2018,PRT,10325355.0,279020275961.0,50.403,49.597,358.7,1.731,21.628,21.234,58.35,20.618,0.50403,0.49597,0.2745041018733929,0.6109661374105655,57.54368951432366,Mixed Performer
Portugal,2019,PRT,10343218.0,286505655767.0,53.12,46.88,300.97,2.597,26.492,17.093,51.6,23.334999999999997,0.5312,0.46880000000000005,0.23032478266193218,0.6276095266098206,60.528023332599,Emerging Improver
Portugal,2020,PRT,10370519.0,262724232089.0,58.591,41.409,248.3,3.347,23.935,23.507,51.39,28.806,0.58591,0.41409,0.19001775437737237,0.6611229540331276,65.32100045106262,Emerging Improver
Portugal,2021,PRT,10390957.0,277181288542.0,64.08,35.92,210.48,4.551,26.839,24.197,49.22,34.295,0.6408,0.3592,0.16107505816089138,0.6947466431441733,69.84232319314032,Emerging Improver
Portugal,2022,PRT,10417074.0,295712910456.0,59.594,40.406,225.34,7.598,28.599,14.116,46.33,29.809,0.59594,0.40406,0.17244704297783764,0.6672669802999118,66.45422863005274,Emerging Improver
Portugal,2023,PRT,10430735.0,,74.469,25.531,158.43,11.183,28.5,26.094,46.14,44.684,0.74469,0.25531,0.12124250030610996,0.7583860139174752,78.02612770110939,Transition Leader
Portugal,2024,PRT,10425291.0,,85.191,14.809,110.64,14.999,30.336,31.5,47.27,55.406000000000006,0.8519100000000001,0.14809,0.08467001346883801,0.8240652259139469,86.35882805198824,Transition Leader
Portugal,2025,PRT,10411831.0,,80.951,19.049,127.91,17.328,26.736,29.689,51.13,51.166,0.80951,0.19049,0.097886310762826,0.798092472802117,83.0948293229611,Transition Leader
Puerto Rico,2000,PRI,3809868.0,104392661189.0,0.686,99.313,657.21,0.0,0.0,0.686,21.85,0.0,0.006860000000000001,0.9931300000000001,0.5029463083139464,0.48466749975497403,20.108204788475952,Transition Laggard
Puerto Rico,2001,PRI,3813009.0,112725609474.0,0.583,99.417,655.76,0.0,0.0,0.583,22.31,-0.10300000000000009,0.00583,0.99417,0.5018366597281744,0.4840365578751348,20.06443187492266,Transition Laggard
Puerto Rico,2002,PRI,3810715.0,115553684281.0,0.475,99.525,664.08,0.0,0.0,0.475,23.16,-0.21100000000000008,0.00475,0.9952500000000001,0.5082037467858456,0.48337498774870136,19.83053114658438,Transition Laggard
Puerto Rico,2003,PRI,3806043.0,117412676578.0,0.418,99.582,684.78,0.0,0.0,0.418,23.92,-0.26800000000000007,0.00418,0.9958199999999999,0.5240449369413493,0.48302582573752817,19.395063962529193,Transition Laggard
Puerto Rico,2004,PRI,3798659.0,122888176607.0,0.58,99.42,685.3,0.0,0.0,0.58,24.15,-0.1060000000000001,0.0058,0.9942000000000001,0.5244428798824537,0.4840181809271783,19.49720071684633,Transition Laggard
Puerto Rico,2005,PRI,3788412.0,122355753761.0,0.561,99.439,684.3,0.0,0.0,0.561,24.96,-0.125,0.00561,0.99439,0.5236776049957145,0.48390179359012053,19.50318677895895,Transition Laggard
Puerto Rico,2006,PRI,3776220.0,122502584394.0,0.561,99.439,689.23,0.0,0.0,0.561,24.97,-0.125,0.00561,0.99439,0.5274504101873393,0.48390179359012053,19.408866649168328,Transition Laggard
Puerto Rico,2007,PRI,3763089.0,122989548931.0,0.648,99.352,689.22,0.0,0.0,0.648,24.68,-0.038000000000000034,0.0064800000000000005,0.9935200000000001,0.5274427574384719,0.48443472508085855,19.46925194025108,Transition Laggard
Puerto Rico,2008,PRI,3749130.0,122623981902.0,0.688,99.312,690.32,0.0,0.0,0.688,23.25,0.0019999999999998908,0.00688,0.99312,0.5282845598138852,0.48467975105361166,19.475882270457042,Transition Laggard
Puerto Rico,2009,PRI,3735014.0,122136555251.0,0.738,99.262,688.37,0.0,0.0,0.738,23.04,0.051999999999999935,0.00738,0.9926200000000001,0.5267922737847435,0.48498603351955305,19.547783658174705,Transition Laggard
Puerto Rico,2010,PRI,3714834.0,123553432914.0,0.688,99.312,686.02,0.0,0.0,0.688,23.25,0.0019999999999998908,0.00688,0.99312,0.5249938778009061,0.48467975105361166,19.55814932078152,Transition Laggard
Puerto Rico,2011,PRI,3683711.0,125016099000.0,0.674,99.326,691.38,0.0,0.0,0.674,22.26,-0.01200000000000001,0.00674,0.9932599999999999,0.5290957511938288,0.4845939919631481,19.445916099601504,Transition Laggard
Puerto Rico,2012,PRI,3646423.0,125060220000.0,0.538,99.462,687.44,0.09,0.045,0.404,22.3,-0.14800000000000002,0.00538,0.9946200000000001,0.526080568140076,0.4837609036557875,19.427199351334913,Transition Laggard
Puerto Rico,2013,PRI,3606773.0,124667504000.0,1.35,98.65,684.82,0.186,0.791,0.372,21.48,0.664,0.013500000000000002,0.9865,0.524075547936819,0.48873493090267567,20.039135265119658,Transition Laggard
Puerto Rico,2014,PRI,3565367.0,122937258000.0,1.662,98.338,686.61,0.237,1.045,0.38,21.06,0.9759999999999999,0.01662,0.9833799999999999,0.5254453899840823,0.49064613349014996,20.220757252750193,Transition Laggard
Puerto Rico,2015,PRI,3521811.0,122888632000.0,1.818,98.182,680.86,0.431,1.148,0.239,20.9,1.1320000000000001,0.01818,0.98182,0.5210450593853312,0.4916017347838871,20.438699537125025,Transition Laggard
Puerto Rico,2016,PRI,3476008.0,121412919445.0,1.89,98.11,683.14,0.581,0.921,0.339,20.64,1.2039999999999997,0.0189,0.9811,0.5227898861270969,0.4920427815348427,20.44489456984522,Transition Laggard
Puerto Rico,2017,PRI,3371878.0,118146530216.0,2.259,97.741,673.99,0.977,0.916,0.305,16.38,1.573,0.02259,0.97741,0.5157876209134321,0.49430314613349013,20.87525666916655,Transition Laggard
Puerto Rico,2018,PRI,3290068.0,112643622488.0,2.657,97.343,671.57,1.752,0.622,0.226,17.69,1.971,0.02657,0.97343,0.513935655687523,0.4967411545623836,21.19692592624768,Transition Laggard
Puerto Rico,2019,PRI,3288027.0,114530476443.0,3.812,96.188,673.63,2.611,0.836,0.261,19.15,3.126,0.03812,0.9618800000000001,0.5155121219542059,0.5038162795256297,21.956641144029295,Transition Laggard
Puerto Rico,2020,PRI,3275800.0,109716979210.0,3.985,96.015,668.59,2.937,0.734,0.262,19.07,3.299,0.03985,0.9601500000000001,0.5116551365250398,0.5048760168577869,22.172761839740808,Transition Laggard
Puerto Rico,2021,PRI,3253210.0,110191669589.0,4.649,95.351,665.29,3.512,0.826,0.258,19.36,3.963,0.046490000000000004,0.95351,0.5091297293988001,0.5089434480054886,22.695308485112324,Transition Laggard
Puerto Rico,2022,PRI,3240972.0,113895186748.0,5.377,94.623,660.3,4.271,0.804,0.251,19.9,4.691,0.05377,0.94623,0.5053110077139709,0.5134029207095953,23.29446861779466,Transition Laggard
Puerto Rico,2023,PRI,3242022.0,,5.377,94.623,660.3,4.271,0.804,0.251,19.9,4.691,0.05377,0.94623,0.5053110077139709,0.5134029207095953,23.29446861779466,Transition Laggard
Puerto Rico,2024,PRI,3242212.0,,6.0,94.0,656.0,4.8,0.9,0.25,20.0,5.314,0.06,0.9400000000000001,0.5020203257009918,0.5172192002352249,23.807779861003578,Transition Laggard
Puerto Rico,2025,PRI,3235290.0,,6.364,93.636,654.66,4.933,1.135,0.247,20.27,5.678,0.06364,0.93636,0.5009948573527611,0.5194489365872783,24.08526261499015,Transition Laggard
Qatar,2000,QAT,644993.0,30159719266.0,0.0,100.0,603.51,0.0,0.0,0.0,9.13,0.0,0.0,1.0,0.46185104689604506,0.48466749975497403,20.723736323923482,Transition Laggard
Qatar,2001,QAT,677934.0,34920337897.0,0.0,100.0,604.02,0.0,0.0,0.0,9.95,0.0,0.0,1.0,0.4622413370882821,0.48466749975497403,20.713979069117556,Transition Laggard
Qatar,2002,QAT,711215.0,41661485450.0,0.0,100.0,603.29,0.0,0.0,0.0,10.94,0.0,0.0,1.0,0.4616826864209624,0.48466749975497403,20.72794533580055,Transition Laggard
Qatar,2003,QAT,744690.0,47126236240.0,0.0,100.0,603.66,0.0,0.0,0.0,12.01,0.0,0.0,1.0,0.46196583812905595,0.48466749975497403,20.72086654309821,Transition Laggard
Qatar,2004,QAT,773341.0,63193934807.0,0.0,100.0,603.93,0.0,0.0,0.0,13.23,0.0,0.0,1.0,0.46217246234847553,0.48466749975497403,20.71570093761272,Transition Laggard
Qatar,2005,QAT,825419.0,76893678098.0,0.0,100.0,603.47,0.0,0.0,0.0,14.4,0.0,0.0,1.0,0.46182043590057553,0.48466749975497403,20.72450159881022,Transition Laggard
Qatar,2006,QAT,972841.0,103895902583.0,0.0,100.0,603.63,0.0,0.0,0.0,17.08,0.0,0.0,1.0,0.4619428798824538,0.48466749975497403,20.721440499263263,Transition Laggard
Qatar,2007,QAT,1208601.0,127834802409.0,0.0,100.0,603.8,0.0,0.0,0.0,19.46,0.0,0.0,1.0,0.46207297661319946,0.48466749975497403,20.718188080994622,Transition Laggard
Qatar,2008,QAT,1426942.0,156781224399.0,0.0,100.0,603.61,0.0,0.0,0.0,21.62,0.0,0.0,1.0,0.461927574384719,0.48466749975497403,20.721823136706636,Transition Laggard
Qatar,2009,QAT,1586052.0,186164264424.0,0.0,100.0,603.48,0.0,0.0,0.0,24.16,0.0,0.0,1.0,0.4618280886494429,0.48466749975497403,20.724310280088538,Transition Laggard
Qatar,2010,QAT,1709238.0,238648100494.0,0.0,100.0,603.77,0.0,0.0,0.0,28.14,0.0,0.0,1.0,0.46205001836659726,0.48466749975497403,20.71876203715968,Transition Laggard
Qatar,2011,QAT,1810960.0,296148824653.0,0.0,100.0,603.65,0.0,0.0,0.0,30.73,0.0,0.0,1.0,0.46195818538018857,0.48466749975497403,20.721057861819894,Transition Laggard
Qatar,2012,QAT,1907122.0,310156648715.0,0.029,99.971,603.45,0.0,0.0,0.0,34.8,0.029,0.00029,0.9997100000000001,0.4618051304028407,0.48484514358522,20.744948893707278,Transition Laggard
Qatar,2013,QAT,2032650.0,327388964338.0,0.23,99.77,602.88,0.0,0.0,0.0,34.75,0.23,0.0023,0.9977,0.4613689237173993,0.4860763990983044,20.894922893539587,Transition Laggard
Qatar,2014,QAT,2218378.0,344851898869.0,0.284,99.716,602.58,0.026,0.0,0.0,38.8,0.284,0.0028399999999999996,0.9971599999999999,0.4611393412513775,0.4864071841615211,20.93802423113838,Transition Laggard
Qatar,2015,QAT,2427340.0,361242719905.0,0.312,99.688,602.45,0.024,0.0,0.0,41.63,0.312,0.00312,0.9968800000000001,0.46103985551610144,0.4865787023424483,20.959884147234188,Transition Laggard
Qatar,2016,QAT,2599382.0,372311173588.0,0.306,99.694,602.5,0.024,0.0,0.0,42.44,0.306,0.0030600000000000002,0.99694,0.46107811926043835,0.4865419484465353,20.95477624518707,Transition Laggard
Qatar,2017,QAT,2706716.0,366733973367.0,0.306,99.694,602.41,0.022,0.0,0.0,45.7,0.306,0.0030600000000000002,0.99694,0.4610092445206318,0.4865419484465353,20.95649811368223,Transition Laggard
Qatar,2018,QAT,2761144.0,371263146890.0,0.312,99.688,602.37,0.021,0.0,0.0,48.06,0.312,0.00312,0.9968800000000001,0.4609786335251623,0.4865787023424483,20.96141469700767,Transition Laggard
Qatar,2019,QAT,2797927.0,373817411294.0,0.26,99.74,602.8,0.02,0.0,0.0,50.0,0.26,0.0026000000000000003,0.9974,0.46130770172646013,0.48626016857786925,20.917209985506535,Transition Laggard
Qatar,2020,QAT,2803375.0,360517012801.0,0.283,99.717,602.63,0.02,0.0,0.0,49.4,0.283,0.0028299999999999996,0.99717,0.4611776049957145,0.4864010585122023,20.93637575279017,Transition Laggard
Qatar,2021,QAT,2814988.0,366245595916.0,0.29,99.71,602.43,0.019,0.0,0.0,51.79,0.29,0.0029,0.9971,0.46102455001836656,0.4864439380574341,20.945045320402347,Transition Laggard
Qatar,2022,QAT,2892466.0,381778107010.0,1.315,98.685,596.9,1.078,0.0,0.0,54.75,1.315,0.01315,0.98685,0.4567925798946982,0.4927227286092326,21.760026431771035,Transition Laggard
Qatar,2023,QAT,2979086.0,,3.565,96.435,584.25,3.335,0.0,0.0,56.38,3.565,0.03565,0.96435,0.44711185257744585,0.5065054395765951,23.558785279212778,Transition Laggard
Qatar,2024,QAT,3048429.0,,4.023,95.977,581.69,3.793,0.0,0.0,56.68,4.023,0.040229999999999995,0.95977,0.4451527488673932,0.5093109869646183,23.924646082784445,Transition Laggard
Qatar,2025,QAT,3115891.0,,4.058,95.942,581.52,3.827,0.0,0.0,56.18,4.058,0.04058,0.9594199999999999,0.4450226521366475,0.5095253846907772,23.952114466945474,Transition Laggard
Reunion,2000,REU,763148.0,,46.591,53.409,482.96,,,31.818,1.76,0.0,0.46591000000000005,0.53409,0.3695971592996204,0.48466749975497403,50.984683513834106,Mixed Performer
Reunion,2001,REU,772242.0,,40.541,59.459,518.92,,,27.027,1.85,-6.050000000000004,0.40541,0.5945900000000001,0.39711644422676623,0.44760732137606585,46.11079871497182,Mixed Performer
Reunion,2002,REU,781307.0,,43.005,56.995,492.23,,,30.57,1.93,-3.5859999999999985,0.43005000000000004,0.56995,0.3766912574996939,0.46270092129765755,48.32623238197251,Mixed Performer
Reunion,2003,REU,790570.0,,41.346,58.654,500.0,,,30.288,2.08,-5.2450000000000045,0.41346,0.5865400000000001,0.3826374433696584,0.4525384690777222,47.02974095192437,Mixed Performer
Reunion,2004,REU,797012.0,,39.726,60.274,493.15,0.0,0.0,26.484,2.19,-6.865000000000002,0.39726,0.60274,0.37739531039549407,0.4426149171812212,46.03994099783096,Mixed Performer
Reunion,2005,REU,800227.0,,33.921,66.079,568.28,0.0,0.0,22.467,2.27,-12.670000000000002,0.33921,0.66079,0.4348904126362189,0.40705552288542585,40.586172527375915,Mixed Performer
Reunion,2006,REU,806686.0,,36.017,63.983,559.32,0.0,0.0,24.576,2.36,-10.573999999999998,0.36017000000000005,0.63983,0.4280335496510347,0.4198948838576889,42.20778451658947,Mixed Performer
Reunion,2007,REU,818729.0,,36.992,63.008,577.24,0.0,0.407,26.829,2.46,-9.599000000000004,0.36991999999999997,0.6300800000000001,0.4417472756214032,0.425867391943546,42.53952898861811,Mixed Performer
Reunion,2008,REU,830496.0,,35.827,64.173,578.74,0.0,0.394,24.803,2.54,-10.764000000000003,0.35827,0.64173,0.44289518795151217,0.4187310104871116,41.70478545851887,Mixed Performer
Reunion,2009,REU,838473.0,,32.443,67.557,595.42,0.763,0.763,20.229,2.62,-14.148000000000003,0.32443,0.67557,0.455659973062324,0.39800181319219835,39.04432787132488,Transition Laggard
Reunion,2010,REU,844480.0,,34.074,65.926,585.19,2.963,0.741,20.0,2.7,-12.517000000000003,0.34074,0.6592600000000001,0.44783121097098083,0.4079927472312065,40.36851093419357,Mixed Performer
Reunion,2011,REU,846790.0,,30.182,69.818,610.91,5.091,0.364,14.545,2.75,-16.409000000000002,0.30182,0.69818,0.467514081057916,0.3841517200823287,37.18362377478703,Transition Laggard
Reunion,2012,REU,845062.0,,34.752,65.248,581.56,6.738,0.709,17.376,2.82,-11.838999999999999,0.34752000000000005,0.6524800000000001,0.445053263132117,0.4121459374693718,40.90705748373765,Mixed Performer
Reunion,2013,REU,847600.0,,37.943,62.057,553.19,7.801,0.709,19.858,2.82,-8.648000000000003,0.37943,0.6205700000000001,0.4233424145953227,0.4316928844457512,43.6576329018032,Mixed Performer
Reunion,2014,REU,858677.0,,33.217,66.783,576.92,8.392,0.699,15.035,2.86,-13.374000000000002,0.33217,0.66783,0.4415023876576466,0.4027430657649711,39.9337862950334,Transition Laggard
Reunion,2015,REU,865016.0,,36.207,63.793,551.72,8.276,0.69,17.241,2.9,-10.384,0.36207,0.63793,0.42221746051181586,0.4210587572282662,42.484644845628594,Mixed Performer
Reunion,2016,REU,862861.0,,34.014,65.986,561.22,8.844,0.68,15.646,2.94,-12.576999999999998,0.34014000000000005,0.65986,0.42948757193583936,0.4076252082720768,40.78558882568517,Mixed Performer
Reunion,2017,REU,858761.0,,32.215,67.785,570.47,8.725,0.336,14.094,2.98,-14.375999999999998,0.32215000000000005,0.67785,0.43656636463817805,0.39660516514750566,39.36391836125813,Transition Laggard
Reunion,2018,REU,856946.0,,36.271,63.729,535.59,8.475,0.339,20.339,2.95,-10.32,0.36271000000000003,0.63729,0.4098735765887107,0.4214507987846712,42.8375225670523,Mixed Performer
Reunion,2019,REU,857327.0,,31.148,68.852,567.21,8.525,0.328,13.77,3.05,-15.443000000000001,0.31148,0.68852,0.4340715685074079,0.3900690973243164,38.68804724717955,Transition Laggard
Reunion,2020,REU,861452.0,,24.538,75.462,643.8,6.86,0.264,11.082,3.79,-22.053,0.24538000000000001,0.7546200000000001,0.4926839720827721,0.34957855532686466,32.64937902783366,Transition Laggard
Reunion,2021,REU,868085.0,,28.155,71.845,572.82,8.738,0.0,11.65,3.09,-18.436,0.28155,0.71845,0.43836476062201546,0.37173502891306476,36.50990641814558,Transition Laggard
Reunion,2022,REU,871543.0,,37.582,62.418,483.66,8.824,0.0,20.588,3.06,-9.009,0.37582000000000004,0.62418,0.370132851720338,0.42948152504165443,44.738101582616366,Mixed Performer
Reunion,2023,REU,874883.0,,56.678,43.322,394.14,9.446,0.651,12.704,3.07,10.086999999999996,0.56678,0.43322000000000005,0.3016254438594343,0.54645692443399,59.66301777002398,Mixed Performer
Romania,2000,ROU,22046264.0,157839292272.0,28.666,60.745,513.77,0.0,,28.666,51.56,0.0,0.28666,0.6074499999999999,0.39317527856005874,0.48466749975497403,42.287480532323144,Mixed Performer
Romania,2001,ROU,21919916.0,173763436827.0,27.862,61.961,524.56,0.0,,27.862,53.55,-0.804000000000002,0.27862,0.61961,0.401432594587976,0.47974247770263645,41.421772300840146,Mixed Performer
Romania,2002,ROU,21770020.0,190219311781.0,29.493,60.382,515.07,0.0,,29.493,54.42,0.8269999999999982,0.29492999999999997,0.60382,0.3941701359128199,0.4897334117416446,42.71879777830417,Mixed Performer
Romania,2003,ROU,21593448.0,204513401651.0,24.179,66.867,573.85,0.0,,24.179,54.84,-4.487000000000002,0.24178999999999998,0.6686700000000001,0.43915299375535694,0.4571817112613937,37.62480082503698,Transition Laggard
Romania,2004,ROU,21403215.0,228570981481.0,29.237,60.935,518.15,0.0,,29.237,56.47,0.570999999999998,0.29236999999999996,0.6093500000000001,0.39652718256397695,0.4881652455160247,42.40849911864094,Mixed Performer
Romania,2005,ROU,21213395.0,244044803180.0,34.081,56.565,489.97,0.0,0.0,34.064,59.33,5.415000000000003,0.34081000000000006,0.56565,0.37496173625566304,0.5178378908164265,46.180624955854825,Mixed Performer
Romania,2006,ROU,21035732.0,274969703969.0,29.348,61.653,530.37,0.0,0.0,29.348,62.56,0.6819999999999986,0.29348,0.61653,0.40587884167993143,0.4888451925904146,42.044256846857934,Mixed Performer
Romania,2007,ROU,20870714.0,304650701380.0,26.007,61.468,529.73,0.0,0.0,25.942,61.56,-2.658999999999999,0.26007,0.61468,0.4053890657524183,0.46837939821621094,40.626414329432706,Mixed Performer
Romania,2008,ROU,20718745.0,339689310169.0,26.549,56.136,497.53,0.0,0.0,26.519,64.86,-2.117000000000001,0.26549,0.5613600000000001,0.3807472143994122,0.47169950014701556,42.814962142219926,Mixed Performer
Romania,2009,ROU,20576922.0,326954238767.0,27.001,52.596,469.7,0.0,0.017,26.966,57.59,-1.6649999999999991,0.27001000000000003,0.52596,0.35944961430145705,0.47446829363912574,44.43213404705046,Mixed Performer
Romania,2010,ROU,20432575.0,335489566640.0,33.598,47.17,424.53,0.0,0.513,32.903,60.42,4.931999999999999,0.33598,0.4717,0.3248821476674421,0.5148792021954327,49.56793434124543,Mixed Performer
Romania,2011,ROU,20282009.0,350086824382.0,26.408,54.579,490.62,0.0,2.249,23.835,61.8,-2.257999999999999,0.26408000000000004,0.54579,0.3754591649320436,0.4708357835930609,43.27410763059483,Mixed Performer
Romania,2012,ROU,20158451.0,356825919340.0,25.504,54.903,486.85,0.017,4.51,20.618,58.54,-3.161999999999999,0.25504000000000004,0.54903,0.3725740786090364,0.46529819660884053,42.8657709839067,Mixed Performer
Romania,2013,ROU,20062913.0,357789262640.0,34.628,45.403,389.76,0.722,7.768,25.709,58.19,5.962,0.34628000000000003,0.45403,0.2982735398555161,0.5211886209938253,51.13004081851948,Mixed Performer
Romania,2014,ROU,19968179.0,372532510801.0,41.774,40.234,357.06,2.495,9.55,28.959,64.92,13.108,0.41774,0.40234000000000003,0.27324905105914044,0.5649625110261688,56.20561138891402,Mixed Performer
Romania,2015,ROU,19871018.0,384306463712.0,39.887,42.385,369.02,3.016,10.752,25.327,65.66,11.221,0.39887,0.42385,0.28240173870454266,0.5534034107615408,54.60520769380955,Mixed Performer
Romania,2016,ROU,19777049.0,395288226514.0,41.996,40.424,345.38,2.834,10.262,28.075,64.22,13.330000000000002,0.41996000000000006,0.40424,0.26431064038202523,0.5663224051749486,56.479670068073595,Mixed Performer
Romania,2017,ROU,19689405.0,456012361225.0,38.228,43.658,369.22,2.927,11.662,22.805,63.54,9.562000000000001,0.38228,0.43658,0.28255479368189057,0.5432409585416054,53.55004453607681,Mixed Performer
Romania,2018,ROU,19597874.0,473122658487.0,40.877,41.361,348.06,2.763,9.864,27.564,64.07,12.211000000000002,0.40877,0.41361,0.2663615770784866,0.5594678035871803,55.699677626845535,Mixed Performer
Romania,2019,ROU,19501542.0,456564507688.0,41.916,38.887,328.97,3.029,11.521,26.515,58.76,13.249999999999996,0.41916,0.38887,0.25175247949063306,0.5658323532294423,57.14252331117579,Mixed Performer
Romania,2020,ROU,19392467.0,483499378450.0,44.575,34.65,277.85,3.133,12.588,27.857,55.21,15.909000000000002,0.44575000000000004,0.3465,0.21263162728051918,0.5821204547682055,60.3547661395101,Emerging Improver
Romania,2021,ROU,19248159.0,505119539256.0,44.98,35.758,289.96,2.903,11.236,29.73,58.56,16.313999999999997,0.4498,0.35758,0.22189910615893227,0.5846013427423307,60.02504248716165,Emerging Improver
Romania,2022,ROU,19166776.0,504741667296.0,43.149,36.591,297.77,3.635,12.788,25.539,54.74,14.483,0.43149000000000004,0.36591,0.22787590302436633,0.573385278839557,58.8582816069842,Mixed Performer
Romania,2023,ROU,19118482.0,,49.798,30.553,243.2,3.916,13.257,31.853,56.95,21.132,0.49798000000000003,0.30553,0.18611485245500184,0.614114721160443,64.3498995060316,Emerging Improver
Romania,2024,ROU,19015096.0,,46.51,32.796,251.33,6.487,12.197,26.916,52.72,17.843999999999998,0.4651,0.32796,0.1923365372841925,0.5939735862001372,62.18069036089724,Emerging Improver
Romania,2025,ROU,18908655.0,,47.039,32.483,250.75,9.797,11.986,24.272,49.81,18.373,0.47039000000000003,0.32482999999999995,0.19189267784988367,0.5972140546897972,62.503793874099856,Emerging Improver
Russia,2000,RUS,146717784.0,1547057523527.0,18.702,66.407,469.94,0.0,0.0,18.693,877.76,0.0,0.18702000000000002,0.6640699999999999,0.35963328027427455,0.48466749975497403,38.22313048946775,Transition Laggard
Russia,2001,RUS,146117290.0,1662886727147.0,19.524,65.113,458.3,0.0,0.0,19.511,891.27,0.8219999999999992,0.19524000000000002,0.65113,0.35072548059262887,0.4897027834950505,39.132554737610036,Transition Laggard
Russia,2002,RUS,145939502.0,1781424730851.0,18.215,65.894,463.04,0.0,0.001,18.195,891.28,-0.4870000000000019,0.18215,0.6589400000000001,0.35435288355577327,0.4816843085367049,38.268192539156246,Transition Laggard
Russia,2003,RUS,145794230.0,1955875991276.0,17.031,66.562,465.28,0.0,0.001,16.989,916.29,-1.671000000000003,0.17031,0.66562,0.3560670993020693,0.4744315397432128,37.535145613596455,Transition Laggard
Russia,2004,RUS,145180091.0,2143914665541.0,18.901,65.571,453.72,0.0,0.001,18.852,931.91,0.19899999999999807,0.18901,0.65571,0.34722052161136285,0.48588650396942074,38.830384519257244,Transition Laggard
Russia,2005,RUS,144597886.0,2331247104465.0,18.139,66.197,457.4,0.0,0.001,18.091,954.11,-0.5630000000000024,0.18139,0.6619700000000001,0.35003673319456347,0.48121875918847395,38.26676305796302,Transition Laggard
Russia,2006,RUS,144102948.0,2576148450528.0,17.519,66.713,462.51,0.0,0.001,17.467,992.12,-1.1830000000000034,0.17518999999999998,0.66713,0.3539472878658014,0.47742085661080075,37.766030652516974,Transition Laggard
Russia,2007,RUS,143859767.0,2858759376272.0,17.427,66.861,458.19,0.0,0.001,17.379,1018.7,-1.2750000000000021,0.17427,0.66861,0.35064130035508756,0.47685729687346856,37.771026944224836,Transition Laggard
Russia,2008,RUS,143811837.0,3078094367564.0,15.892,68.427,475.11,0.0,0.001,15.844,1040.0,-2.8100000000000023,0.15892,0.68427,0.3635897514387168,0.46745442516906793,36.3775225915681,Transition Laggard
Russia,2009,RUS,143869128.0,2903690263125.0,17.591,65.937,452.1,0.0,0.0,17.541,993.1,-1.1110000000000007,0.17591,0.65937,0.34598077629484514,0.4778619033617563,38.19100914305522,Transition Laggard
Russia,2010,RUS,143934468.0,3105249267337.0,16.09,67.493,458.02,0.0,0.0,16.038,1038.02,-2.612000000000002,0.16090000000000002,0.6749299999999999,0.35051120362434185,0.4686673037341958,37.0254794654044,Transition Laggard
Russia,2011,RUS,144043751.0,3306765993750.0,15.511,68.094,461.31,0.0,0.001,15.457,1054.86,-3.1910000000000025,0.15511,0.68094,0.35302895800171424,0.46512055277859454,36.556434341636056,Transition Laggard
Russia,2012,RUS,144291025.0,3439833075673.0,15.334,68.063,461.86,0.0,0.001,15.286,1069.27,-3.368000000000002,0.15334,0.6806300000000001,0.35344985918942085,0.464036312849162,36.47544821300191,Transition Laggard
Russia,2013,RUS,144604105.0,3500216789791.0,17.151,66.561,450.16,0.001,0.0,17.104,1059.08,-1.551000000000002,0.17151,0.66561,0.3444961430145709,0.4751666176614721,37.877695689557804,Transition Laggard
Russia,2014,RUS,144925639.0,3525987597216.0,16.37,66.644,449.29,0.015,0.009,16.294,1064.2,-2.3320000000000007,0.1637,0.66644,0.3438303538631077,0.4703824855434676,37.528478436574325,Transition Laggard
Russia,2015,RUS,145307612.0,3456429719677.0,15.827,65.863,444.35,0.032,0.014,15.736,1067.55,-2.8750000000000018,0.15827,0.65863,0.3400498959226154,0.4670562579633441,37.57829647138477,Transition Laggard
Russia,2016,RUS,145778668.0,3463123938280.0,17.02,64.959,442.74,0.043,0.014,16.922,1090.97,-1.6820000000000022,0.1702,0.64959,0.33881780335496514,0.47436415760070566,38.36226728013645,Transition Laggard
Russia,2017,RUS,146186798.0,3526353842599.0,17.079,64.304,439.63,0.049,0.013,16.969,1091.17,-1.623000000000001,0.17079,0.6430400000000001,0.33643779845720584,0.4747255709105165,38.611588602227606,Transition Laggard
Russia,2018,RUS,146430146.0,3625347362801.0,17.31,64.246,439.33,0.056,0.022,17.187,1109.19,-1.392000000000003,0.1731,0.6424599999999999,0.336208215991184,0.4761405959031657,38.73390353876789,Transition Laggard
Russia,2019,RUS,146533063.0,3705035583500.0,17.548,63.761,440.04,0.089,0.028,17.384,1118.16,-1.1540000000000035,0.17548,0.63761,0.336751561160769,0.47759850044104674,38.946738477596476,Transition Laggard
Russia,2020,RUS,146371295.0,3606716578675.0,19.923,60.185,417.65,0.171,0.105,19.572,1085.42,1.2209999999999965,0.19923,0.60185,0.31961705644667565,0.49214691757326273,41.31857735243205,Mixed Performer
Russia,2021,RUS,145836172.0,3809571453737.0,19.034,61.746,426.81,0.2,0.223,18.541,1157.07,0.3319999999999972,0.19033999999999998,0.61746,0.3266269744092078,0.4867012153288248,40.360243869702174,Mixed Performer
Russia,2022,RUS,145579889.0,3731440829579.0,17.577,63.253,436.33,0.206,0.36,16.939,1166.94,-1.125,0.17577,0.63253,0.33391239133096606,0.4777761442712928,39.15753238079524,Transition Laggard
Russia,2023,RUS,145440502.0,,17.747,63.804,442.74,0.223,0.403,17.048,1178.25,-0.9550000000000018,0.17747,0.63804,0.33881780335496514,0.4788175046554935,38.97226748595827,Transition Laggard
Russia,2024,RUS,144820421.0,,18.098,64.065,445.98,0.241,0.378,17.41,1209.31,-0.6040000000000028,0.18098,0.6406499999999999,0.3412972939880005,0.480967607566402,39.00013176379601,Transition Laggard
Russia,2025,RUS,143997393.0,,17.353,64.316,449.73,0.238,0.305,16.745,1192.79,-1.3490000000000002,0.17353000000000002,0.6431600000000001,0.34416707481327297,0.47640399882387535,38.5364331120263,Transition Laggard
Rwanda,2000,RWA,8213936.0,8053572290.0,62.5,37.5,250.0,0.0,0.0,62.5,0.16,0.0,0.625,0.375,0.1913187216848292,0.48466749975497403,64.98704445420388,Emerging Improver
Rwanda,2001,RWA,8287091.0,8517814124.0,60.0,40.0,266.67,0.0,0.0,60.0,0.15,-2.5,0.6,0.4,0.2040758540467736,0.46935337645790454,62.93840429569922,Emerging Improver
Rwanda,2002,RWA,8400185.0,9398566544.0,58.824,41.176,294.12,0.0,0.0,58.824,0.17,-3.676000000000002,0.58824,0.41176,0.22508264968776787,0.46214961285896305,61.59957795069025,Emerging Improver
Rwanda,2003,RWA,8586878.0,9366054447.0,66.667,33.333,222.22,0.0,0.0,66.667,0.18,4.167000000000002,0.66667,0.33333,0.17005938533121098,0.5101930804665294,68.40161157371766,Emerging Improver
Rwanda,2004,RWA,8816849.0,9814510529.0,57.143,42.857,285.71,0.0,0.0,57.143,0.14,-5.356999999999999,0.57143,0.42857,0.21864668789029018,0.45185239635401353,60.597418748052945,Emerging Improver
Rwanda,2005,RWA,9054532.0,10465323107.0,52.632,47.368,315.79,0.0,0.0,52.632,0.19,-9.868000000000002,0.52632,0.47368000000000005,0.24166615648340886,0.4242195922767813,56.9008399720665,Mixed Performer
Rwanda,2006,RWA,9299251.0,11146496514.0,48.148,51.852,333.33,0.0,0.0,48.148,0.27,-14.351999999999997,0.48148,0.51852,0.25508907799681646,0.39675218073115753,53.46285576104696,Mixed Performer
Rwanda,2007,RWA,9549940.0,11698650639.0,48.0,52.0,360.0,0.0,0.0,48.0,0.25,-14.5,0.48,0.52,0.275498959226154,0.395845584631971,52.85020978882571,Mixed Performer
Rwanda,2008,RWA,9804268.0,12678494332.0,55.172,44.828,310.35,0.0,0.0,55.172,0.29,-7.328000000000003,0.55172,0.44828,0.23750306109954697,0.4397787415466039,58.76230459571038,Mixed Performer
Rwanda,2009,RWA,10060438.0,13135703239.0,51.613,48.387,322.58,0.0,0.0,51.613,0.31,-10.887,0.51613,0.48387,0.2468623729643688,0.4179775556208958,56.065904010204214,Mixed Performer
Rwanda,2010,RWA,10317560.0,13742192522.0,39.286,60.714,428.57,0.0,0.0,39.286,0.28,-23.214,0.39286000000000004,0.60714,0.32797385820986896,0.34246667646770557,45.50925369176886,Mixed Performer
Rwanda,2011,RWA,10573742.0,14451195383.0,42.857,57.143,400.0,0.0,0.0,42.857,0.35,-19.643,0.42857,0.57143,0.3061099546957267,0.3643413701852396,48.52657168538543,Mixed Performer
Rwanda,2012,RWA,10829904.0,15700063621.0,46.154,53.846,358.97,0.0,0.0,46.154,0.39,-16.345999999999997,0.46154000000000006,0.5384599999999999,0.27471072609281255,0.3845376359894149,51.59269638752092,Mixed Performer
Rwanda,2013,RWA,11093340.0,16440168692.0,40.541,59.459,405.41,0.0,0.0,40.541,0.37,-21.959000000000003,0.40541,0.5945900000000001,0.3102500918329864,0.3501543663628344,46.820663199617854,Mixed Performer
Rwanda,2014,RWA,11364758.0,17455015690.0,48.78,51.22,341.46,0.0,0.0,48.78,0.41,-13.719999999999999,0.4878,0.5122,0.26131076282600707,0.4006235911006567,53.74458479585967,Mixed Performer
Rwanda,2015,RWA,11640026.0,19000488690.0,56.863,43.137,294.12,1.961,0.0,54.902,0.51,-5.6370000000000005,0.56863,0.43137000000000003,0.22508264968776787,0.45013721454474176,60.24279197597693,Emerging Improver
Rwanda,2016,RWA,11919183.0,20135193148.0,50.0,50.0,343.75,3.125,0.0,46.875,0.64,-12.5,0.5,0.5,0.26306324231664013,0.40809688326962656,54.54487219112839,Mixed Performer
Rwanda,2017,RWA,12202062.0,20935170126.0,46.154,53.846,353.85,3.077,0.0,43.077,0.65,-16.345999999999997,0.46154000000000006,0.5384599999999999,0.27079251867270726,0.3845376359894149,51.69065157302355,Mixed Performer
Rwanda,2018,RWA,12488000.0,22730987759.0,41.463,58.537,390.24,3.659,0.0,37.805,0.82,-21.037,0.41463,0.5853700000000001,0.298640871801151,0.3558022150347937,47.74881143049312,Mixed Performer
Rwanda,2019,RWA,12776102.0,24883378782.0,50.588,49.412,329.41,3.529,0.0,47.059,0.85,-11.911999999999999,0.50588,0.49412,0.25208920044079836,0.4116987650690973,55.2260514650165,Mixed Performer
Rwanda,2020,RWA,13065838.0,24048043469.0,62.921,37.079,247.19,3.371,0.0,59.551,0.89,0.4209999999999994,0.62921,0.37079,0.1891682992530917,0.48724639811820053,65.33208849044571,Emerging Improver
Rwanda,2021,RWA,13355260.0,26663035281.0,59.0,41.0,280.0,4.0,0.0,55.0,1.0,-3.5,0.59,0.41000000000000003,0.2142769682870087,0.46322772713907673,61.99149169991093,Emerging Improver
Rwanda,2022,RWA,13651025.0,28466253314.0,57.692,42.308,288.46,3.846,0.0,53.846,1.04,-4.808,0.57692,0.42308,0.2207511938288233,0.45521537783005,60.924650821730175,Emerging Improver
Rwanda,2023,RWA,13954473.0,,49.091,50.909,354.55,3.636,0.0,45.455,1.1,-13.408999999999999,0.49091,0.50909,0.27132821109342475,0.4025286680388121,53.709324743246555,Mixed Performer
Rwanda,2024,RWA,14256573.0,,49.558,50.442,353.98,3.54,0.0,46.018,1.13,-12.942,0.49558,0.50442,0.2708920044079834,0.40538934627070466,54.04334008386098,Mixed Performer
Saint Helena,2000,SHN,6045.0,,0.0,100.0,1000.0,0.0,0.0,0.0,0.01,0.0,0.0,1.0,0.7652748867393168,0.48466749975497403,13.138140327841692,Transition Laggard
Saint Helena,2001,SHN,5963.0,,0.0,100.0,1000.0,0.0,0.0,0.0,0.01,0.0,0.0,1.0,0.7652748867393168,0.48466749975497403,13.138140327841692,Transition Laggard
Saint Helena,2002,SHN,5879.0,,0.0,100.0,1000.0,0.0,0.0,0.0,0.01,0.0,0.0,1.0,0.7652748867393168,0.48466749975497403,13.138140327841692,Transition Laggard
Saint Helena,2003,SHN,5775.0,,0.0,100.0,1000.0,0.0,0.0,0.0,0.01,0.0,0.0,1.0,0.7652748867393168,0.48466749975497403,13.138140327841692,Transition Laggard
Saint Helena,2004,SHN,5678.0,,0.0,100.0,1000.0,0.0,0.0,0.0,0.01,0.0,0.0,1.0,0.7652748867393168,0.48466749975497403,13.138140327841692,Transition Laggard
Saint Helena,2005,SHN,5570.0,,0.0,100.0,1000.0,0.0,0.0,0.0,0.01,0.0,0.0,1.0,0.7652748867393168,0.48466749975497403,13.138140327841692,Transition Laggard
Saint Helena,2006,SHN,5457.0,,0.0,100.0,1000.0,0.0,0.0,0.0,0.01,0.0,0.0,1.0,0.7652748867393168,0.48466749975497403,13.138140327841692,Transition Laggard
Saint Helena,2007,SHN,5346.0,,0.0,100.0,1000.0,0.0,0.0,0.0,0.01,0.0,0.0,1.0,0.7652748867393168,0.48466749975497403,13.138140327841692,Transition Laggard
Saint Helena,2008,SHN,5295.0,,0.0,100.0,1000.0,0.0,0.0,0.0,0.01,0.0,0.0,1.0,0.7652748867393168,0.48466749975497403,13.138140327841692,Transition Laggard
Saint Helena,2009,SHN,5320.0,,0.0,100.0,1000.0,0.0,0.0,0.0,0.01,0.0,0.0,1.0,0.7652748867393168,0.48466749975497403,13.138140327841692,Transition Laggard
Saint Helena,2010,SHN,5352.0,,0.0,100.0,1000.0,0.0,0.0,0.0,0.01,0.0,0.0,1.0,0.7652748867393168,0.48466749975497403,13.138140327841692,Transition Laggard
Saint Helena,2011,SHN,5385.0,,0.0,100.0,1000.0,0.0,0.0,0.0,0.01,0.0,0.0,1.0,0.7652748867393168,0.48466749975497403,13.138140327841692,Transition Laggard
Saint Helena,2012,SHN,5428.0,,0.0,100.0,1000.0,0.0,0.0,0.0,0.01,0.0,0.0,1.0,0.7652748867393168,0.48466749975497403,13.138140327841692,Transition Laggard
Saint Helena,2013,SHN,5462.0,,0.0,100.0,1000.0,0.0,0.0,0.0,0.01,0.0,0.0,1.0,0.7652748867393168,0.48466749975497403,13.138140327841692,Transition Laggard
Saint Helena,2014,SHN,5493.0,,0.0,100.0,1000.0,0.0,0.0,0.0,0.01,0.0,0.0,1.0,0.7652748867393168,0.48466749975497403,13.138140327841692,Transition Laggard
Saint Helena,2015,SHN,5529.0,,0.0,100.0,1000.0,0.0,0.0,0.0,0.01,0.0,0.0,1.0,0.7652748867393168,0.48466749975497403,13.138140327841692,Transition Laggard
Saint Helena,2016,SHN,5544.0,,0.0,100.0,1000.0,0.0,0.0,0.0,0.01,0.0,0.0,1.0,0.7652748867393168,0.48466749975497403,13.138140327841692,Transition Laggard
Saint Helena,2017,SHN,5528.0,,0.0,100.0,1000.0,0.0,0.0,0.0,0.01,0.0,0.0,1.0,0.7652748867393168,0.48466749975497403,13.138140327841692,Transition Laggard
Saint Helena,2018,SHN,5507.0,,0.0,100.0,1000.0,0.0,0.0,0.0,0.01,0.0,0.0,1.0,0.7652748867393168,0.48466749975497403,13.138140327841692,Transition Laggard
Saint Helena,2019,SHN,5485.0,,0.0,100.0,1000.0,0.0,0.0,0.0,0.01,0.0,0.0,1.0,0.7652748867393168,0.48466749975497403,13.138140327841692,Transition Laggard
Saint Helena,2020,SHN,5451.0,,0.0,100.0,1000.0,0.0,0.0,0.0,0.01,0.0,0.0,1.0,0.7652748867393168,0.48466749975497403,13.138140327841692,Transition Laggard
Saint Helena,2021,SHN,5415.0,,0.0,100.0,1000.0,0.0,0.0,0.0,0.01,0.0,0.0,1.0,0.7652748867393168,0.48466749975497403,13.138140327841692,Transition Laggard
Saint Helena,2022,SHN,5369.0,,0.0,100.0,1000.0,0.0,0.0,0.0,0.01,0.0,0.0,1.0,0.7652748867393168,0.48466749975497403,13.138140327841692,Transition Laggard
Saint Helena,2023,SHN,5316.0,,0.0,100.0,1000.0,0.0,0.0,0.0,0.01,0.0,0.0,1.0,0.7652748867393168,0.48466749975497403,13.138140327841692,Transition Laggard
Saint Kitts and Nevis,2000,KNA,45272.0,,0.0,100.0,666.67,0.0,0.0,0.0,0.15,0.0,0.0,1.0,0.5101858087425003,0.48466749975497403,19.515367277762103,Transition Laggard
Saint Kitts and Nevis,2001,KNA,45785.0,,0.0,100.0,687.5,0.0,0.0,0.0,0.16,0.0,0.0,1.0,0.5261264846332803,0.48466749975497403,19.116850380492604,Transition Laggard
Saint Kitts and Nevis,2002,KNA,46048.0,,0.0,100.0,666.67,0.0,0.0,0.0,0.18,0.0,0.0,1.0,0.5101858087425003,0.48466749975497403,19.515367277762103,Transition Laggard
Saint Kitts and Nevis,2003,KNA,46200.0,,0.0,100.0,666.67,0.0,0.0,0.0,0.18,0.0,0.0,1.0,0.5101858087425003,0.48466749975497403,19.515367277762103,Transition Laggard
Saint Kitts and Nevis,2004,KNA,46337.0,,0.0,100.0,666.67,0.0,0.0,0.0,0.18,0.0,0.0,1.0,0.5101858087425003,0.48466749975497403,19.515367277762103,Transition Laggard
Saint Kitts and Nevis,2005,KNA,46459.0,,0.0,100.0,684.21,0.0,0.0,0.0,0.19,0.0,0.0,1.0,0.5236087302559079,0.48466749975497403,19.179794239926913,Transition Laggard
Saint Kitts and Nevis,2006,KNA,46592.0,,0.0,100.0,684.21,0.0,0.0,0.0,0.19,0.0,0.0,1.0,0.5236087302559079,0.48466749975497403,19.179794239926913,Transition Laggard
Saint Kitts and Nevis,2007,KNA,46734.0,,0.0,100.0,666.67,0.0,0.0,0.0,0.21,0.0,0.0,1.0,0.5101858087425003,0.48466749975497403,19.515367277762103,Transition Laggard
Saint Kitts and Nevis,2008,KNA,46857.0,,0.0,100.0,650.0,0.0,0.0,0.0,0.2,0.0,0.0,1.0,0.4974286763805559,0.48466749975497403,19.83429558681071,Transition Laggard
Saint Kitts and Nevis,2009,KNA,46941.0,,0.0,100.0,636.36,0.0,0.0,0.0,0.22,0.0,0.0,1.0,0.48699032692543165,0.48466749975497403,20.09525432318882,Transition Laggard
Saint Kitts and Nevis,2010,KNA,46871.0,,0.0,100.0,666.67,0.0,0.0,0.0,0.21,0.0,0.0,1.0,0.5101858087425003,0.48466749975497403,19.515367277762103,Transition Laggard
Saint Kitts and Nevis,2011,KNA,46917.0,,0.0,100.0,636.36,0.0,0.0,0.0,0.22,0.0,0.0,1.0,0.48699032692543165,0.48466749975497403,20.09525432318882,Transition Laggard
Saint Kitts and Nevis,2012,KNA,47056.0,,4.545,95.455,636.36,0.0,4.545,0.0,0.22,4.545,0.04545,0.95455,0.48699032692543165,0.5125085759090464,23.239870465499905,Transition Laggard
Saint Kitts and Nevis,2013,KNA,47092.0,,4.545,95.455,636.36,0.0,4.545,0.0,0.22,4.545,0.04545,0.95455,0.48699032692543165,0.5125085759090464,23.239870465499905,Transition Laggard
Saint Kitts and Nevis,2014,KNA,47112.0,,4.545,95.455,636.36,0.0,4.545,0.0,0.22,4.545,0.04545,0.95455,0.48699032692543165,0.5125085759090464,23.239870465499905,Transition Laggard
Saint Kitts and Nevis,2015,KNA,47108.0,,4.545,95.455,636.36,0.0,4.545,0.0,0.22,4.545,0.04545,0.95455,0.48699032692543165,0.5125085759090464,23.239870465499905,Transition Laggard
Saint Kitts and Nevis,2016,KNA,47099.0,,4.348,95.652,608.7,0.0,4.348,0.0,0.23,4.348,0.04348,0.95652,0.46582282355822213,0.5113018229932373,23.632756755943007,Transition Laggard
Saint Kitts and Nevis,2017,KNA,47075.0,,0.0,100.0,636.36,0.0,0.0,0.0,0.22,0.0,0.0,1.0,0.48699032692543165,0.48466749975497403,20.09525432318882,Transition Laggard
Saint Kitts and Nevis,2018,KNA,47032.0,,4.348,95.652,608.7,0.0,4.348,0.0,0.23,4.348,0.04348,0.95652,0.46582282355822213,0.5113018229932373,23.632756755943007,Transition Laggard
Saint Kitts and Nevis,2019,KNA,46976.0,,4.348,95.652,608.7,0.0,4.348,0.0,0.23,4.348,0.04348,0.95652,0.46582282355822213,0.5113018229932373,23.632756755943007,Transition Laggard
Saint Kitts and Nevis,2020,KNA,46896.0,,4.545,95.455,636.36,0.0,4.545,0.0,0.22,4.545,0.04545,0.95455,0.48699032692543165,0.5125085759090464,23.239870465499905,Transition Laggard
Saint Kitts and Nevis,2021,KNA,46786.0,,4.545,95.455,636.36,0.0,4.545,0.0,0.22,4.545,0.04545,0.95455,0.48699032692543165,0.5125085759090464,23.239870465499905,Transition Laggard
Saint Kitts and Nevis,2022,KNA,46732.0,,4.545,95.455,636.36,0.0,4.545,0.0,0.22,4.545,0.04545,0.95455,0.48699032692543165,0.5125085759090464,23.239870465499905,Transition Laggard
Saint Kitts and Nevis,2023,KNA,46783.0,,4.545,95.455,636.36,0.0,4.545,0.0,0.22,4.545,0.04545,0.95455,0.48699032692543165,0.5125085759090464,23.239870465499905,Transition Laggard
Saint Kitts and Nevis,2024,KNA,46867.0,,8.696,91.304,608.7,4.348,4.348,0.0,0.23,8.696,0.08696,0.9130400000000001,0.46582282355822213,0.5379361462315005,26.641071604516952,Transition Laggard
Saint Lucia,2000,LCA,158624.0,1100265060.0,0.0,100.0,642.86,0.0,0.0,0.0,0.28,0.0,0.0,1.0,0.4919646136892372,0.48466749975497403,19.970897154093677,Transition Laggard
Saint Lucia,2001,LCA,160247.0,1080200365.0,0.0,100.0,655.17,0.0,0.0,0.0,0.29,0.0,0.0,1.0,0.5013851475449982,0.48466749975497403,19.735383807699655,Transition Laggard
Saint Lucia,2002,LCA,161655.0,1106971931.0,0.0,100.0,655.17,0.0,0.0,0.0,0.29,0.0,0.0,1.0,0.5013851475449982,0.48466749975497403,19.735383807699655,Transition Laggard
Saint Lucia,2003,LCA,162985.0,1185932109.0,0.0,100.0,666.67,0.0,0.0,0.0,0.3,0.0,0.0,1.0,0.5101858087425003,0.48466749975497403,19.515367277762103,Transition Laggard
Saint Lucia,2004,LCA,164250.0,1306608275.0,0.0,100.0,645.16,0.0,0.0,0.0,0.31,0.0,0.0,1.0,0.4937247459287376,0.48466749975497403,19.926893848106168,Transition Laggard
Saint Lucia,2005,LCA,165460.0,1321769047.0,0.0,100.0,656.25,0.0,0.0,0.0,0.32,0.0,0.0,1.0,0.5022116444226766,0.48466749975497403,19.714721385757695,Transition Laggard
Saint Lucia,2006,LCA,166657.0,1443383695.0,0.0,100.0,666.67,0.0,0.0,0.0,0.33,0.0,0.0,1.0,0.5101858087425003,0.48466749975497403,19.515367277762103,Transition Laggard
Saint Lucia,2007,LCA,167766.0,1491085385.0,0.0,100.0,657.14,0.0,0.0,0.0,0.35,0.0,0.0,1.0,0.5028927390718746,0.48466749975497403,19.697694019527745,Transition Laggard
Saint Lucia,2008,LCA,168816.0,1589069531.0,0.0,100.0,657.14,0.0,0.0,0.0,0.35,0.0,0.0,1.0,0.5028927390718746,0.48466749975497403,19.697694019527745,Transition Laggard
Saint Lucia,2009,LCA,169880.0,1609861406.0,0.0,100.0,666.67,0.0,0.0,0.0,0.36,0.0,0.0,1.0,0.5101858087425003,0.48466749975497403,19.515367277762103,Transition Laggard
Saint Lucia,2010,LCA,170921.0,1619438310.0,0.0,100.0,657.9,0.0,0.0,0.0,0.38,0.0,0.0,1.0,0.5034743479857965,0.48466749975497403,19.683153796679697,Transition Laggard
Saint Lucia,2011,LCA,171814.0,1661310000.0,0.0,100.0,666.67,0.0,0.0,0.0,0.39,0.0,0.0,1.0,0.5101858087425003,0.48466749975497403,19.515367277762103,Transition Laggard
Saint Lucia,2012,LCA,172595.0,1630854000.0,0.0,100.0,657.9,0.0,0.0,0.0,0.38,0.0,0.0,1.0,0.5034743479857965,0.48466749975497403,19.683153796679697,Transition Laggard
Saint Lucia,2013,LCA,173380.0,1636031000.0,0.0,100.0,657.9,0.0,0.0,0.0,0.38,0.0,0.0,1.0,0.5034743479857965,0.48466749975497403,19.683153796679697,Transition Laggard
Saint Lucia,2014,LCA,174145.0,1635705000.0,0.0,100.0,657.9,0.0,0.0,0.0,0.38,0.0,0.0,1.0,0.5034743479857965,0.48466749975497403,19.683153796679697,Transition Laggard
Saint Lucia,2015,LCA,174919.0,1670340000.0,0.0,100.0,657.9,0.0,0.0,0.0,0.38,0.0,0.0,1.0,0.5034743479857965,0.48466749975497403,19.683153796679697,Transition Laggard
Saint Lucia,2016,LCA,175651.0,1719860632.0,0.0,100.0,666.67,0.0,0.0,0.0,0.39,0.0,0.0,1.0,0.5101858087425003,0.48466749975497403,19.515367277762103,Transition Laggard
Saint Lucia,2017,LCA,176352.0,1781316024.0,0.0,100.0,650.0,0.0,0.0,0.0,0.4,0.0,0.0,1.0,0.4974286763805559,0.48466749975497403,19.83429558681071,Transition Laggard
Saint Lucia,2018,LCA,177032.0,1830625072.0,2.439,97.561,634.15,2.439,0.0,0.0,0.41,2.439,0.024390000000000002,0.9756100000000001,0.4852990694257377,0.499607958443595,21.825042641010477,Transition Laggard
Saint Lucia,2019,LCA,177675.0,1824037649.0,2.381,97.619,642.86,2.381,0.0,0.0,0.42,2.381,0.023809999999999998,0.97619,0.4919646136892372,0.49925267078310304,21.61827471951561,Transition Laggard
Saint Lucia,2020,LCA,178261.0,1361621707.0,2.632,97.368,631.58,2.632,0.0,0.0,0.38,2.632,0.026320000000000003,0.97368,0.4833323129668177,0.5007902087621288,22.00774530726149,Transition Laggard
Saint Lucia,2021,LCA,178540.0,1515672504.0,2.5,97.5,650.0,2.5,0.0,0.0,0.4,2.5,0.025,0.975,0.4974286763805559,0.4999816230520435,21.564007436266756,Transition Laggard
Saint Lucia,2022,LCA,178794.0,1749086152.0,2.5,97.5,650.0,2.5,0.0,0.0,0.4,2.5,0.025,0.975,0.4974286763805559,0.4999816230520435,21.564007436266756,Transition Laggard
Saint Lucia,2023,LCA,179291.0,,2.5,97.5,650.0,2.5,0.0,0.0,0.4,2.5,0.025,0.975,0.4974286763805559,0.4999816230520435,21.564007436266756,Transition Laggard
Saint Lucia,2024,LCA,179751.0,,2.5,97.5,650.0,2.5,0.0,0.0,0.4,2.5,0.025,0.975,0.4974286763805559,0.4999816230520435,21.564007436266756,Transition Laggard
Saint Pierre and Miquelon,2000,SPM,6317.0,,0.0,100.0,750.0,0.0,0.0,0.0,0.04,0.0,0.0,1.0,0.5739561650544875,0.48466749975497403,17.921108369962422,Transition Laggard
Saint Pierre and Miquelon,2001,SPM,6299.0,,0.0,100.0,750.0,0.0,0.0,0.0,0.04,0.0,0.0,1.0,0.5739561650544875,0.48466749975497403,17.921108369962422,Transition Laggard
Saint Pierre and Miquelon,2002,SPM,6273.0,,0.0,100.0,750.0,0.0,0.0,0.0,0.04,0.0,0.0,1.0,0.5739561650544875,0.48466749975497403,17.921108369962422,Transition Laggard
Saint Pierre and Miquelon,2003,SPM,6234.0,,0.0,100.0,750.0,0.0,0.0,0.0,0.04,0.0,0.0,1.0,0.5739561650544875,0.48466749975497403,17.921108369962422,Transition Laggard
Saint Pierre and Miquelon,2004,SPM,6191.0,,0.0,100.0,750.0,0.0,0.0,0.0,0.04,0.0,0.0,1.0,0.5739561650544875,0.48466749975497403,17.921108369962422,Transition Laggard
Saint Pierre and Miquelon,2005,SPM,6139.0,,0.0,100.0,750.0,0.0,0.0,0.0,0.04,0.0,0.0,1.0,0.5739561650544875,0.48466749975497403,17.921108369962422,Transition Laggard
Saint Pierre and Miquelon,2006,SPM,6094.0,,0.0,100.0,750.0,0.0,0.0,0.0,0.04,0.0,0.0,1.0,0.5739561650544875,0.48466749975497403,17.921108369962422,Transition Laggard
Saint Pierre and Miquelon,2007,SPM,6074.0,,0.0,100.0,750.0,0.0,0.0,0.0,0.04,0.0,0.0,1.0,0.5739561650544875,0.48466749975497403,17.921108369962422,Transition Laggard
Saint Pierre and Miquelon,2008,SPM,6063.0,,0.0,100.0,750.0,0.0,0.0,0.0,0.04,0.0,0.0,1.0,0.5739561650544875,0.48466749975497403,17.921108369962422,Transition Laggard
Saint Pierre and Miquelon,2009,SPM,6054.0,,0.0,100.0,750.0,0.0,0.0,0.0,0.04,0.0,0.0,1.0,0.5739561650544875,0.48466749975497403,17.921108369962422,Transition Laggard
Saint Pierre and Miquelon,2010,SPM,6047.0,,0.0,100.0,750.0,0.0,0.0,0.0,0.04,0.0,0.0,1.0,0.5739561650544875,0.48466749975497403,17.921108369962422,Transition Laggard
Saint Pierre and Miquelon,2011,SPM,6036.0,,0.0,100.0,750.0,0.0,0.0,0.0,0.04,0.0,0.0,1.0,0.5739561650544875,0.48466749975497403,17.921108369962422,Transition Laggard
Saint Pierre and Miquelon,2012,SPM,6019.0,,0.0,100.0,750.0,0.0,0.0,0.0,0.04,0.0,0.0,1.0,0.5739561650544875,0.48466749975497403,17.921108369962422,Transition Laggard
Saint Pierre and Miquelon,2013,SPM,5999.0,,0.0,100.0,600.0,0.0,0.0,0.0,0.05,0.0,0.0,1.0,0.45916493204359005,0.48466749975497403,20.79088919523486,Transition Laggard
Saint Pierre and Miquelon,2014,SPM,5984.0,,0.0,100.0,600.0,0.0,0.0,0.0,0.05,0.0,0.0,1.0,0.45916493204359005,0.48466749975497403,20.79088919523486,Transition Laggard
Saint Pierre and Miquelon,2015,SPM,5971.0,,0.0,100.0,600.0,0.0,0.0,0.0,0.05,0.0,0.0,1.0,0.45916493204359005,0.48466749975497403,20.79088919523486,Transition Laggard
Saint Pierre and Miquelon,2016,SPM,5957.0,,0.0,100.0,600.0,0.0,0.0,0.0,0.05,0.0,0.0,1.0,0.45916493204359005,0.48466749975497403,20.79088919523486,Transition Laggard
Saint Pierre and Miquelon,2017,SPM,5946.0,,0.0,100.0,600.0,0.0,0.0,0.0,0.05,0.0,0.0,1.0,0.45916493204359005,0.48466749975497403,20.79088919523486,Transition Laggard
Saint Pierre and Miquelon,2018,SPM,5932.0,,0.0,100.0,600.0,0.0,0.0,0.0,0.05,0.0,0.0,1.0,0.45916493204359005,0.48466749975497403,20.79088919523486,Transition Laggard
Saint Pierre and Miquelon,2019,SPM,5899.0,,0.0,100.0,600.0,0.0,0.0,0.0,0.05,0.0,0.0,1.0,0.45916493204359005,0.48466749975497403,20.79088919523486,Transition Laggard
Saint Pierre and Miquelon,2020,SPM,5852.0,,0.0,100.0,600.0,0.0,0.0,0.0,0.05,0.0,0.0,1.0,0.45916493204359005,0.48466749975497403,20.79088919523486,Transition Laggard
Saint Pierre and Miquelon,2021,SPM,5802.0,,0.0,100.0,600.0,0.0,0.0,0.0,0.05,0.0,0.0,1.0,0.45916493204359005,0.48466749975497403,20.79088919523486,Transition Laggard
Saint Pierre and Miquelon,2022,SPM,5760.0,,0.0,100.0,600.0,0.0,0.0,0.0,0.05,0.0,0.0,1.0,0.45916493204359005,0.48466749975497403,20.79088919523486,Transition Laggard
Saint Pierre and Miquelon,2023,SPM,5707.0,,0.0,100.0,600.0,0.0,0.0,0.0,0.05,0.0,0.0,1.0,0.45916493204359005,0.48466749975497403,20.79088919523486,Transition Laggard
Saint Vincent and the Grenadines,2000,VCT,113561.0,,30.0,70.0,500.0,0.0,0.0,30.0,0.1,0.0,0.3,0.7000000000000001,0.3826374433696584,0.48466749975497403,40.70407641208315,Mixed Performer
Saint Vincent and the Grenadines,2001,VCT,113506.0,,20.0,80.0,500.0,0.0,0.0,20.0,0.1,-10.0,0.2,0.8,0.3826374433696584,0.42341100656669606,33.785229014258974,Transition Laggard
Saint Vincent and the Grenadines,2002,VCT,113365.0,,20.0,80.0,500.0,0.0,0.0,20.0,0.1,-10.0,0.2,0.8,0.3826374433696584,0.42341100656669606,33.785229014258974,Transition Laggard
Saint Vincent and the Grenadines,2003,VCT,113149.0,,18.182,81.818,545.46,0.0,0.0,18.182,0.11,-11.818000000000001,0.18181999999999998,0.81818,0.4174268397208278,0.4122745761050671,31.657647648555308,Transition Laggard
Saint Vincent and the Grenadines,2004,VCT,112856.0,,25.0,75.0,500.0,0.0,0.0,25.0,0.12,-5.0,0.25,0.75,0.3826374433696584,0.45403925316083504,37.244652713171064,Transition Laggard
Saint Vincent and the Grenadines,2005,VCT,112465.0,,21.429,78.571,500.0,0.0,0.0,21.429,0.14,-8.571000000000002,0.21428999999999998,0.78571,0.3826374433696584,0.432164559443301,34.77393230740805,Transition Laggard
Saint Vincent and the Grenadines,2006,VCT,112027.0,,15.385,84.615,538.46,0.0,0.0,15.385,0.13,-14.615,0.15385000000000001,0.84615,0.4120699155136525,0.3951411349603058,29.856369136563277,Transition Laggard
Saint Vincent and the Grenadines,2007,VCT,111544.0,,14.286,85.714,571.43,0.0,0.0,14.286,0.14,-15.714,0.14286,0.85714,0.43730102852944774,0.38840904635891405,28.465209982147517,Transition Laggard
Saint Vincent and the Grenadines,2008,VCT,111047.0,,14.286,85.714,571.43,0.0,0.0,14.286,0.14,-15.714,0.14286,0.85714,0.43730102852944774,0.38840904635891405,28.465209982147517,Transition Laggard
Saint Vincent and the Grenadines,2009,VCT,110521.0,,14.286,85.714,571.43,0.0,0.0,14.286,0.14,-15.714,0.14286,0.85714,0.43730102852944774,0.38840904635891405,28.465209982147517,Transition Laggard
Saint Vincent and the Grenadines,2010,VCT,109974.0,,20.0,80.0,533.33,0.0,0.0,20.0,0.15,-10.0,0.2,0.8,0.40814405534467985,0.42341100656669606,33.14756371488345,Transition Laggard
Saint Vincent and the Grenadines,2011,VCT,109367.0,,21.429,78.571,500.0,0.0,0.0,21.429,0.14,-8.571000000000002,0.21428999999999998,0.78571,0.3826374433696584,0.432164559443301,34.77393230740805,Transition Laggard
Saint Vincent and the Grenadines,2012,VCT,108753.0,,20.0,80.0,533.33,0.0,0.0,20.0,0.15,-10.0,0.2,0.8,0.40814405534467985,0.42341100656669606,33.14756371488345,Transition Laggard
Saint Vincent and the Grenadines,2013,VCT,108156.0,,14.286,85.714,571.43,0.0,0.0,14.286,0.14,-15.714,0.14286,0.85714,0.43730102852944774,0.38840904635891405,28.465209982147517,Transition Laggard
Saint Vincent and the Grenadines,2014,VCT,107555.0,,7.143,92.857,642.86,0.0,0.0,7.143,0.14,-22.857,0.07143,0.92857,0.4919646136892372,0.3446535332745271,22.156487656886974,Transition Laggard
Saint Vincent and the Grenadines,2015,VCT,106975.0,,13.333,86.667,600.0,0.0,0.0,13.333,0.15,-16.667,0.13333,0.86667,0.45916493204359005,0.38257130255807115,27.259246237281314,Transition Laggard
Saint Vincent and the Grenadines,2016,VCT,106365.0,,12.5,87.5,562.5,0.0,0.0,12.5,0.16,-17.5,0.125,0.875,0.43046712379086566,0.3774686366754876,27.40035145536067,Transition Laggard
Saint Vincent and the Grenadines,2017,VCT,105674.0,,13.333,86.667,600.0,0.0,0.0,13.333,0.15,-16.667,0.13333,0.86667,0.45916493204359005,0.38257130255807115,27.259246237281314,Transition Laggard
Saint Vincent and the Grenadines,2018,VCT,104939.0,,13.333,86.667,600.0,0.0,0.0,13.333,0.15,-16.667,0.13333,0.86667,0.45916493204359005,0.38257130255807115,27.259246237281314,Transition Laggard
Saint Vincent and the Grenadines,2019,VCT,104183.0,,13.333,86.667,600.0,0.0,0.0,13.333,0.15,-16.667,0.13333,0.86667,0.45916493204359005,0.38257130255807115,27.259246237281314,Transition Laggard
Saint Vincent and the Grenadines,2020,VCT,103540.0,,13.333,86.667,600.0,0.0,0.0,13.333,0.15,-16.667,0.13333,0.86667,0.45916493204359005,0.38257130255807115,27.259246237281314,Transition Laggard
Saint Vincent and the Grenadines,2021,VCT,102848.0,,14.286,85.714,571.43,0.0,0.0,14.286,0.14,-15.714,0.14286,0.85714,0.43730102852944774,0.38840904635891405,28.465209982147517,Transition Laggard
Saint Vincent and the Grenadines,2022,VCT,102063.0,,13.333,86.667,600.0,0.0,0.0,13.333,0.15,-16.667,0.13333,0.86667,0.45916493204359005,0.38257130255807115,27.259246237281314,Transition Laggard
Saint Vincent and the Grenadines,2023,VCT,101331.0,,13.333,86.667,600.0,0.0,0.0,13.333,0.15,-16.667,0.13333,0.86667,0.45916493204359005,0.38257130255807115,27.259246237281314,Transition Laggard
Saint Vincent and the Grenadines,2024,VCT,100630.0,,13.333,86.667,600.0,0.0,0.0,13.333,0.15,-16.667,0.13333,0.86667,0.45916493204359005,0.38257130255807115,27.259246237281314,Transition Laggard
Samoa,2000,WSM,181695.0,,50.0,50.0,375.0,0.0,0.0,50.0,0.08,0.0,0.5,0.5,0.28697808252724377,0.48466749975497403,55.09556043314351,Mixed Performer
Samoa,2001,WSM,183174.0,,50.0,50.0,300.0,0.0,0.0,50.0,0.1,0.0,0.5,0.5,0.22958246602179502,0.48466749975497403,56.53045084577973,Mixed Performer
Samoa,2002,WSM,184482.0,,54.545,45.455,272.73,0.0,0.0,54.545,0.11,4.545000000000002,0.54545,0.45455,0.2087134198604139,0.5125085759090464,60.19679314212534,Emerging Improver
Samoa,2003,WSM,185447.0,,50.0,50.0,300.0,0.0,0.0,50.0,0.1,0.0,0.5,0.5,0.22958246602179502,0.48466749975497403,56.53045084577973,Mixed Performer
Samoa,2004,WSM,186265.0,,45.455,54.545,363.64,0.0,0.0,45.455,0.11,-4.545000000000002,0.45455,0.54545,0.27828455981388517,0.4568264236009017,52.168282358666396,Mixed Performer
Samoa,2005,WSM,186993.0,,45.455,54.545,363.64,0.0,0.0,45.455,0.11,-4.545000000000002,0.45455,0.54545,0.27828455981388517,0.4568264236009017,52.168282358666396,Mixed Performer
Samoa,2006,WSM,187724.0,,41.667,58.333,416.67,0.0,0.0,41.667,0.12,-8.332999999999998,0.41667000000000004,0.58333,0.31886708705767114,0.43362246398118204,48.53285978327595,Mixed Performer
Samoa,2007,WSM,188766.0,,41.667,58.333,416.67,0.0,0.0,41.667,0.12,-8.332999999999998,0.41667000000000004,0.58333,0.31886708705767114,0.43362246398118204,48.53285978327595,Mixed Performer
Samoa,2008,WSM,190117.0,,45.455,54.545,363.64,0.0,0.0,45.455,0.11,-4.545000000000002,0.45455,0.54545,0.27828455981388517,0.4568264236009017,52.168282358666396,Mixed Performer
Samoa,2009,WSM,191530.0,,38.462,61.538,384.62,0.0,0.0,38.462,0.13,-11.537999999999997,0.38462,0.6153799999999999,0.294340026937676,0.41398975791433895,46.928545695273186,Mixed Performer
Samoa,2010,WSM,193035.0,,41.667,58.333,416.67,0.0,0.0,41.667,0.12,-8.332999999999998,0.41667000000000004,0.58333,0.31886708705767114,0.43362246398118204,48.53285978327595,Mixed Performer
Samoa,2011,WSM,194726.0,,38.462,61.538,384.62,0.0,0.0,38.462,0.13,-11.537999999999997,0.38462,0.6153799999999999,0.294340026937676,0.41398975791433895,46.928545695273186,Mixed Performer
Samoa,2012,WSM,196518.0,,36.364,63.636,454.55,0.0,0.0,36.364,0.11,-13.636000000000003,0.36363999999999996,0.63636,0.3478556997673565,0.4011381456434382,44.13907969046765,Mixed Performer
Samoa,2013,WSM,198284.0,,25.0,75.0,500.0,0.0,0.0,25.0,0.12,-25.0,0.25,0.75,0.3826374433696584,0.3315262667842791,35.406957917522725,Transition Laggard
Samoa,2014,WSM,200051.0,,23.077,76.923,538.46,0.0,0.0,23.077,0.13,-26.923,0.23077000000000003,0.7692300000000001,0.4120699155136525,0.3197466431441733,33.34065175932128,Transition Laggard
Samoa,2015,WSM,201794.0,,30.769,69.231,461.54,7.692,0.0,23.077,0.13,-19.231,0.30768999999999996,0.69231,0.3532049712256643,0.36686513770459667,40.13425278492734,Mixed Performer
Samoa,2016,WSM,203509.0,,33.333,66.667,466.67,13.333,0.0,20.0,0.15,-16.667,0.33333,0.66667,0.35713083139463697,0.38257130255807115,41.81009875350515,Mixed Performer
Samoa,2017,WSM,205423.0,,31.25,68.75,437.5,12.5,0.0,18.75,0.16,-18.75,0.3125,0.6875,0.3348077629484511,0.36981157502695283,40.926979551693016,Mixed Performer
Samoa,2018,WSM,207595.0,,40.0,60.0,400.0,13.333,0.0,26.667,0.15,-10.0,0.4,0.6,0.3061099546957267,0.42341100656669606,47.698416231107274,Mixed Performer
Samoa,2019,WSM,209794.0,,41.176,58.824,411.77,11.765,0.0,29.412,0.17,-8.823999999999998,0.41176,0.58824,0.31511724011264847,0.43061477016563754,48.28689054966835,Mixed Performer
Samoa,2020,WSM,211957.0,,38.889,61.111,388.89,11.111,0.0,27.778,0.18,-11.110999999999997,0.38889,0.6111099999999999,0.2976077507040529,0.4166054101734784,47.142287385000856,Mixed Performer
Samoa,2021,WSM,213792.0,,47.059,52.941,352.94,11.765,0.0,29.412,0.17,-2.9410000000000025,0.47059,0.52941,0.2700961185257745,0.4666519651083015,53.482776513480154,Mixed Performer
Samoa,2022,WSM,215270.0,,43.75,56.25,375.0,12.5,0.0,25.0,0.16,-6.25,0.4375,0.5625,0.28697808252724377,0.4463821915123003,50.7712808095034,Mixed Performer
Samoa,2023,WSM,216673.0,,40.0,60.0,400.0,13.333,0.0,20.0,0.15,-10.0,0.4,0.6,0.3061099546957267,0.42341100656669606,47.698416231107274,Mixed Performer
Samoa,2024,WSM,218031.0,,43.75,56.25,375.0,18.75,0.0,18.75,0.16,-6.25,0.4375,0.5625,0.28697808252724377,0.4463821915123003,50.7712808095034,Mixed Performer
Sao Tome and Principe,2000,STP,144029.0,312853560.0,33.333,66.667,333.33,0.0,0.0,33.333,0.03,0.0,0.33333,0.66667,0.25508907799681646,0.48466749975497403,45.8925855464042,Mixed Performer
Sao Tome and Principe,2001,STP,146386.0,323367292.0,0.0,100.0,500.0,0.0,0.0,0.0,0.02,-33.333,0.0,1.0,0.3826374433696584,0.2804812310104871,19.641282380915843,Transition Laggard
Sao Tome and Principe,2002,STP,149932.0,330763135.0,25.0,75.0,500.0,0.0,0.0,25.0,0.04,-8.332999999999998,0.25,0.75,0.3826374433696584,0.43362246398118204,36.93840087547626,Transition Laggard
Sao Tome and Principe,2003,STP,153824.0,356840538.0,25.0,75.0,500.0,0.0,0.0,25.0,0.04,-8.332999999999998,0.25,0.75,0.3826374433696584,0.43362246398118204,36.93840087547626,Transition Laggard
Sao Tome and Principe,2004,STP,157721.0,370949154.0,25.0,75.0,500.0,0.0,0.0,25.0,0.04,-8.332999999999998,0.25,0.75,0.3826374433696584,0.43362246398118204,36.93840087547626,Transition Laggard
Sao Tome and Principe,2005,STP,161650.0,400193555.0,0.0,100.0,750.0,0.0,0.0,0.0,0.04,-33.333,0.0,1.0,0.5739561650544875,0.2804812310104871,14.858314338795116,Transition Laggard
Sao Tome and Principe,2006,STP,165651.0,436915676.0,20.0,80.0,600.0,0.0,0.0,20.0,0.05,-13.332999999999998,0.2,0.8,0.45916493204359005,0.40299421738704305,31.565789959715897,Transition Laggard
Sao Tome and Principe,2007,STP,169709.0,454094461.0,20.0,80.0,600.0,0.0,0.0,20.0,0.05,-13.332999999999998,0.2,0.8,0.45916493204359005,0.40299421738704305,31.565789959715897,Transition Laggard
Sao Tome and Principe,2008,STP,173808.0,491548804.0,20.0,80.0,600.0,0.0,0.0,20.0,0.05,-13.332999999999998,0.2,0.8,0.45916493204359005,0.40299421738704305,31.565789959715897,Transition Laggard
Sao Tome and Principe,2009,STP,177866.0,507380515.0,16.667,83.333,500.0,0.0,0.0,16.667,0.06,-16.665999999999997,0.16667,0.83333,0.3826374433696584,0.38257742820739,31.172925338869383,Transition Laggard
Sao Tome and Principe,2010,STP,181810.0,544428757.0,0.0,100.0,600.0,0.0,0.0,0.0,0.05,-33.333,0.0,1.0,0.45916493204359005,0.2804812310104871,17.728095164067557,Transition Laggard
Sao Tome and Principe,2011,STP,185665.0,572220000.0,14.286,85.714,571.43,0.0,0.0,14.286,0.07,-19.046999999999997,0.14286,0.85714,0.43730102852944774,0.367992257179261,28.15895814445272,Transition Laggard
Sao Tome and Principe,2012,STP,189452.0,588711000.0,12.5,87.5,625.0,0.0,0.0,12.5,0.08,-20.833,0.125,0.875,0.478296804212073,0.3570518474958346,25.898357607135697,Transition Laggard
Sao Tome and Principe,2013,STP,193158.0,619718000.0,14.286,85.714,571.43,0.0,0.0,14.286,0.07,-19.046999999999997,0.14286,0.85714,0.43730102852944774,0.367992257179261,28.15895814445272,Transition Laggard
Sao Tome and Principe,2014,STP,196780.0,660060000.0,12.5,87.5,625.0,0.0,0.0,12.5,0.08,-20.833,0.125,0.875,0.478296804212073,0.3570518474958346,25.898357607135697,Transition Laggard
Sao Tome and Principe,2015,STP,200308.0,687730000.0,10.0,90.0,600.0,0.0,0.0,10.0,0.1,-23.333,0.1,0.9,0.45916493204359005,0.3417377241987651,24.646942561891727,Transition Laggard
Sao Tome and Principe,2016,STP,203702.0,718608950.0,9.091,90.909,636.36,0.0,0.0,9.091,0.11,-24.241999999999997,0.09090999999999999,0.9090900000000001,0.48699032692543165,0.3361695089679506,23.322384461383468,Transition Laggard
Sao Tome and Principe,2017,STP,206986.0,745271993.0,0.0,100.0,700.0,0.0,0.0,0.0,0.1,-33.333,0.0,1.0,0.5356924207175218,0.2804812310104871,15.814907947219261,Transition Laggard
Sao Tome and Principe,2018,STP,210198.0,768095622.0,0.0,100.0,700.0,0.0,0.0,0.0,0.1,-33.333,0.0,1.0,0.5356924207175218,0.2804812310104871,15.814907947219261,Transition Laggard
Sao Tome and Principe,2019,STP,213405.0,784993764.0,9.091,90.909,636.36,0.0,0.0,9.091,0.11,-24.241999999999997,0.09090999999999999,0.9090900000000001,0.48699032692543165,0.3361695089679506,23.322384461383468,Transition Laggard
Sao Tome and Principe,2020,STP,217450.0,809328569.0,9.091,90.909,636.36,0.0,0.0,9.091,0.11,-24.241999999999997,0.09090999999999999,0.9090900000000001,0.48699032692543165,0.3361695089679506,23.322384461383468,Transition Laggard
Sao Tome and Principe,2021,STP,221975.0,824700110.0,9.091,90.909,636.36,0.0,0.0,9.091,0.11,-24.241999999999997,0.09090999999999999,0.9090900000000001,0.48699032692543165,0.3361695089679506,23.322384461383468,Transition Laggard
Sao Tome and Principe,2022,STP,226313.0,825238400.0,11.111,88.889,555.56,0.0,0.0,11.111,0.09,-22.221999999999998,0.11111000000000001,0.88889,0.4251561160768948,0.3485433205919828,26.265846906957368,Transition Laggard
Sao Tome and Principe,2023,STP,230882.0,,11.111,88.889,555.56,0.0,0.0,11.111,0.09,-22.221999999999998,0.11111000000000001,0.88889,0.4251561160768948,0.3485433205919828,26.265846906957368,Transition Laggard
Saudi Arabia,2000,SAU,16177733.0,488272422255.0,0.0,100.0,692.34,0.0,0.0,,138.69,0.0,0.0,1.0,0.5298304150850986,0.48466749975497403,19.024252119197143,Transition Laggard
Saudi Arabia,2001,SAU,17041405.0,506978101388.0,0.0,100.0,697.17,0.0,0.0,,146.09,0.0,0.0,1.0,0.5335266927880494,0.48466749975497403,18.931845176623373,Transition Laggard
Saudi Arabia,2002,SAU,17910909.0,518347038548.0,0.0,100.0,699.7,0.0,0.0,,154.91,0.0,0.0,1.0,0.5354628382515,0.48466749975497403,18.88344154003711,Transition Laggard
Saudi Arabia,2003,SAU,18786771.0,607244594721.0,0.0,100.0,698.88,0.0,0.0,,166.58,0.0,0.0,1.0,0.5348353128443737,0.48466749975497403,18.899129675215267,Transition Laggard
Saudi Arabia,2004,SAU,19669486.0,690846607941.0,0.0,100.0,700.48,0.0,0.0,,173.41,0.0,0.0,1.0,0.5360597526631566,0.48466749975497403,18.868518679745694,Transition Laggard
Saudi Arabia,2005,SAU,20559886.0,768984265306.0,0.0,100.0,700.13,0.0,0.0,,191.05,0.0,0.0,1.0,0.5357919064527978,0.48466749975497403,18.875214835004662,Transition Laggard
Saudi Arabia,2006,SAU,21459141.0,833723402383.0,0.0,100.0,697.77,0.0,0.0,,196.31,0.0,0.0,1.0,0.5339858577200931,0.48466749975497403,18.920366053322283,Transition Laggard
Saudi Arabia,2007,SAU,22368313.0,896025266041.0,0.0,100.0,695.5,0.0,0.0,,204.43,0.0,0.0,1.0,0.5322486837271948,0.48466749975497403,18.96379540314474,Transition Laggard
Saudi Arabia,2008,SAU,23287884.0,1005243539213.0,0.0,100.0,694.81,0.0,0.0,,204.2,0.0,0.0,1.0,0.5317206440553447,0.48466749975497403,18.976996394940993,Transition Laggard
Saudi Arabia,2009,SAU,24217656.0,1040467027041.0,0.0,100.0,690.3,0.0,0.0,,217.31,0.0,0.0,1.0,0.5282692543161503,0.48466749975497403,19.06328113842085,Transition Laggard
Saudi Arabia,2010,SAU,25157134.0,1156842077931.0,0.0,100.0,691.4,0.0,0.0,,248.77,0.0,0.0,1.0,0.5291110566915636,0.48466749975497403,19.042236079035522,Transition Laggard
Saudi Arabia,2011,SAU,26105636.0,1347950226660.0,0.004,99.996,691.26,0.004,0.0,,259.15,0.004,4e-05,0.99996,0.5290039182074201,0.48469200235224935,19.047682080098237,Transition Laggard
Saudi Arabia,2012,SAU,27062447.0,1421109142119.0,0.011,99.989,692.75,0.011,0.0,,281.63,0.011,0.00010999999999999999,0.9998900000000001,0.5301441777886617,0.48473488189748115,19.02401878374567,Transition Laggard
Saudi Arabia,2013,SAU,28026825.0,1461615692896.0,0.014,99.986,693.07,0.014,0.0,,294.72,0.014,0.00014000000000000001,0.9998600000000001,0.5303890657524183,0.48475325884543763,19.0199722388711,Transition Laggard
Saudi Arabia,2014,SAU,28998127.0,1520484201383.0,0.015,99.985,692.57,0.015,0.0,,328.2,0.015,0.00015,0.99985,0.5300064283090486,0.4847593844947565,19.03023005969513,Transition Laggard
Saudi Arabia,2015,SAU,29974944.0,1591797027903.0,0.014,99.986,693.08,0.014,0.0,,350.64,0.014,0.00014000000000000001,0.9998600000000001,0.5303967185012857,0.48475325884543763,19.019780920149422,Transition Laggard
Saudi Arabia,2016,SAU,30717804.0,1629412617614.0,0.014,99.986,697.23,0.014,0.0,,357.66,0.014,0.00014000000000000001,0.9998600000000001,0.5335726092812538,0.48475325884543763,18.940383650650215,Transition Laggard
Saudi Arabia,2017,SAU,30782400.0,1628276592787.0,0.018,99.982,699.97,0.018,0.0,,394.99,0.018,0.00017999999999999998,0.99982,0.5356694624709196,0.48477776144271295,18.8907298598677,Transition Laggard
Saudi Arabia,2018,SAU,30365119.0,1673253984473.0,0.043,99.957,702.88,0.043,0.0,,374.77,0.043,0.00043,0.99957,0.537896412391331,0.4849309026756836,18.85235323035198,Transition Laggard
Saudi Arabia,2019,SAU,30472809.0,1687180073621.0,0.058,99.942,701.7,0.055,0.003,,378.55,0.058,0.00058,0.99942,0.5369933880249786,0.48502278741546606,18.885307110607524,Transition Laggard
Saudi Arabia,2020,SAU,30991206.0,1613932868835.0,0.242,99.758,701.86,0.239,0.003,,380.9,0.242,0.00242,0.99758,0.5371158320068569,0.4861499068901304,19.009552803180537,Transition Laggard
Saudi Arabia,2021,SAU,31328374.0,1677226744197.0,0.254,99.746,702.43,0.252,0.003,,392.95,0.254,0.00254,0.99746,0.5375520386922983,0.4862234146819563,19.006950252921886,Transition Laggard
Saudi Arabia,2022,SAU,32175351.0,1823886192336.0,0.49,99.51,700.05,0.298,0.193,,409.84,0.49,0.0049,0.9951000000000001,0.5357306844618587,0.48766906792119963,19.215768907271524,Transition Laggard
Saudi Arabia,2023,SAU,33264289.0,,1.1,98.9,697.31,0.729,0.37,,429.25,1.1,0.011000000000000001,0.9890000000000001,0.5336338312721929,0.4914057140056846,19.690239928280445,Transition Laggard
Saudi Arabia,2024,SAU,33962751.0,,2.16,97.84,691.95,1.81,0.35,,454.64,2.16,0.0216,0.9784,0.5295319578792703,0.4978989022836421,20.526184587272873,Transition Laggard
Senegal,2000,SEN,9968262.0,20439620643.0,3.356,96.644,644.3,0.0,0.0,0.0,1.49,0.0,0.03356,0.9664400000000001,0.4930666095261418,0.48466749975497403,21.956947258171063,Transition Laggard
Senegal,2001,SEN,10212941.0,21256566387.0,3.352,96.648,642.46,0.0,0.0,0.0,1.79,-0.0040000000000000036,0.03352,0.96648,0.4916585037345415,0.4846429971576987,21.98938236400194,Transition Laggard
Senegal,2002,SEN,10466216.0,21289209696.0,12.5,87.5,586.54,0.0,0.0,9.135,2.08,9.144,0.125,0.875,0.44886433206807885,0.5406804371263354,29.388598255193056,Transition Laggard
Senegal,2003,SEN,10721176.0,22622569107.0,16.309,83.691,566.52,0.0,0.0,14.163,2.33,12.953000000000001,0.16309,0.83691,0.43354352883555775,0.5640130353817505,32.40700730983731,Transition Laggard
Senegal,2004,SEN,10975711.0,23858338191.0,13.808,86.192,585.77,0.0,0.0,12.134,2.39,10.452,0.13808,0.8619199999999999,0.4482750704052896,0.5486927864353621,30.30831503639819,Transition Laggard
Senegal,2005,SEN,11235473.0,25111741099.0,11.698,88.302,596.23,0.0,0.0,9.811,2.65,8.342,0.11698,0.8830200000000001,0.45627984572058283,0.5357676663726355,28.64831885257496,Transition Laggard
Senegal,2006,SEN,11500094.0,25681645040.0,10.606,89.394,602.27,0.0,0.0,8.712,2.64,7.25,0.10606,0.8939400000000001,0.4609021060364883,0.5290784573164755,27.777224208834927,Transition Laggard
Senegal,2007,SEN,11770348.0,26900866878.0,7.857,92.143,614.29,0.0,0.0,6.429,2.8,4.501,0.07857,0.92143,0.47010071017509486,0.5122390473390179,25.645267955707894,Transition Laggard
Senegal,2008,SEN,12048963.0,27862112568.0,9.122,90.878,611.49,0.0,0.0,7.77,2.96,5.766,0.09122,0.90878,0.46795794049222483,0.5199879937273351,26.574071393604402,Transition Laggard
Senegal,2009,SEN,12337390.0,28495333178.0,9.508,90.492,606.56,0.0,0.0,7.869,3.05,6.151999999999999,0.09508,0.9049200000000001,0.46418513530059996,0.5223524943644027,26.93545903295104,Transition Laggard
Senegal,2010,SEN,12635418.0,29674469620.0,9.907,90.093,609.91,0.0,0.0,7.74,3.23,6.551,0.09907,0.90093,0.46674880617117664,0.5247966284426149,27.14742927235981,Transition Laggard
Senegal,2011,SEN,12958902.0,30201416523.0,10.03,89.97,607.9,0.0,0.0,7.599,3.29,6.6739999999999995,0.1003,0.8997,0.46521060364883066,0.5255500833088307,27.27098615841169,Transition Laggard
Senegal,2012,SEN,13310499.0,31410375400.0,9.392,90.608,616.02,0.0,0.0,8.011,3.62,6.036,0.09392,0.9060800000000001,0.4714246357291539,0.5216419190434186,26.674212892422428,Transition Laggard
Senegal,2013,SEN,13710857.0,32167998974.0,9.711,90.289,611.55,0.0,0.0,8.136,3.81,6.355,0.09711,0.9028900000000001,0.4680038569854291,0.5235960011761247,26.980443593006143,Transition Laggard
Senegal,2014,SEN,14152103.0,34170131826.0,9.091,90.909,617.23,0.0,0.0,7.416,4.18,5.734999999999999,0.09090999999999999,0.9090900000000001,0.4723506183421085,0.5197980985984514,26.442806020424058,Transition Laggard
Senegal,2015,SEN,14593335.0,36345743124.0,9.009,90.991,619.37,0.0,0.0,7.432,4.44,5.6530000000000005,0.09009,0.90991,0.4739883065997306,0.5192957953543076,26.345129265321347,Transition Laggard
Senegal,2016,SEN,15034517.0,38655882471.0,8.996,91.004,623.43,0.209,0.0,7.531,4.78,5.640000000000001,0.08996000000000001,0.9100400000000001,0.47709532263989224,0.5192161619131628,26.258459362700133,Transition Laggard
Senegal,2017,SEN,15475001.0,41519118886.0,11.229,88.771,608.05,1.907,0.0,7.627,4.72,7.872999999999999,0.11229,0.88771,0.46532539488184155,0.5328947368421053,28.09768618058554,Transition Laggard
Senegal,2018,SEN,15914495.0,44097044770.0,14.17,85.83,595.14,5.061,0.0,7.287,4.94,10.814,0.1417,0.8583,0.45544569609403696,0.5509102714887778,30.37951166998074,Transition Laggard
Senegal,2019,SEN,16352926.0,46131678369.0,13.402,86.598,609.97,5.67,0.344,5.326,5.82,10.046,0.13402,0.86598,0.46679472266438105,0.5462057728119181,29.56441852556925,Transition Laggard
Senegal,2020,SEN,16789217.0,46743389453.0,16.832,83.168,562.71,6.271,3.63,5.116,6.06,13.476,0.16832,0.8316800000000001,0.43062783151708095,0.5672167499754974,32.84175546170543,Transition Laggard
Senegal,2021,SEN,17220866.0,49579310412.0,20.27,79.73,546.55,8.108,6.006,4.655,6.66,16.914,0.2027,0.7973,0.41826098934737355,0.5882767323336274,35.52962625132007,Transition Laggard
Senegal,2022,SEN,17651099.0,51913993763.0,19.693,80.307,550.28,8.24,5.587,4.33,7.16,16.337000000000003,0.19693000000000002,0.8030700000000001,0.42111546467491123,0.5847422326766638,35.059046873277175,Transition Laggard
Senegal,2023,SEN,18077573.0,,16.951,83.049,557.32,7.195,4.634,3.78,8.2,13.595,0.16951000000000002,0.8304900000000001,0.4265029998775561,0.567945702244438,33.02721053672767,Transition Laggard
Senegal,2024,SEN,18501988.0,,19.79,80.21,539.97,8.912,5.374,4.063,7.63,16.433999999999997,0.1979,0.8020999999999999,0.4132254805926289,0.58533642066059,35.32340929509313,Transition Laggard
Serbia,2000,SRB,7694608.0,45972177454.0,30.736,69.264,699.53,0.0,,30.736,31.95,0.0,0.30736,0.6926399999999999,0.5353327415207543,0.48466749975497403,37.32829395830576,Transition Laggard
Serbia,2001,SRB,7651927.0,49551965376.0,30.365,69.635,701.57,0.0,,30.365,32.57,-0.3710000000000022,0.30365,0.69635,0.5368939022897025,0.4823948838576889,37.032575700622765,Transition Laggard
Serbia,2002,SRB,7616741.0,54169287385.0,29.874,70.126,707.58,0.0,,29.874,33.24,-0.8620000000000019,0.29874,0.7012600000000001,0.5414932043590058,0.4793871900421445,36.57787774165702,Transition Laggard
Serbia,2003,SRB,7590946.0,57670215281.0,25.511,74.489,750.15,0.0,,25.511,34.26,-5.225000000000001,0.25511,0.74489,0.5740709562874985,0.45266098206409877,32.744740823774016,Transition Laggard
Serbia,2004,SRB,7565843.0,64122161308.0,28.556,71.444,719.82,0.0,,28.556,37.19,-2.1799999999999997,0.28556000000000004,0.7144400000000001,0.5508601689726951,0.4713135842399294,35.43179953928156,Transition Laggard
Serbia,2005,SRB,7539139.0,69083768076.0,31.818,68.182,686.84,0.0,,31.818,35.86,1.0820000000000007,0.31818,0.68182,0.5256214032080324,0.4912954523179457,38.31969670456838,Transition Laggard
Serbia,2006,SRB,7511395.0,74079355840.0,28.854,71.146,723.73,0.0,,28.854,35.87,-1.8820000000000014,0.28854,0.71146,0.5538523937798457,0.4731390277369401,35.563175571557956,Transition Laggard
Serbia,2007,SRB,7482996.0,80235729936.0,26.3,73.7,742.56,0.0,,26.3,35.97,-4.436,0.263,0.737,0.568262519897147,0.4574941193766539,33.435848793221126,Transition Laggard
Serbia,2008,SRB,7454285.0,86433151884.0,25.964,74.036,749.59,0.0,,25.964,36.82,-4.772000000000002,0.25964,0.74036,0.5736424023509245,0.4554359012055278,33.0688784593098,Transition Laggard
Serbia,2009,SRB,7425346.0,85543117613.0,27.95,72.05,734.29,0.0,,27.95,37.71,-2.7860000000000014,0.2795,0.7205,0.5619336965838129,0.4676014407527198,34.73567919669548,Transition Laggard
Serbia,2010,SRB,7395872.0,88047936265.0,31.774,68.226,693.48,0.0,,31.774,37.42,1.0380000000000003,0.31774,0.68226,0.5307028284559814,0.49102592374791726,38.16221814481923,Transition Laggard
Serbia,2011,SRB,7364858.0,91032746041.0,22.804,77.196,780.38,0.0,,22.804,38.02,-7.932000000000002,0.22804,0.77196,0.597205216113628,0.43607884935803193,30.29345233752978,Transition Laggard
Serbia,2012,SRB,7324624.0,90412315334.0,25.698,74.302,751.87,0.0,0.0,25.67,36.19,-5.038,0.25698,0.7430200000000001,0.5753872290926901,0.45380647848671957,32.841216449983534,Transition Laggard
Serbia,2013,SRB,7276183.0,93027618312.0,26.051,73.949,751.98,0.0,0.0,26.001,39.23,-4.685000000000002,0.26050999999999996,0.73949,0.5754714093302314,0.4559688326962658,33.0833472571882,Transition Laggard
Serbia,2014,SRB,7227203.0,91548933459.0,32.984,67.016,683.61,0.03,0.0,32.895,33.44,2.248000000000001,0.32984,0.6701600000000001,0.5231495653238644,0.4984379594236989,39.18823025825887,Transition Laggard
Serbia,2015,SRB,7177257.0,93202353035.0,26.895,73.105,744.35,0.027,0.0,26.816,37.59,-3.841000000000001,0.26895,0.7310500000000001,0.5696323619444105,0.46113888072135645,33.813274162210085,Transition Laggard
Serbia,2016,SRB,7126083.0,96313997829.0,28.127,71.873,729.86,0.026,0.078,27.946,38.61,-2.6090000000000018,0.28127,0.7187300000000001,0.5585435288355578,0.4686856806821523,34.94289698934334,Transition Laggard
Serbia,2017,SRB,7073507.0,98337716405.0,25.494,74.506,752.74,0.027,0.137,25.11,36.44,-5.242000000000001,0.25494,0.7450600000000001,0.5760530182441533,0.4525568460256787,32.683427234281346,Transition Laggard
Serbia,2018,SRB,7020014.0,102758122729.0,29.725,70.275,709.85,0.027,0.409,29.016,36.67,-1.0109999999999992,0.29725,0.7027500000000001,0.543230378351904,0.47847446829363915,36.43135756560699,Transition Laggard
Serbia,2019,SRB,6966155.0,107209329080.0,28.513,71.487,721.38,0.027,2.442,25.665,36.86,-2.222999999999999,0.28513000000000005,0.71487,0.5520539977960083,0.47105018131921983,35.372202774888095,Transition Laggard
Serbia,2020,SRB,6907814.0,106240984752.0,27.327,72.673,736.15,0.027,2.636,24.153,37.18,-3.408999999999999,0.27327,0.72673,0.5633571078731481,0.46378516122709007,34.26904972157765,Transition Laggard
Serbia,2021,SRB,6835429.0,114262090563.0,33.502,66.498,666.31,0.027,2.883,29.925,37.46,2.766000000000002,0.33502000000000004,0.66498,0.5099103097832741,0.5016110457708517,39.87760794198092,Transition Laggard
Serbia,2022,SRB,6791215.0,116834638171.0,28.186,71.814,710.68,0.057,2.727,24.684,34.84,-2.5500000000000007,0.28186,0.7181399999999999,0.5438655565078976,0.46904709399196315,35.35066749718201,Transition Laggard
Serbia,2023,SRB,6773204.0,,34.961,65.039,638.95,0.127,2.721,31.477,39.33,4.224999999999998,0.34961,0.65039,0.4889723888820865,0.5105483681270214,41.41051579985316,Mixed Performer
Serbia,2024,SRB,6736217.0,,32.062,67.938,666.4,0.433,3.382,27.327,36.96,1.325999999999997,0.32061999999999996,0.67938,0.5099791845230807,0.4927901107517397,38.87957204819907,Transition Laggard
Serbia,2025,SRB,6689038.0,,27.799,72.201,695.8,0.437,4.014,22.228,36.62,-2.937000000000001,0.27799,0.7220099999999999,0.5324782661932166,0.4666764677055768,35.36759036075324,Transition Laggard
Seychelles,2000,SYC,83339.0,1136006730.0,0.0,100.0,650.0,0.0,0.0,0.0,0.2,0.0,0.0,1.0,0.4974286763805559,0.48466749975497403,19.83429558681071,Transition Laggard
Seychelles,2001,SYC,84621.0,1137693046.0,0.0,100.0,650.0,0.0,0.0,0.0,0.2,0.0,0.0,1.0,0.4974286763805559,0.48466749975497403,19.83429558681071,Transition Laggard
Seychelles,2002,SYC,85878.0,1181094301.0,0.0,100.0,652.17,0.0,0.0,0.0,0.23,0.0,0.0,1.0,0.4990893228847802,0.48466749975497403,19.792779424205108,Transition Laggard
Seychelles,2003,SYC,87056.0,1134551439.0,0.0,100.0,652.17,0.0,0.0,0.0,0.23,0.0,0.0,1.0,0.4990893228847802,0.48466749975497403,19.792779424205108,Transition Laggard
Seychelles,2004,SYC,88175.0,1140079489.0,0.0,100.0,652.17,0.0,0.0,0.0,0.23,0.0,0.0,1.0,0.4990893228847802,0.48466749975497403,19.792779424205108,Transition Laggard
Seychelles,2005,SYC,89288.0,1274495332.0,0.0,100.0,666.67,0.0,0.0,0.0,0.3,0.0,0.0,1.0,0.5101858087425003,0.48466749975497403,19.515367277762103,Transition Laggard
Seychelles,2006,SYC,90391.0,1430092128.0,0.0,100.0,656.25,0.0,0.0,0.0,0.32,0.0,0.0,1.0,0.5022116444226766,0.48466749975497403,19.714721385757695,Transition Laggard
Seychelles,2007,SYC,91483.0,1619623050.0,0.0,100.0,647.06,0.0,0.0,0.0,0.34,0.0,0.0,1.0,0.4951787682135423,0.48466749975497403,19.890543290986056,Transition Laggard
Seychelles,2008,SYC,92563.0,1625802984.0,0.0,100.0,647.06,0.0,0.0,0.0,0.34,0.0,0.0,1.0,0.4951787682135423,0.48466749975497403,19.890543290986056,Transition Laggard
Seychelles,2009,SYC,93644.0,1630727660.0,0.0,100.0,657.14,0.0,0.0,0.0,0.35,0.0,0.0,1.0,0.5028927390718746,0.48466749975497403,19.697694019527745,Transition Laggard
Seychelles,2010,SYC,94993.0,1772951640.0,0.0,100.0,657.9,0.0,0.0,0.0,0.38,0.0,0.0,1.0,0.5034743479857965,0.48466749975497403,19.683153796679697,Transition Laggard
Seychelles,2011,SYC,97041.0,1917505000.0,0.0,100.0,650.0,0.0,0.0,0.0,0.4,0.0,0.0,1.0,0.4974286763805559,0.48466749975497403,19.83429558681071,Transition Laggard
Seychelles,2012,SYC,99565.0,1991700000.0,0.0,100.0,658.54,0.0,0.0,0.0,0.41,0.0,0.0,1.0,0.5039641239133097,0.48466749975497403,19.67090939849187,Transition Laggard
Seychelles,2013,SYC,102108.0,2096276000.0,2.273,97.727,636.36,0.0,2.273,0.0,0.44,2.273,0.02273,0.9772700000000001,0.48699032692543165,0.4985911006566696,21.66790833671425,Transition Laggard
Seychelles,2014,SYC,104663.0,2231000000.0,2.222,97.778,644.44,0.0,2.222,0.0,0.45,2.222,0.02222,0.9777800000000001,0.49317374801028535,0.4982786925414094,21.478036687864005,Transition Laggard
Seychelles,2015,SYC,107247.0,2363480000.0,2.174,97.826,652.17,0.0,2.174,0.0,0.46,2.174,0.02174,0.9782599999999999,0.4990893228847802,0.4979846613741057,21.296936848492084,Transition Laggard
Seychelles,2016,SYC,109836.0,2658740126.0,2.0,98.0,640.0,0.0,2.0,0.0,0.5,2.0,0.02,0.98,0.48977592751316273,0.49691879839262965,21.409383788060378,Transition Laggard
Seychelles,2017,SYC,112443.0,2824383463.0,1.961,98.039,647.06,0.0,1.961,0.0,0.51,1.961,0.019610000000000002,0.98039,0.4951787682135423,0.4966798980691953,21.24732926569937,Transition Laggard
Seychelles,2018,SYC,115053.0,2983293782.0,1.923,98.077,653.85,0.0,1.923,0.0,0.52,1.923,0.01923,0.98077,0.5003749846945023,0.4964471233950799,21.09113223356364,Transition Laggard
Seychelles,2019,SYC,117662.0,3137071789.0,7.018,92.982,614.04,7.018,0.0,0.0,0.57,7.018,0.07018,0.92982,0.46990939145341004,0.5276573066745075,25.37792481378236,Transition Laggard
Seychelles,2020,SYC,120299.0,2871729130.0,11.864,88.136,576.27,10.169,1.695,0.0,0.59,11.864,0.11864000000000001,0.8813599999999999,0.44100495898126607,0.557342203273547,29.453409074571557,Transition Laggard
Seychelles,2021,SYC,123000.0,2944095268.0,13.333,86.667,566.67,11.667,1.667,0.0,0.6,13.333,0.13333,0.86667,0.4336583200685686,0.5663407821229051,30.65345373012936,Transition Laggard
Seychelles,2022,SYC,125533.0,3053368129.0,14.516,85.484,564.52,12.903,1.613,0.0,0.62,14.516,0.14516,0.8548399999999999,0.4320129790620791,0.5735874252670783,31.5130869024542,Transition Laggard
Seychelles,2023,SYC,127961.0,,14.516,85.484,564.52,12.903,1.613,0.0,0.62,14.516,0.14516,0.8548399999999999,0.4320129790620791,0.5735874252670783,31.5130869024542,Transition Laggard
Seychelles,2024,SYC,130436.0,,15.873,84.127,555.56,14.286,1.587,0.0,0.63,15.873,0.15873,0.84127,0.4251561160768948,0.5818999313927277,32.623396068968546,Transition Laggard
Sierra Leone,2000,SLE,4423615.0,3156875905.0,11.111,88.889,555.56,0.0,0.0,11.111,0.09,0.0,0.11111000000000001,0.88889,0.4251561160768948,0.48466749975497403,28.30770959440224,Transition Laggard
Sierra Leone,2001,SLE,4692715.0,3731874073.0,7.692,92.308,615.39,0.0,0.0,7.692,0.13,-3.4190000000000005,0.07692,0.9230800000000001,0.4709425125505081,0.4637239047339018,24.79749575724582,Transition Laggard
Sierra Leone,2002,SLE,4971435.0,4723203819.0,12.5,87.5,562.5,0.0,0.0,12.5,0.16,1.3889999999999993,0.125,0.875,0.43046712379086566,0.4931760266588258,29.135962305110745,Transition Laggard
Sierra Leone,2003,SLE,5177686.0,5165014591.0,13.333,86.667,600.0,0.0,0.0,13.333,0.15,2.2219999999999995,0.13333,0.86667,0.45916493204359005,0.4982786925414094,28.994857087031388,Transition Laggard
Sierra Leone,2004,SLE,5355715.0,5509297894.0,16.667,83.333,583.33,0.0,0.0,16.667,0.12,5.556000000000001,0.16667,0.83333,0.4464077996816457,0.5187016073703813,31.62052911851458,Transition Laggard
Sierra Leone,2005,SLE,5501707.0,5761186841.0,25.0,75.0,500.0,0.0,0.0,25.0,0.08,13.889,0.25,0.75,0.3826374433696584,0.5697466431441733,38.98026356292114,Transition Laggard
Sierra Leone,2006,SLE,5624464.0,6009264027.0,0.0,100.0,600.0,0.0,0.0,0.0,0.05,-11.111,0.0,1.0,0.45916493204359005,0.4166054101734784,19.769957851512427,Transition Laggard
Sierra Leone,2007,SLE,5749353.0,6495486321.0,33.333,66.667,500.0,0.0,0.0,33.333,0.06,22.221999999999998,0.33333,0.66667,0.3826374433696584,0.6207916789179653,44.74573909952802,Mixed Performer
Sierra Leone,2008,SLE,5894728.0,6848797957.0,33.333,66.667,500.0,0.0,0.0,33.333,0.06,22.221999999999998,0.33333,0.66667,0.3826374433696584,0.6207916789179653,44.74573909952802,Mixed Performer
Sierra Leone,2009,SLE,6055655.0,7073732794.0,33.333,66.667,500.0,0.0,0.0,33.333,0.06,22.221999999999998,0.33333,0.66667,0.3826374433696584,0.6207916789179653,44.74573909952802,Mixed Performer
Sierra Leone,2010,SLE,6222715.0,7455363914.0,85.714,14.286,71.43,0.0,0.0,85.714,0.14,74.603,0.85714,0.14286,0.054663585159789405,0.9416593158874841,89.18670010931751,Transition Leader
Sierra Leone,2011,SLE,6387258.0,7933356000.0,88.235,11.765,58.82,0.0,0.0,88.235,0.17,77.124,0.88235,0.11765,0.04501346883800661,0.957102077820249,91.17219444635356,Transition Leader
Sierra Leone,2012,SLE,6551078.0,9134190000.0,66.667,33.333,222.22,0.0,0.0,66.667,0.18,55.556,0.66667,0.33333,0.17005938533121098,0.824984073311771,73.12347646639628,Emerging Improver
Sierra Leone,2013,SLE,6714057.0,11029545000.0,62.5,37.5,250.0,0.0,0.0,62.5,0.16,51.388999999999996,0.625,0.375,0.1913187216848292,0.7994584926002156,69.7089093468825,Emerging Improver
Sierra Leone,2014,SLE,6876385.0,11528208000.0,80.0,20.0,133.33,0.0,0.0,80.0,0.15,68.889,0.8,0.2,0.10203410064895312,0.9066573556797021,84.04900781897172,Transition Leader
Sierra Leone,2015,SLE,7037660.0,9188877000.0,75.0,25.0,187.5,0.0,0.0,75.0,0.16,63.888999999999996,0.75,0.25,0.14348904126362189,0.8760291090855631,79.55321060469291,Transition Leader
Sierra Leone,2016,SLE,7205339.0,9765347713.0,61.905,38.095,238.1,0.0,0.0,61.905,0.21,50.794,0.61905,0.38095,0.1822119505326313,0.7958137312555131,69.52490720551691,Emerging Improver
Sierra Leone,2017,SLE,7379300.0,10128155156.0,60.87,39.13,260.87,4.348,0.0,56.522,0.23,49.759,0.6087,0.39130000000000004,0.19963725970368557,0.7894736842105263,68.37317377056576,Emerging Improver
Sierra Leone,2018,SLE,7554568.0,10480967104.0,66.667,33.333,222.22,3.704,0.0,62.963,0.27,55.556,0.66667,0.33333,0.17005938533121098,0.824984073311771,73.12347646639628,Emerging Improver
Sierra Leone,2019,SLE,7731994.0,11031662186.0,95.0,5.0,50.0,5.0,0.0,90.0,0.2,83.889,0.9500000000000001,0.05,0.03826374433696584,0.998542095462119,96.02153782350764,Transition Leader
Sierra Leone,2020,SLE,7912557.0,10814455084.0,95.0,5.0,50.0,5.0,0.0,90.0,0.2,83.889,0.9500000000000001,0.05,0.03826374433696584,0.998542095462119,96.02153782350764,Transition Leader
Sierra Leone,2021,SLE,8094603.0,11258356071.0,95.0,5.0,50.0,5.0,0.0,90.0,0.2,83.889,0.9500000000000001,0.05,0.03826374433696584,0.998542095462119,96.02153782350764,Transition Leader
Sierra Leone,2022,SLE,8276809.0,11681270534.0,95.0,5.0,50.0,5.0,0.0,90.0,0.2,83.889,0.9500000000000001,0.05,0.03826374433696584,0.998542095462119,96.02153782350764,Transition Leader
Sierra Leone,2023,SLE,8460523.0,,95.238,4.762,47.62,9.524,0.0,85.714,0.21,84.127,0.95238,0.047619999999999996,0.036442390106526265,1.0,96.23174024733684,Transition Leader
Sierra Leone,2024,SLE,8642029.0,,95.238,4.762,47.62,9.524,0.0,85.714,0.21,84.127,0.95238,0.047619999999999996,0.036442390106526265,1.0,96.23174024733684,Transition Leader
Singapore,2000,SGP,4035251.0,152153574500.0,1.547,98.453,657.09,0.0,,,31.67,0.0,0.01547,0.98453,0.5028544753275377,0.48466749975497403,20.626850613136167,Transition Laggard
Singapore,2001,SGP,4116169.0,152550774197.0,2.087,97.913,598.31,0.0,,,33.06,0.5400000000000003,0.020870000000000003,0.97913,0.4578716174850006,0.487975350387141,22.1250398186821,Transition Laggard
Singapore,2002,SGP,4146898.0,157982989858.0,2.222,97.778,586.27,0.0,,,34.66,0.675,0.02222,0.9777800000000001,0.4486577078486592,0.4888023130451828,22.44879199946126,Transition Laggard
Singapore,2003,SGP,4138241.0,160287778605.0,2.803,97.197,570.5,0.0,,,35.32,1.256,0.02803,0.97197,0.4365893228847802,0.49236131529942173,23.152486657371824,Transition Laggard
Singapore,2004,SGP,4172767.0,175483138246.0,2.607,97.393,555.68,0.0,,,36.82,1.0600000000000003,0.026070000000000003,0.9739300000000001,0.4252479490633035,0.4911606880329315,23.300411593911385,Transition Laggard
Singapore,2005,SGP,4268363.0,190691514722.0,2.512,97.488,545.53,0.0,,,38.22,0.9650000000000001,0.02512,0.97488,0.41748040896289945,0.49057875134764284,23.42887104614216,Transition Laggard
Singapore,2006,SGP,4407064.0,211578605777.0,2.406,97.594,539.38,0.0,,,39.49,0.8590000000000002,0.02406,0.9759399999999999,0.4127739684094527,0.4899294325198471,23.473192277561395,Transition Laggard
Singapore,2007,SGP,4596516.0,237920174358.0,2.407,97.593,537.81,0.0,,,41.13,0.8600000000000001,0.02407,0.9759300000000001,0.41157248683727193,0.48993555816916595,23.50392120160569,Transition Laggard
Singapore,2008,SGP,4806742.0,252508208683.0,2.496,97.504,534.2,0.0,,,41.67,0.9490000000000001,0.02496,0.97504,0.40880984449614305,0.4904807409585416,23.634565001974547,Transition Laggard
Singapore,2009,SGP,4968574.0,256114472232.0,2.512,97.488,533.49,0.0,,,41.8,0.9650000000000001,0.02512,0.97488,0.4082664993265581,0.49057875134764284,23.65921878705069,Transition Laggard
Singapore,2010,SGP,5077020.0,297586792174.0,2.601,97.399,539.68,0.0,,,45.36,1.054,0.026010000000000002,0.97399,0.4130035508754744,0.49112393413701855,23.60237024016842,Transition Laggard
Singapore,2011,SGP,5182242.0,319718127421.0,2.609,97.391,538.04,0.0,,,46.0,1.062,0.026090000000000002,0.97391,0.411748500061222,0.49117293933156914,23.639281588442987,Transition Laggard
Singapore,2012,SGP,5293345.0,333899221028.0,2.706,97.294,525.57,0.0,,,46.94,1.159,0.02706,0.97294,0.40220552222358275,0.49176712731549543,23.94496885414286,Transition Laggard
Singapore,2013,SGP,5385589.0,349985256634.0,3.523,96.477,507.61,0.0,,,47.97,1.9760000000000002,0.035230000000000004,0.96477,0.3884611852577446,0.49677178280897777,24.85384711069105,Transition Laggard
Singapore,2014,SGP,5457899.0,363759075569.0,2.799,97.201,506.9,0.0,,,49.3,1.252,0.02799,0.9720099999999999,0.38791784008815966,0.4923368127021464,24.366506188328206,Transition Laggard
Singapore,2015,SGP,5525343.0,374587437267.0,2.904,97.096,506.96,0.0,,,50.28,1.357,0.02904,0.97096,0.387963756581364,0.49298000588062335,24.438006173675248,Transition Laggard
Singapore,2016,SGP,5577936.0,388078809982.0,2.908,97.092,506.49,0.174,,,51.59,1.361,0.029079999999999998,0.97092,0.38760407738459657,0.4930045084778987,24.449765692553566,Transition Laggard
Singapore,2017,SGP,5604087.0,405715948493.0,2.888,97.112,507.27,0.23,,,52.28,1.341,0.02888,0.97112,0.3882009917962532,0.4928819954915221,24.4210051374665,Transition Laggard
Singapore,2018,SGP,5634366.0,420221993120.0,2.813,97.187,507.08,0.264,,,52.97,1.2660000000000002,0.028130000000000002,0.97187,0.38805558956777275,0.49242257179261,24.37274883769483,Transition Laggard
Singapore,2019,SGP,5669562.0,425816263950.0,2.789,97.211,506.1,0.351,,,54.14,1.2420000000000002,0.02789,0.97211,0.38730562017876824,0.49227555620895813,24.374892838665165,Transition Laggard
Singapore,2020,SGP,5620151.0,409204971045.0,2.808,97.192,504.62,0.565,,,53.07,1.261,0.028079999999999997,0.97192,0.38617301334639403,0.4923919435460159,24.416353819530386,Transition Laggard
Singapore,2021,SGP,5546291.0,445551993008.0,2.904,97.096,506.18,0.717,,,55.79,1.357,0.02904,0.97096,0.38736684216970735,0.49298000588062335,24.452929033966665,Transition Laggard
Singapore,2022,SGP,5649888.0,461801118473.0,4.093,95.907,504.22,1.177,,,56.92,2.5460000000000003,0.04093,0.95907,0.3858669033916983,0.5002634029207096,25.313078459018186,Transition Laggard
Singapore,2023,SGP,5789092.0,,4.536,95.464,500.87,1.64,,,57.32,2.989,0.04536,0.95464,0.3833032325211216,0.5029770655689503,25.683675170506216,Transition Laggard
Singapore,2024,SGP,5832387.0,,4.932,95.068,498.74,2.147,,,59.61,3.3850000000000007,0.04932,0.95068,0.38167319701236685,0.5054028226992061,25.998412415178922,Transition Laggard
Singapore,2025,SGP,5870749.0,,5.486,94.514,497.09,2.727,,,60.15,3.939,0.05486,0.94514,0.38041049344924693,0.5087964324218367,26.413284150096377,Transition Laggard
Slovakia,2000,SVK,5380001.0,74595099937.0,14.977,31.449,251.14,0.0,,14.977,30.78,0.0,0.14977000000000001,0.31449000000000005,0.192191135055712,0.48466749975497403,49.84493411993181,Mixed Performer
Slovakia,2001,SVK,5379439.0,76744257548.0,15.965,30.295,250.47,0.0,,15.493,31.82,0.9879999999999995,0.15965000000000001,0.30295,0.19167840088159668,0.49071964128197587,50.582834597189716,Mixed Performer
Slovakia,2002,SVK,5377685.0,80059373942.0,16.843,27.377,225.3,0.0,,16.377,32.18,1.8659999999999997,0.16843,0.27377,0.17241643198236808,0.4960979613839067,52.181858621199396,Mixed Performer
Slovakia,2003,SVK,5376197.0,84281952821.0,11.556,30.794,257.26,0.0,0.0,11.233,30.98,-3.421000000000001,0.11556,0.30794,0.19687461736255663,0.4637116534352641,48.379909367465046,Mixed Performer
Slovakia,2004,SVK,5376038.0,88594621302.0,13.559,30.532,253.12,0.0,0.033,13.46,30.46,-1.418000000000001,0.13559,0.30532,0.19370637933145587,0.4759813290208762,49.409710452026744,Mixed Performer
Slovakia,2005,SVK,5376697.0,94444699022.0,14.933,28.494,239.31,0.0,0.032,14.805,31.34,-0.04400000000000048,0.14933,0.28494,0.1831379331455859,0.4843979711849456,50.79057123913453,Mixed Performer
Slovakia,2006,SVK,5376847.0,102275719553.0,15.392,26.976,231.04,0.0,0.032,14.08,31.25,0.41499999999999915,0.15392,0.26976,0.17680910983225173,0.4872096442222876,51.53111691752802,Mixed Performer
Slovakia,2007,SVK,5376993.0,113160253049.0,17.702,27.253,235.19,0.0,0.036,15.978,27.85,2.7250000000000014,0.17702,0.27253,0.17998500061221992,0.5013598941487798,52.4032233969262,Mixed Performer
Slovakia,2008,SVK,5379127.0,119380219073.0,15.923,25.889,223.69,0.0,0.035,14.077,28.7,0.9459999999999997,0.15923,0.25889,0.17118433941471778,0.49046236401058513,52.17812697479083,Mixed Performer
Slovakia,2009,SVK,5385074.0,112760232233.0,18.974,26.726,220.98,0.0,0.039,16.853,25.93,3.997,0.18974000000000002,0.26726,0.16911044447165421,0.5091517200823288,53.36891468944357,Mixed Performer
Slovakia,2010,SVK,5391857.0,118344324253.0,21.668,25.273,205.03,0.073,0.036,19.155,27.46,6.690999999999999,0.21667999999999998,0.25273,0.15690431002816213,0.5256542193472508,55.227755539504706,Mixed Performer
Slovakia,2011,SVK,5398105.0,120554965758.0,17.68,27.829,214.29,1.414,0.0,13.366,28.28,2.7029999999999994,0.1768,0.27829000000000004,0.16399075547936817,0.5012251298637656,52.649358060972276,Mixed Performer
Slovakia,2012,SVK,5404877.0,122144694992.0,19.329,25.936,203.53,1.484,0.035,14.488,28.3,4.352,0.19329000000000002,0.25936,0.15575639769805313,0.5113263255905126,54.05713494140636,Mixed Performer
Slovakia,2013,SVK,5410422.0,122917618179.0,22.316,22.526,181.75,2.07,0.035,17.018,28.5,7.338999999999999,0.22316,0.22526000000000002,0.13908871066487083,0.5296236401058512,56.646236834966004,Mixed Performer
Slovakia,2014,SVK,5415238.0,126232947119.0,23.0,19.867,172.87,2.212,0.037,15.518,27.13,8.023,0.23,0.19867,0.1322930696706257,0.5338135842399294,57.7831270218333,Mixed Performer
Slovakia,2015,SVK,5420278.0,132755573802.0,22.727,20.361,177.31,1.916,0.038,14.538,26.62,7.75,0.22727,0.20361,0.13569089016774827,0.5321412819758895,57.454046975444626,Mixed Performer
Slovakia,2016,SVK,5427262.0,135336424966.0,24.739,20.149,177.24,1.978,0.037,16.269,26.8,9.762,0.24739000000000003,0.20149,0.1356373209256765,0.544466088405371,58.39745830293865,Mixed Performer
Slovakia,2017,SVK,5435702.0,139312659832.0,23.851,21.152,183.08,1.86,0.036,15.755,27.42,8.873999999999999,0.23851,0.21152,0.14010652626423412,0.5390265118102519,57.64258452054791,Mixed Performer
Slovakia,2018,SVK,5443229.0,144927513498.0,21.793,22.543,191.67,2.176,0.038,13.466,26.66,6.815999999999999,0.21792999999999998,0.22543,0.14668023754132484,0.5264199255121043,56.221092944148445,Mixed Performer
Slovakia,2019,SVK,5450627.0,148579167627.0,23.573,22.262,171.22,2.091,0.035,15.456,28.21,8.596,0.23573,0.22262,0.13103036610750582,0.5373235812996178,57.46914456680662,Mixed Performer
Slovakia,2020,SVK,5455028.0,143565091421.0,24.027,21.817,158.54,2.315,0.0,15.854,28.51,9.05,0.24027,0.21817,0.12132668054365127,0.5401046260903656,58.023602377764206,Mixed Performer
Slovakia,2021,SVK,5442766.0,147892579134.0,22.795,24.242,167.34,2.256,0.0,14.343,29.7,7.818000000000001,0.22795,0.24242000000000002,0.12806109954695727,0.5325578261295697,56.70458990326961,Mixed Performer
Slovakia,2022,SVK,5473195.0,150360426456.0,21.929,18.086,142.05,2.449,0.0,13.866,26.54,6.951999999999998,0.21928999999999998,0.18086,0.10870729766131995,0.5272530138194649,58.34476276575897,Mixed Performer
Slovakia,2023,SVK,5518057.0,,22.723,15.205,115.14,2.066,0.0,15.882,29.53,7.745999999999999,0.22723,0.15205,0.08811375045916493,0.5321167793786141,59.930707929200075,Mixed Performer
Slovakia,2024,SVK,5506759.0,,24.051,14.194,96.55,2.337,0.0,16.362,29.52,9.073999999999998,0.24051,0.14194,0.07388729031468103,0.5402516416740174,61.12594236724323,Emerging Improver
Slovakia,2025,SVK,5474874.0,,18.729,14.845,94.85,2.405,0.0,10.859,29.1,3.751999999999999,0.18728999999999998,0.14845,0.07258632300722419,0.507650935999216,58.64400596480763,Mixed Performer
Slovenia,2000,SVN,1986817.0,43078787444.0,28.655,36.37,361.5,0.0,,28.141,13.61,0.0,0.28655,0.36369999999999997,0.276646871556263,0.48466749975497403,51.29059070741804,Mixed Performer
Slovenia,2001,SVN,1989684.0,44148368411.0,26.727,36.948,367.4,0.0,,26.243,14.48,-1.9280000000000008,0.26727,0.36948000000000003,0.28116199338802494,0.47285724786827404,50.18125888332349,Mixed Performer
Slovenia,2002,SVN,1991571.0,45659924240.0,23.356,38.767,386.3,0.0,,22.671,14.6,-5.2989999999999995,0.23356000000000002,0.38767,0.2956256887473981,0.45220768401450556,47.87532304153263,Mixed Performer
Slovenia,2003,SVN,1992499.0,46758348275.0,22.27,40.058,394.79,0.0,,21.403,13.83,-6.385000000000002,0.2227,0.40058,0.3021228725358149,0.4455552288542585,46.910256619418504,Mixed Performer
Slovenia,2004,SVN,1993548.0,48578174459.0,27.57,36.673,364.11,0.0,,26.785,15.27,-1.0850000000000009,0.2757,0.36673,0.27864423901065266,0.4780211702440459,50.685461578394374,Mixed Performer
Slovenia,2005,SVN,1996915.0,50309132737.0,23.627,37.459,370.62,0.0,,22.899,15.11,-5.028000000000002,0.23626999999999998,0.37459000000000003,0.2836261785233256,0.45386773497990784,48.622061561615475,Mixed Performer
Slovenia,2006,SVN,2003116.0,52944721543.0,24.487,38.782,383.85,0.0,,23.759,15.11,-4.168000000000003,0.24486999999999998,0.38782,0.29375076527488675,0.45913579339409977,48.41821776903932,Mixed Performer
Slovenia,2007,SVN,2014159.0,56590130937.0,22.473,39.628,388.96,0.0,,21.742,15.04,-6.182000000000002,0.22472999999999999,0.39628,0.29766131994612466,0.4467987356659806,47.21899803633659,Mixed Performer
Slovenia,2008,SVN,2025090.0,57981920900.0,26.264,35.527,350.4,0.0,,24.497,16.41,-2.391000000000002,0.26264,0.35527000000000003,0.2681523203134566,0.47002107223365674,50.65715807566844,Mixed Performer
Slovenia,2009,SVN,2035610.0,53266134006.0,29.896,35.082,341.67,0.0,,28.737,16.39,1.2409999999999997,0.29896,0.35082,0.26147147055222236,0.49226943055963934,52.540354694589034,Mixed Performer
Slovenia,2010,SVN,2044611.0,53649775101.0,29.213,35.978,353.63,0.062,,27.798,16.26,0.5579999999999998,0.29213,0.35978000000000004,0.2706241581976246,0.48808561207487994,51.78573022618258,Mixed Performer
Slovenia,2011,SVN,2048805.0,53761447942.0,24.372,36.558,358.67,0.44,,22.362,15.92,-4.283000000000001,0.24372,0.36558,0.27448114362679077,0.45843134372243455,49.40514156516675,Mixed Performer
Slovenia,2012,SVN,2053322.0,52342432631.0,27.846,36.592,359.49,1.029,,25.08,15.55,-0.809000000000001,0.27846,0.36591999999999997,0.275108669033917,0.47971184945604234,50.91606101599271,Mixed Performer
Slovenia,2013,SVN,2056452.0,51803647300.0,32.342,34.114,336.71,1.392,0.0,29.304,15.8,3.6869999999999976,0.32342,0.34114,0.25767570711399534,0.5072527687934921,53.958098854052494,Mixed Performer
Slovenia,2014,SVN,2058395.0,53237651266.0,38.484,24.373,244.32,1.516,0.0,35.51,17.15,9.829,0.38484,0.24373000000000003,0.18697196032814986,0.5448765069097324,60.87499859544223,Emerging Improver
Slovenia,2015,SVN,2059946.0,54414237086.0,29.392,32.432,316.89,1.824,0.068,25.743,14.8,0.7369999999999983,0.29392,0.32432000000000005,0.2425079588588221,0.4891821033029501,53.45423257807369,Mixed Performer
Slovenia,2016,SVN,2061379.0,56151179265.0,31.177,33.58,325.94,1.664,0.062,27.726,16.23,2.5219999999999985,0.31177,0.3358,0.2494336965838129,0.5001163873370578,53.78285339546055,Mixed Performer
Slovenia,2017,SVN,2062410.0,58855036945.0,27.664,33.146,318.38,1.745,0.062,24.112,16.05,-0.9909999999999997,0.27664,0.33146000000000003,0.24364821844006368,0.4785969812800157,52.48364925819864,Mixed Performer
Slovenia,2018,SVN,2069484.0,61476689663.0,32.382,31.762,304.59,1.551,0.062,29.156,16.12,3.7269999999999968,0.32382,0.31762,0.23309507775192848,0.5074977947662452,55.178289977695464,Mixed Performer
Slovenia,2019,SVN,2083438.0,63598215879.0,31.718,31.655,298.93,1.888,0.063,28.194,15.89,3.062999999999999,0.31718,0.31655,0.22876362189298396,0.5034303636185435,55.01991490695356,Mixed Performer
Slovenia,2020,SVN,2102421.0,60849951865.0,33.037,29.366,277.09,2.191,0.059,29.189,16.89,4.381999999999998,0.33037,0.29366,0.21205001836659726,0.5115100950700774,56.59285096688623,Mixed Performer
Slovenia,2021,SVN,2113495.0,65846342756.0,34.894,28.48,269.4,2.886,0.064,30.212,15.59,6.238999999999997,0.34894,0.2848,0.2061650544875719,0.5228854258551406,57.78205502563781,Mixed Performer
Slovenia,2022,SVN,2115231.0,69385349463.0,30.464,27.545,257.49,4.865,0.075,23.578,13.36,1.8089999999999975,0.30463999999999997,0.27545000000000003,0.19705063058650668,0.4957487993727335,56.28611622592834,Mixed Performer
Slovenia,2023,SVN,2118394.0,,40.514,23.473,225.08,6.302,0.064,32.283,15.55,11.859000000000002,0.40514000000000006,0.23473,0.17224807150728544,0.5573115750269528,62.36512183772217,Emerging Improver
Slovenia,2024,SVN,2118692.0,,41.113,23.938,230.4,7.6,0.06,31.957,16.71,12.457999999999998,0.41113,0.23937999999999998,0.17631933390473858,0.5609808389689307,62.411779236915486,Emerging Improver
Slovenia,2025,SVN,2117070.0,,39.623,21.092,183.29,10.377,0.067,27.224,14.84,10.967999999999996,0.39622999999999997,0.21092,0.14026723399044935,0.5518536214838773,63.36617347249691,Emerging Improver
Solomon Islands,2000,SLB,440481.0,,0.0,100.0,666.67,0.0,0.0,0.0,0.06,0.0,0.0,1.0,0.5101858087425003,0.48466749975497403,19.515367277762103,Transition Laggard
Solomon Islands,2001,SLB,449137.0,,0.0,100.0,666.67,0.0,0.0,0.0,0.06,0.0,0.0,1.0,0.5101858087425003,0.48466749975497403,19.515367277762103,Transition Laggard
Solomon Islands,2002,SLB,457676.0,,0.0,100.0,666.67,0.0,0.0,0.0,0.06,0.0,0.0,1.0,0.5101858087425003,0.48466749975497403,19.515367277762103,Transition Laggard
Solomon Islands,2003,SLB,466164.0,,0.0,100.0,666.67,0.0,0.0,0.0,0.06,0.0,0.0,1.0,0.5101858087425003,0.48466749975497403,19.515367277762103,Transition Laggard
Solomon Islands,2004,SLB,474618.0,,0.0,100.0,666.67,0.0,0.0,0.0,0.06,0.0,0.0,1.0,0.5101858087425003,0.48466749975497403,19.515367277762103,Transition Laggard
Solomon Islands,2005,SLB,483090.0,,0.0,100.0,714.29,0.0,0.0,0.0,0.07,0.0,0.0,1.0,0.5466281988490266,0.48466749975497403,18.604307525098946,Transition Laggard
Solomon Islands,2006,SLB,491602.0,,0.0,100.0,714.29,0.0,0.0,0.0,0.07,0.0,0.0,1.0,0.5466281988490266,0.48466749975497403,18.604307525098946,Transition Laggard
Solomon Islands,2007,SLB,500168.0,,0.0,100.0,625.0,0.0,0.0,0.0,0.08,0.0,0.0,1.0,0.478296804212073,0.48466749975497403,20.312592391022786,Transition Laggard
Solomon Islands,2008,SLB,508802.0,,0.0,100.0,625.0,0.0,0.0,0.0,0.08,0.0,0.0,1.0,0.478296804212073,0.48466749975497403,20.312592391022786,Transition Laggard
Solomon Islands,2009,SLB,518150.0,,0.0,100.0,625.0,0.0,0.0,0.0,0.08,0.0,0.0,1.0,0.478296804212073,0.48466749975497403,20.312592391022786,Transition Laggard
Solomon Islands,2010,SLB,532976.0,,0.0,100.0,625.0,0.0,0.0,0.0,0.08,0.0,0.0,1.0,0.478296804212073,0.48466749975497403,20.312592391022786,Transition Laggard
Solomon Islands,2011,SLB,552958.0,,0.0,100.0,625.0,0.0,0.0,0.0,0.08,0.0,0.0,1.0,0.478296804212073,0.48466749975497403,20.312592391022786,Transition Laggard
Solomon Islands,2012,SLB,573623.0,,0.0,100.0,625.0,0.0,0.0,0.0,0.08,0.0,0.0,1.0,0.478296804212073,0.48466749975497403,20.312592391022786,Transition Laggard
Solomon Islands,2013,SLB,594952.0,,0.0,100.0,625.0,0.0,0.0,0.0,0.08,0.0,0.0,1.0,0.478296804212073,0.48466749975497403,20.312592391022786,Transition Laggard
Solomon Islands,2014,SLB,616915.0,,0.0,100.0,666.67,0.0,0.0,0.0,0.09,0.0,0.0,1.0,0.5101858087425003,0.48466749975497403,19.515367277762103,Transition Laggard
Solomon Islands,2015,SLB,639423.0,,0.0,100.0,666.67,0.0,0.0,0.0,0.09,0.0,0.0,1.0,0.5101858087425003,0.48466749975497403,19.515367277762103,Transition Laggard
Solomon Islands,2016,SLB,662387.0,,0.0,100.0,700.0,0.0,0.0,0.0,0.1,0.0,0.0,1.0,0.5356924207175218,0.48466749975497403,18.877701978386565,Transition Laggard
Solomon Islands,2017,SLB,685677.0,,0.0,100.0,700.0,0.0,0.0,0.0,0.1,0.0,0.0,1.0,0.5356924207175218,0.48466749975497403,18.877701978386565,Transition Laggard
Solomon Islands,2018,SLB,709109.0,,0.0,100.0,700.0,0.0,0.0,0.0,0.1,0.0,0.0,1.0,0.5356924207175218,0.48466749975497403,18.877701978386565,Transition Laggard
Solomon Islands,2019,SLB,728156.0,,0.0,100.0,700.0,0.0,0.0,0.0,0.1,0.0,0.0,1.0,0.5356924207175218,0.48466749975497403,18.877701978386565,Transition Laggard
Solomon Islands,2020,SLB,744505.0,,0.0,100.0,700.0,0.0,0.0,0.0,0.1,0.0,0.0,1.0,0.5356924207175218,0.48466749975497403,18.877701978386565,Transition Laggard
Solomon Islands,2021,SLB,762594.0,,0.0,100.0,700.0,0.0,0.0,0.0,0.1,0.0,0.0,1.0,0.5356924207175218,0.48466749975497403,18.877701978386565,Transition Laggard
Solomon Islands,2022,SLB,781075.0,,9.091,90.909,636.36,9.091,0.0,0.0,0.11,9.091,0.09090999999999999,0.9090900000000001,0.48699032692543165,0.5403557777124375,26.38517849255077,Transition Laggard
Solomon Islands,2023,SLB,800014.0,,9.091,90.909,636.36,9.091,0.0,0.0,0.11,9.091,0.09090999999999999,0.9090900000000001,0.48699032692543165,0.5403557777124375,26.38517849255077,Transition Laggard
Solomon Islands,2024,SLB,819206.0,,9.091,90.909,636.36,9.091,0.0,0.0,0.11,9.091,0.09090999999999999,0.9090900000000001,0.48699032692543165,0.5403557777124375,26.38517849255077,Transition Laggard
Somalia,2000,SOM,8838714.0,,0.0,100.0,640.0,0.0,0.0,0.0,0.25,0.0,0.0,1.0,0.48977592751316273,0.48466749975497403,20.02561430849554,Transition Laggard
Somalia,2001,SOM,9198495.0,,0.0,100.0,653.85,0.0,0.0,0.0,0.26,0.0,0.0,1.0,0.5003749846945023,0.48466749975497403,19.760637878962054,Transition Laggard
Somalia,2002,SOM,9550069.0,,0.0,100.0,666.67,0.0,0.0,0.0,0.27,0.0,0.0,1.0,0.5101858087425003,0.48466749975497403,19.515367277762103,Transition Laggard
Somalia,2003,SOM,9909161.0,,0.0,100.0,642.86,0.0,0.0,0.0,0.28,0.0,0.0,1.0,0.4919646136892372,0.48466749975497403,19.970897154093677,Transition Laggard
Somalia,2004,SOM,10281001.0,,0.0,100.0,642.86,0.0,0.0,0.0,0.28,0.0,0.0,1.0,0.4919646136892372,0.48466749975497403,19.970897154093677,Transition Laggard
Somalia,2005,SOM,10644234.0,,0.0,100.0,655.17,0.0,0.0,0.0,0.29,0.0,0.0,1.0,0.5013851475449982,0.48466749975497403,19.735383807699655,Transition Laggard
Somalia,2006,SOM,10975502.0,,0.0,100.0,666.67,0.0,0.0,0.0,0.3,0.0,0.0,1.0,0.5101858087425003,0.48466749975497403,19.515367277762103,Transition Laggard
Somalia,2007,SOM,11322581.0,,0.0,100.0,645.16,0.0,0.0,0.0,0.31,0.0,0.0,1.0,0.4937247459287376,0.48466749975497403,19.926893848106168,Transition Laggard
Somalia,2008,SOM,11663090.0,,0.0,100.0,656.25,0.0,0.0,0.0,0.32,0.0,0.0,1.0,0.5022116444226766,0.48466749975497403,19.714721385757695,Transition Laggard
Somalia,2009,SOM,11961205.0,,0.0,100.0,666.67,0.0,0.0,0.0,0.33,0.0,0.0,1.0,0.5101858087425003,0.48466749975497403,19.515367277762103,Transition Laggard
Somalia,2010,SOM,12261761.0,,0.0,100.0,666.67,0.0,0.0,0.0,0.33,0.0,0.0,1.0,0.5101858087425003,0.48466749975497403,19.515367277762103,Transition Laggard
Somalia,2011,SOM,12348829.0,,0.0,100.0,666.67,0.0,0.0,0.0,0.33,0.0,0.0,1.0,0.5101858087425003,0.48466749975497403,19.515367277762103,Transition Laggard
Somalia,2012,SOM,12461163.0,,0.0,100.0,647.06,0.0,0.0,0.0,0.34,0.0,0.0,1.0,0.4951787682135423,0.48466749975497403,19.890543290986056,Transition Laggard
Somalia,2013,SOM,12869599.0,,0.0,100.0,657.14,0.0,0.0,0.0,0.35,0.0,0.0,1.0,0.5028927390718746,0.48466749975497403,19.697694019527745,Transition Laggard
Somalia,2014,SOM,13339497.0,,0.0,100.0,657.14,0.0,0.0,0.0,0.35,0.0,0.0,1.0,0.5028927390718746,0.48466749975497403,19.697694019527745,Transition Laggard
Somalia,2015,SOM,13806969.0,,0.0,100.0,657.14,0.0,0.0,0.0,0.35,0.0,0.0,1.0,0.5028927390718746,0.48466749975497403,19.697694019527745,Transition Laggard
Somalia,2016,SOM,14348741.0,,2.778,97.222,638.89,2.778,0.0,0.0,0.36,2.778,0.02778,0.97222,0.4889264723888821,0.5016845535626776,21.968906493718112,Transition Laggard
Somalia,2017,SOM,14916630.0,,5.405,94.595,621.62,2.703,2.703,0.0,0.37,5.405,0.05405,0.94595,0.4757101750948941,0.5177766343232383,24.116895137476224,Transition Laggard
Somalia,2018,SOM,15452489.0,,5.405,94.595,621.62,2.703,2.703,0.0,0.37,5.405,0.05405,0.94595,0.4757101750948941,0.5177766343232383,24.116895137476224,Transition Laggard
Somalia,2019,SOM,16030969.0,,5.405,94.595,621.62,2.703,2.703,0.0,0.37,5.405,0.05405,0.94595,0.4757101750948941,0.5177766343232383,24.116895137476224,Transition Laggard
Somalia,2020,SOM,16651200.0,,8.108,91.892,594.6,5.405,2.703,0.0,0.37,8.108,0.08108000000000001,0.91892,0.4550324476551978,0.5343342644320298,26.5040027751005,Transition Laggard
Somalia,2021,SOM,17271435.0,,10.526,89.474,578.95,7.895,2.632,0.0,0.38,10.526,0.10526,0.8947400000000001,0.44305589567772746,0.5491460844849554,28.47639387533114,Transition Laggard
Somalia,2022,SOM,17801895.0,,19.048,80.952,523.81,16.667,2.381,0.0,0.42,19.048,0.19047999999999998,0.80952,0.40085863842292146,0.6013488679800059,35.42756705912705,Transition Laggard
Somalia,2023,SOM,18358622.0,,19.048,80.952,523.81,16.667,2.381,0.0,0.42,19.048,0.19047999999999998,0.80952,0.40085863842292146,0.6013488679800059,35.42756705912705,Transition Laggard
Somalia,2024,SOM,19009155.0,,20.93,79.07,511.63,18.605,2.326,0.0,0.43,20.93,0.2093,0.7907,0.3915375903024366,0.6128773399980398,36.96272034240968,Transition Laggard
South Africa,2000,ZAF,47159715.0,356072104365.0,0.75,93.074,799.44,0.0,0.0,0.522,210.66,0.0,0.0075,0.93074,0.6117913554548794,0.48466749975497403,18.969228609952626,Transition Laggard
South Africa,2001,ZAF,47566805.0,374889022813.0,1.019,93.879,806.27,0.0,0.0,0.819,210.09,0.2689999999999999,0.01019,0.93879,0.617018182931309,0.4863152994217387,18.756174918043357,Transition Laggard
South Africa,2002,ZAF,48019414.0,396137571619.0,1.161,93.404,802.25,0.009,0.0,0.943,220.58,0.41100000000000003,0.01161,0.93404,0.6139417778866169,0.48718514162501225,19.014582677209763,Transition Laggard
South Africa,2003,ZAF,48500351.0,413710071358.0,0.542,94.053,807.63,0.009,0.004,0.354,234.24,-0.20799999999999996,0.00542,0.94053,0.6180589567772744,0.48339336469665783,18.475876551018004,Transition Laggard
South Africa,2004,ZAF,48991420.0,439265862379.0,0.556,93.978,806.92,0.008,0.004,0.388,244.61,-0.19399999999999995,0.005560000000000001,0.93978,0.6175156116076894,0.48347912378712143,18.51439656661459,Transition Laggard
South Africa,2005,ZAF,49490041.0,470188845104.0,0.731,94.66,812.68,0.008,0.004,0.543,244.93,-0.019000000000000017,0.00731,0.9466,0.6219235949553079,0.4845511124179163,18.311026812386043,Transition Laggard
South Africa,2006,ZAF,49998271.0,505574497707.0,1.316,94.732,813.48,0.008,0.004,1.143,253.81,0.5660000000000001,0.013160000000000002,0.94732,0.6225358148646994,0.4881346172694306,18.53622388742397,Transition Laggard
South Africa,2007,ZAF,50528575.0,542976204451.0,1.264,94.44,810.05,0.008,0.004,1.089,263.49,0.514,0.01264,0.9444,0.6199109220031835,0.4878160835048515,18.651868202493183,Transition Laggard
South Africa,2008,ZAF,51114595.0,571660802378.0,0.681,94.285,809.4,0.008,0.008,0.488,258.29,-0.06899999999999995,0.006810000000000001,0.94285,0.619413493326803,0.48424482995197493,18.44543511610955,Transition Laggard
South Africa,2009,ZAF,51728518.0,574768021657.0,0.781,94.086,807.9,0.008,0.012,0.581,249.56,0.031000000000000028,0.00781,0.94086,0.618265580996694,0.4848573948838577,18.568071398340514,Transition Laggard
South Africa,2010,ZAF,52344047.0,607601612432.0,0.613,94.175,807.62,0.008,0.012,0.439,259.59,-0.137,0.00613,0.94175,0.618051304028407,0.4838282857982946,18.476941686264244,Transition Laggard
South Africa,2011,ZAF,52995212.0,645388107070.0,1.345,93.74,803.57,0.008,0.015,1.166,262.48,0.595,0.01345,0.9374,0.6149519407371128,0.48831226109967657,18.986635398067328,Transition Laggard
South Africa,2012,ZAF,53782570.0,660853021773.0,0.586,94.385,807.04,0.012,0.016,0.396,257.87,-0.16400000000000003,0.00586,0.9438500000000001,0.6176074445940982,0.48366289326668627,18.423607284147835,Transition Laggard
South Africa,2013,ZAF,54678789.0,677278303675.0,0.652,93.835,799.69,0.02,0.016,0.43,255.95,-0.09799999999999998,0.006520000000000001,0.9383499999999999,0.6119826741765643,0.4840671861217289,18.73089093741183,Transition Laggard
South Africa,2014,ZAF,55594840.0,686853872664.0,1.692,92.896,791.58,0.424,0.42,0.707,254.77,0.942,0.01692,0.92896,0.6057762948451084,0.4904378614133098,19.580360550071934,Transition Laggard
South Africa,2015,ZAF,56723536.0,695933197143.0,2.607,92.497,790.96,0.96,1.228,0.292,250.05,1.8570000000000002,0.026070000000000003,0.9249700000000001,0.60530182441533,0.4960428305400372,20.09629684771731,Transition Laggard
South Africa,2016,ZAF,57259550.0,700558003750.0,3.232,90.823,779.4,1.191,1.665,0.245,252.81,2.482,0.03232,0.90823,0.5964552467246235,0.4998713613643046,21.012139252348984,Transition Laggard
South Africa,2017,ZAF,57635158.0,708670169977.0,4.754,89.684,768.91,1.544,2.751,0.306,255.14,4.004,0.04754,0.89684,0.588427513162728,0.5091945996275605,22.170131165345207,Transition Laggard
South Africa,2018,ZAF,58613001.0,719458334697.0,4.869,90.613,774.68,1.771,2.501,0.429,256.3,4.119,0.04869,0.90613,0.5928431492592139,0.5098990492992257,21.87830700800804,Transition Laggard
South Africa,2019,ZAF,59587880.0,721641639539.0,5.216,89.548,764.26,2.134,2.62,0.292,253.07,4.466,0.052160000000000005,0.89548,0.5848689849393902,0.512024649612859,22.497245120708126,Transition Laggard
South Africa,2020,ZAF,60562374.0,675871755463.0,6.343,89.545,763.15,2.899,2.663,0.611,240.74,5.593,0.06343,0.8954500000000001,0.5840195298151096,0.5189282563951779,23.017235600549927,Transition Laggard
South Africa,2021,ZAF,61502602.0,709077881289.0,7.708,87.261,741.51,3.194,3.524,0.823,245.46,6.958,0.07708000000000001,0.87261,0.5674589812660707,0.5272897677153778,24.605421984078898,Transition Laggard
South Africa,2022,ZAF,62378417.0,723559323969.0,9.876,85.901,729.02,4.373,4.056,1.296,239.17,9.126,0.09876,0.8590099999999999,0.5579006979306967,0.5405701754385965,26.14238518331153,Transition Laggard
South Africa,2023,ZAF,63212386.0,,12.398,84.125,714.4,6.358,4.98,0.859,232.95,11.648,0.12397999999999999,0.84125,0.5467123790865679,0.5560190630206802,27.980526468146007,Transition Laggard
South Africa,2024,ZAF,64007187.0,,12.512,84.337,717.36,7.393,4.484,0.444,247.52,11.762,0.12512,0.8433700000000001,0.5489775927513163,0.5567173870430265,27.92127098686249,Transition Laggard
South Africa,2025,ZAF,64747319.0,,13.635,82.159,699.29,8.024,4.663,0.754,242.76,12.885,0.13635,0.82159,0.5351490755479368,0.5635964912280702,29.307720479722633,Transition Laggard
South Korea,2000,KOR,46766660.0,1086261690312.0,1.418,61.067,461.59,0.003,0.007,1.381,290.45,0.0,0.01418,0.61067,0.3532432349700012,0.48466749975497403,33.66848162207457,Transition Laggard
South Korea,2001,KOR,47043467.0,1127616204375.0,0.787,63.028,475.31,0.003,0.003,0.752,309.88,-0.6309999999999999,0.00787,0.63028,0.36374280641606466,0.4808022150347937,32.63691306512029,Transition Laggard
South Korea,2002,KOR,47299118.0,1203066586464.0,1.033,63.094,472.79,0.003,0.003,0.973,332.01,-0.385,0.010329999999999999,0.6309400000000001,0.3618143137014816,0.4823091247672253,32.77732902897134,Transition Laggard
South Korea,2003,KOR,47514158.0,1229830453921.0,1.469,61.245,457.89,0.003,0.006,1.406,347.77,0.051000000000000156,0.014690000000000002,0.6124499999999999,0.3504117178890657,0.48497990787023426,33.717305670826875,Transition Laggard
South Korea,2004,KOR,47697076.0,1281243847324.0,1.266,63.217,462.61,0.003,0.014,1.171,368.02,-0.1519999999999999,0.012660000000000001,0.63217,0.35402381535447536,0.4837364010585122,33.0443006320158,Transition Laggard
South Korea,2005,KOR,47851646.0,1322354601142.0,1.045,61.268,449.59,0.003,0.033,0.942,389.47,-0.373,0.01045,0.61268,0.3440599363291294,0.4823826325590513,33.682991080157535,Transition Laggard
South Korea,2006,KOR,48006518.0,1381281470156.0,0.988,62.101,451.18,0.007,0.06,0.861,402.99,-0.42999999999999994,0.00988,0.62101,0.34527672339904497,0.4820334705478781,33.41913397324204,Transition Laggard
South Korea,2007,KOR,48178122.0,1446721509093.0,1.048,65.351,473.64,0.016,0.089,0.853,425.41,-0.3699999999999999,0.010480000000000001,0.65351,0.36246479735521,0.48240100950700776,32.203445208724865,Transition Laggard
South Korea,2008,KOR,48356485.0,1477425172333.0,1.003,64.89,477.26,0.063,0.099,0.694,442.61,-0.41500000000000004,0.010029999999999999,0.6489,0.3652350924452063,0.4821253552876605,32.229553018184745,Transition Laggard
South Korea,2009,KOR,48546690.0,1477640571750.0,1.019,66.321,495.28,0.126,0.153,0.621,452.45,-0.399,0.01019,0.66321,0.3790253459042488,0.4822233656767617,31.534116837545206,Transition Laggard
South Korea,2010,KOR,48769329.0,1562822824921.0,1.149,68.832,500.21,0.156,0.166,0.743,495.03,-0.2689999999999999,0.01149,0.6883199999999999,0.3827981510958736,0.4830197000882094,30.869491723926302,Transition Laggard
South Korea,2011,KOR,49127640.0,1609219825000.0,1.428,68.712,497.09,0.178,0.166,0.888,518.16,0.010000000000000009,0.01428,0.6871200000000001,0.38041049344924693,0.4847287562481623,31.08246900749126,Transition Laggard
South Korea,2012,KOR,49599580.0,1647889319531.0,1.538,70.162,501.89,0.213,0.171,0.747,531.21,0.1200000000000001,0.015380000000000001,0.70162,0.3840838129055957,0.48540257767323336,30.676743342458607,Transition Laggard
South Korea,2013,KOR,50071168.0,1700045113031.0,1.904,72.26,511.75,0.311,0.214,0.799,537.16,0.486,0.019039999999999998,0.7226,0.39162942328884537,0.48764456532392436,30.125332897637737,Transition Laggard
South Korea,2014,KOR,50539055.0,1754480590300.0,2.385,68.67,493.39,0.498,0.213,0.509,540.38,0.9669999999999999,0.02385,0.6867,0.3775789763683115,0.4905910026462805,31.586640630486418,Transition Laggard
South Korea,2015,KOR,50983909.0,1803763858886.0,2.775,67.149,487.64,0.772,0.245,0.392,547.8,1.357,0.02775,0.67149,0.37317864576956045,0.49298000588062335,32.24923394397033,Transition Laggard
South Korea,2016,KOR,51297836.0,1856920794289.0,3.232,67.892,489.38,0.984,0.299,0.508,560.98,1.8140000000000003,0.03232,0.67892,0.37451022407248685,0.49577942761932764,32.23213581247774,Transition Laggard
South Korea,2017,KOR,51486268.0,1915599559593.0,3.874,70.375,511.48,1.343,0.376,0.488,576.41,2.4560000000000004,0.038740000000000004,0.70375,0.39142279906942573,0.4997120944820151,31.472261440494588,Transition Laggard
South Korea,2018,KOR,51640894.0,1971285914824.0,4.689,72.794,518.81,1.715,0.415,0.567,592.91,3.271,0.04689,0.72794,0.3970322639892249,0.5047044986768597,31.087410880422272,Transition Laggard
South Korea,2019,KOR,51767844.0,2015521635585.0,5.625,69.509,496.97,2.418,0.457,0.475,586.8,4.207,0.05625,0.69509,0.3803186604628383,0.5104381064392826,32.740105085018286,Transition Laggard
South Korea,2020,KOR,51858481.0,2001231642062.0,7.0,65.244,457.63,3.351,0.546,0.672,577.11,5.582,0.07,0.65244,0.3502127464185135,0.5188608742526708,35.16659445332722,Transition Laggard
South Korea,2021,KOR,51848401.0,2084182684453.0,7.914,66.087,459.46,4.067,0.523,0.502,607.76,6.4959999999999996,0.07914,0.6608700000000001,0.3516131994612465,0.5244597177300794,35.324715779420025,Transition Laggard
South Korea,2022,KOR,51782515.0,2137558645699.0,8.913,62.81,438.06,4.936,0.541,0.569,622.59,7.495,0.08913,0.6281,0.3352363168850251,0.5305792413995883,36.9948306988682,Transition Laggard
South Korea,2023,KOR,51748744.0,,9.566,61.204,427.29,5.383,0.549,0.602,617.49,8.148000000000001,0.09566000000000001,0.61204,0.32699430635484267,0.5345792904047829,37.89093169720068,Transition Laggard
South Korea,2024,KOR,51717587.0,,9.709,60.109,415.51,5.232,0.537,0.688,625.38,8.291,0.09709,0.60109,0.3179793681890535,0.5354552582573753,38.45324466913429,Transition Laggard
South Korea,2025,KOR,51667035.0,,10.394,60.042,417.06,6.051,0.583,0.608,624.66,8.976,0.10394,0.6004200000000001,0.31916554426349947,0.5396513280407723,38.743031314024094,Transition Laggard
South Sudan,2012,SSD,10756245.0,,0.0,100.0,659.09,0.0,0.0,0.0,0.44,0.0,0.0,1.0,0.5043850251010163,0.48466749975497403,19.6603868687992,Transition Laggard
South Sudan,2013,SSD,11166280.0,,0.0,100.0,659.57,0.0,0.0,0.0,0.47,0.0,0.0,1.0,0.5047523570466512,0.48466749975497403,19.65120357015833,Transition Laggard
South Sudan,2014,SSD,11235071.0,,0.0,100.0,666.67,0.0,0.0,0.0,0.48,0.0,0.0,1.0,0.5101858087425003,0.48466749975497403,19.515367277762103,Transition Laggard
South Sudan,2015,SSD,11107569.0,,0.0,100.0,655.17,0.0,0.0,0.0,0.58,0.0,0.0,1.0,0.5013851475449982,0.48466749975497403,19.735383807699655,Transition Laggard
South Sudan,2016,SSD,10830108.0,,0.0,100.0,653.85,0.0,0.0,0.0,0.52,0.0,0.0,1.0,0.5003749846945023,0.48466749975497403,19.760637878962054,Transition Laggard
South Sudan,2017,SSD,10259150.0,,0.0,100.0,666.67,0.0,0.0,0.0,0.54,0.0,0.0,1.0,0.5101858087425003,0.48466749975497403,19.515367277762103,Transition Laggard
South Sudan,2018,SSD,10122983.0,,0.0,100.0,666.67,0.0,0.0,0.0,0.54,0.0,0.0,1.0,0.5101858087425003,0.48466749975497403,19.515367277762103,Transition Laggard
South Sudan,2019,SSD,10423382.0,,0.0,100.0,654.55,0.0,0.0,0.0,0.55,0.0,0.0,1.0,0.5009106771152197,0.48466749975497403,19.747245568444114,Transition Laggard
South Sudan,2020,SSD,10698471.0,,1.786,98.214,642.86,1.786,0.0,0.0,0.56,1.786,0.01786,0.98214,0.4919646136892372,0.4956079094384005,21.206603299345076,Transition Laggard
South Sudan,2021,SSD,10865786.0,,1.754,98.246,649.12,1.754,0.0,0.0,0.57,1.754,0.01754,0.98246,0.4967552344802253,0.495411888660198,21.064697467897336,Transition Laggard
South Sudan,2022,SSD,11021175.0,,1.961,98.039,647.06,1.961,0.0,0.0,0.51,1.961,0.019610000000000002,0.98039,0.4951787682135423,0.4966798980691953,21.24732926569937,Transition Laggard
South Sudan,2023,SSD,11483370.0,,1.786,98.214,642.86,1.786,0.0,0.0,0.56,1.786,0.01786,0.98214,0.4919646136892372,0.4956079094384005,21.206603299345076,Transition Laggard
South Sudan,2024,SSD,11943410.0,,1.786,98.214,642.86,1.786,0.0,0.0,0.56,1.786,0.01786,0.98214,0.4919646136892372,0.4956079094384005,21.206603299345076,Transition Laggard
Spain,2000,ESP,41019772.0,1094998702299.0,15.612,56.229,470.89,0.005,2.141,12.792,220.92,0.0,0.15612,0.56229,0.36036029141667686,0.48466749975497403,39.66795521090769,Transition Laggard
Spain,2001,ESP,41245602.0,1147959133197.0,21.152,51.512,422.49,0.009,2.9,17.544,233.07,5.540000000000001,0.21152,0.51512,0.3233209868984939,0.51860359698128,44.22122928225685,Mixed Performer
Spain,2002,ESP,41755703.0,1191323484900.0,13.826,59.906,481.89,0.008,3.893,8.845,239.91,-1.7859999999999996,0.13826000000000002,0.59906,0.36877831517080933,0.47372709007154756,37.74904847180298,Transition Laggard
Spain,2003,ESP,42506540.0,1239651963472.0,21.667,54.283,429.23,0.008,4.691,15.733,257.3,6.0550000000000015,0.21667000000000003,0.54283,0.32847893963511693,0.5217583063804764,43.62710110482922,Mixed Performer
Spain,2004,ESP,43234562.0,1289831715789.0,18.123,58.881,449.12,0.007,5.676,11.236,276.61,2.511000000000001,0.18123,0.5888100000000001,0.34370025713236196,0.5000490051945506,40.531028649609205,Mixed Performer
Spain,2005,ESP,43958883.0,1348839731490.0,14.603,65.519,475.06,0.017,7.317,6.353,289.46,-1.0090000000000003,0.14603,0.65519,0.36355148769437984,0.4784867195922768,36.81981360152465,Transition Laggard
Spain,2006,ESP,44695446.0,1415738502534.0,17.643,62.015,432.76,0.041,7.883,8.782,295.59,2.0310000000000006,0.17643,0.62015,0.3311803599853067,0.49710869352151327,39.84842140319003,Transition Laggard
Spain,2007,ESP,45516501.0,1481143208580.0,19.314,62.433,438.85,0.172,9.133,9.047,301.86,3.702,0.19314,0.62433,0.3358408840455492,0.5073446535332745,40.36579770186039,Mixed Performer
Spain,2008,ESP,46235055.0,1510615290401.0,20.062,60.903,390.23,0.833,10.636,7.541,309.79,4.450000000000001,0.20062000000000002,0.60903,0.29863321905228357,0.5119266392237577,42.00901911204928,Mixed Performer
Spain,2009,ESP,46635182.0,1468765814163.0,25.482,56.37,355.02,2.084,13.112,9.084,290.72,9.87,0.25482,0.5637,0.27168789029019225,0.5451276585318043,46.210917620722256,Mixed Performer
Spain,2010,ESP,46840469.0,1480376411582.0,32.831,46.353,288.25,2.414,14.866,14.204,297.8,17.219,0.32831000000000005,0.46353,0.22059048610260806,0.5901450553758698,53.24001367807285,Mixed Performer
Spain,2011,ESP,46998040.0,1477187548437.0,30.023,50.178,337.28,3.224,14.722,10.496,291.54,14.411,0.30023,0.50178,0.25811191379943677,0.5729442320886013,50.104915636343094,Mixed Performer
Spain,2012,ESP,47018323.0,1433478645419.0,29.587,49.502,351.11,4.072,16.829,6.991,293.95,13.975,0.29587,0.49502,0.2686956654830415,0.5702734489855925,49.816660097707846,Mixed Performer
Spain,2013,ESP,46860394.0,1413362053623.0,39.583,40.261,286.86,4.654,19.768,13.1,281.46,23.970999999999997,0.39583,0.40261,0.21952675401004043,0.6315054395765951,57.773212743397906,Mixed Performer
Spain,2014,ESP,46720187.0,1433089409797.0,40.176,38.941,288.99,4.981,18.951,14.273,274.44,24.564,0.40176,0.38941000000000003,0.22115678951879517,0.63513794962266,58.32449950637002,Mixed Performer
Spain,2015,ESP,46683683.0,1488098863146.0,35.025,44.337,328.5,5.001,17.794,10.153,277.17,19.412999999999997,0.35025,0.44337000000000004,0.25139280029386557,0.603584729981378,53.943450942374035,Mixed Performer
Spain,2016,ESP,46732768.0,1533303930046.0,38.652,39.69,282.93,5.039,18.064,13.447,270.7,23.04,0.38652000000000003,0.3969,0.2165192237051549,0.6258024600607665,57.579756308282626,Mixed Performer
Spain,2017,ESP,46868594.0,1578931492849.0,32.282,46.409,329.17,5.287,18.037,6.726,272.38,16.669999999999995,0.32282,0.46409,0.2519055344679809,0.5867820738998334,52.20054274679797,Mixed Performer
Spain,2018,ESP,47092817.0,1615001473949.0,38.272,41.179,290.86,4.694,18.751,12.649,271.4,22.659999999999997,0.38272,0.41179000000000004,0.2225878535569977,0.6234747133196119,56.887874360869226,Mixed Performer
Spain,2019,ESP,47435121.0,1647042667976.0,37.332,41.099,246.67,5.582,20.571,9.112,270.52,21.72,0.37332000000000004,0.41098999999999997,0.18877035631198727,0.6177166029599137,57.33794013659903,Mixed Performer
Spain,2020,ESP,47679482.0,1460507935923.0,43.855,33.676,199.1,7.966,21.752,11.759,259.47,28.242999999999995,0.43855,0.33676,0.15236622994979795,0.6576742134666275,62.98620745325446,Emerging Improver
Spain,2021,ESP,47735670.0,1541121952313.0,46.445,32.665,193.54,10.009,22.922,10.944,270.75,30.833,0.46445000000000003,0.32665,0.14811130157952737,0.6735396452023914,64.48981213854769,Emerging Improver
Spain,2022,ESP,47828386.0,1625139888517.0,42.803,36.793,217.13,12.439,21.863,6.126,287.15,27.190999999999995,0.42802999999999997,0.36793,0.16616413615770784,0.6512300303832206,61.39714705180561,Emerging Improver
Spain,2023,ESP,47911583.0,,51.514,28.111,169.68,17.409,23.03,8.957,279.11,35.902,0.51514,0.28111,0.12985184278192727,0.7045905615995296,68.32471235444476,Emerging Improver
Spain,2024,ESP,47910533.0,,57.336,23.254,146.22,20.748,22.14,12.248,280.94,41.724,0.57336,0.23254000000000002,0.1118984939390229,0.740254091933745,72.5604490305306,Emerging Improver
Spain,2025,ESP,47889960.0,,55.858,25.36,153.6,21.849,20.411,11.372,287.89,40.245999999999995,0.55858,0.2536,0.11754622260315906,0.7312003822405175,71.23965016852878,Emerging Improver
Sri Lanka,2000,LKA,19293056.0,114541758869.0,47.345,52.655,358.41,0.0,0.0,47.345,6.78,0.0,0.47345,0.5265500000000001,0.27428217215623857,0.48466749975497403,53.81995819241864,Mixed Performer
Sri Lanka,2001,LKA,19600361.0,111509565283.0,46.777,53.223,361.32,0.0,0.0,46.777,6.67,-0.5679999999999978,0.46777,0.53223,0.2765091220766499,0.48118813094187984,53.37129391221195,Mixed Performer
Sri Lanka,2002,LKA,19805750.0,114770992462.0,38.905,61.095,410.66,0.0,0.0,38.905,6.94,-8.439999999999998,0.38905,0.61095,0.3142677849883678,0.43296701950406746,46.98081066785181,Mixed Performer
Sri Lanka,2003,LKA,19951521.0,121043287225.0,43.512,56.488,382.7,0.0,0.0,43.512,7.63,-3.8329999999999984,0.43512,0.56488,0.2928706991551365,0.4611878859159071,50.70325080986019,Mixed Performer
Sri Lanka,2004,LKA,20087608.0,127113013921.0,36.712,63.288,425.22,0.0,0.0,36.712,8.09,-10.632999999999996,0.36712000000000006,0.63288,0.3254101873392923,0.4195334705478781,45.18494737473587,Mixed Performer
Sri Lanka,2005,LKA,20216531.0,134388316813.0,39.342,60.658,408.16,0.113,0.0,39.229,8.82,-8.003,0.39342,0.60658,0.3123545977715195,0.4356439282563952,47.33099397955793,Mixed Performer
Sri Lanka,2006,LKA,20352416.0,144414690368.0,49.258,50.742,345.34,0.106,0.0,49.153,9.44,1.9130000000000038,0.49258,0.50742,0.26428002938655565,0.4963858669018916,55.393587268864486,Mixed Performer
Sri Lanka,2007,LKA,20492546.0,153829219297.0,40.182,59.818,402.83,0.101,0.0,40.081,9.88,-7.162999999999997,0.40182,0.59818,0.30827568262519894,0.44078947368421056,48.014150039633186,Mixed Performer
Sri Lanka,2008,LKA,20629377.0,162474916511.0,41.935,58.065,392.14,0.101,0.0,41.734,9.92,-5.409999999999997,0.41935000000000006,0.58065,0.3000948940859557,0.45152773694011566,49.43154370195285,Mixed Performer
Sri Lanka,2009,LKA,20756438.0,167647716585.0,39.636,60.364,406.47,0.101,0.0,39.333,9.89,-7.708999999999996,0.39636000000000005,0.60364,0.3110612832129301,0.43744486915613057,47.56674095701871,Mixed Performer
Sri Lanka,2010,LKA,20879092.0,180642805306.0,53.451,46.549,319.03,0.093,0.466,52.612,10.72,6.106000000000002,0.53451,0.46549,0.2441456471164442,0.5220707144957366,58.79801953952495,Mixed Performer
Sri Lanka,2011,LKA,21009054.0,195461606183.0,41.212,58.788,415.58,0.087,0.779,40.087,11.55,-6.132999999999996,0.41212000000000004,0.58788,0.31803293743112526,0.4470988924826032,48.482859951460924,Mixed Performer
Sri Lanka,2012,LKA,21169461.0,212333854625.0,29.407,70.593,495.76,0.085,1.186,27.966,11.8,-17.938,0.29407,0.7059300000000001,0.3793926778498837,0.37478560227384106,38.781167087860524,Transition Laggard
Sri Lanka,2013,LKA,21358829.0,220937614421.0,60.184,39.816,301.34,0.167,1.92,57.846,11.98,12.838999999999999,0.60184,0.39816,0.2306079343700257,0.5633147113594041,63.79492231114041,Emerging Improver
Sri Lanka,2014,LKA,21547454.0,235029015924.0,39.357,60.643,461.04,0.241,2.169,36.627,12.45,-7.9879999999999995,0.39357,0.60643,0.3528223337822946,0.4357358129961776,46.32967885038529,Mixed Performer
Sri Lanka,2015,LKA,21729975.0,244914328998.0,48.751,51.249,417.87,0.303,2.574,45.42,13.21,1.4059999999999988,0.48751,0.51249,0.3197854169217583,0.4932801626972459,53.655167017414726,Mixed Performer
Sri Lanka,2016,LKA,21910763.0,257292293131.0,32.984,67.016,522.01,0.349,2.446,29.7,14.31,-14.360999999999997,0.32984,0.6701600000000001,0.39948114362679077,0.39669704988728804,40.75382715763955,Mixed Performer
Sri Lanka,2017,LKA,22087525.0,273915973018.0,31.028,68.972,533.24,1.007,2.485,27.065,14.89,-16.317,0.31028,0.68972,0.4080751806048733,0.38471527981966086,39.18564968217308,Transition Laggard
Sri Lanka,2018,LKA,22253116.0,280243422762.0,43.871,56.129,448.66,1.369,2.054,39.888,16.07,-3.4739999999999966,0.43871000000000004,0.56129,0.3433482306844619,0.4633869940213663,49.68969914320895,Mixed Performer
Sri Lanka,2019,LKA,22410552.0,279626891521.0,33.773,66.227,518.3,2.04,2.1,28.914,16.67,-13.571999999999996,0.33773000000000003,0.66227,0.39664197379698785,0.40153018719984324,41.37070346307296,Mixed Performer
Sri Lanka,2020,LKA,22561808.0,269918239631.0,35.576,64.424,512.73,2.788,2.0,30.182,16.5,-11.768999999999998,0.35576,0.64424,0.3923793926778499,0.4125747329216897,42.7247361768791,Mixed Performer
Sri Lanka,2021,LKA,22700377.0,278898406287.0,49.4,50.6,418.05,3.655,3.712,41.291,17.51,2.0549999999999997,0.494,0.506,0.31992316640137136,0.49725570910516514,54.1007564765432,Mixed Performer
Sri Lanka,2022,LKA,22834965.0,254748598293.0,50.328,49.672,410.15,5.015,4.418,40.418,16.75,2.983000000000004,0.5032800000000001,0.49672,0.31387749479613075,0.5029403116730373,54.89396730519229,Mixed Performer
Sri Lanka,2023,LKA,22971615.0,,48.566,51.434,417.33,6.101,5.003,36.486,16.39,1.2210000000000036,0.48566000000000004,0.51434,0.31937216848291905,0.4921469175732628,53.537499551525954,Mixed Performer
Sri Lanka,2024,LKA,23103561.0,,55.243,44.757,378.44,7.674,5.097,41.066,17.07,7.898000000000003,0.5524300000000001,0.44756999999999997,0.28961062813762706,0.533047878075076,58.901252467685474,Mixed Performer
Sri Lanka,2025,LKA,23229474.0,,61.623,38.377,329.28,16.464,5.391,38.203,17.25,14.277999999999999,0.6162299999999999,0.38377000000000006,0.2519897147055222,0.5721295207291973,64.2559999432999,Emerging Improver
Sudan,2000,SDN,27816748.0,,50.0,50.0,350.39,0.0,0.0,46.063,2.54,0.0,0.5,0.5,0.2681446675645892,0.48466749975497403,55.56639580720988,Mixed Performer
Sudan,2001,SDN,28516774.0,,50.746,49.254,343.28,0.0,0.0,46.642,2.68,0.7460000000000022,0.50746,0.49254,0.26270356311987264,0.4892372341468196,56.21856943420548,Mixed Performer
Sudan,2002,SDN,29228728.0,,46.333,53.667,373.33,0.0,0.0,42.333,3.0,-3.6670000000000016,0.46333,0.53667,0.2857000734663891,0.4622047437028325,52.59036931888276,Mixed Performer
Sudan,2003,SDN,29896038.0,,36.888,63.112,432.28,0.0,0.0,33.141,3.47,-13.112000000000002,0.36888,0.63112,0.33081302803967183,0.40434798588650395,44.92769408730577,Mixed Performer
Sudan,2004,SDN,30556641.0,,34.444,65.556,447.22,0.0,0.0,30.556,3.6,-15.555999999999997,0.34444,0.65556,0.3422462348475573,0.38937689895128885,42.9508976130804,Mixed Performer
Sudan,2005,SDN,31262447.0,,35.101,64.899,441.92,0.0,0.0,31.566,3.96,-14.899000000000001,0.35101,0.6489900000000001,0.3381902779478389,0.3934014505537587,43.5068648096104,Mixed Performer
Sudan,2006,SDN,31992438.0,,32.258,67.742,458.07,0.0,0.0,29.247,4.65,-17.741999999999997,0.32258000000000003,0.67742,0.3505494673686788,0.3759862295403313,41.230856758887995,Mixed Performer
Sudan,2007,SDN,32764139.0,,30.814,69.186,467.05,0.0,0.0,27.907,5.16,-19.186,0.30814,0.69186,0.3574216358515979,0.36714079192394394,40.05997098256921,Mixed Performer
Sudan,2008,SDN,33623980.0,,28.369,71.631,482.27,0.0,0.0,25.709,5.64,-21.631,0.28369,0.71631,0.3690691196277703,0.35216357933941,38.07712569939689,Transition Laggard
Sudan,2009,SDN,34569114.0,,50.681,49.319,341.91,0.0,0.0,48.411,6.61,0.6809999999999974,0.50681,0.49319,0.2616551365250398,0.48883906694109575,56.19980759099044,Mixed Performer
Sudan,2010,SDN,35414403.0,,82.85,17.15,137.2,0.0,0.0,81.003,7.58,32.849999999999994,0.8285,0.17149999999999999,0.10499571446063426,0.6858950798784671,82.37353333666114,Transition Leader
Sudan,2011,SDN,36140808.0,,76.616,23.384,175.09,0.0,0.0,75.206,8.51,26.616,0.7661600000000001,0.23384000000000002,0.133991979919187,0.6477077820248947,77.33541723239374,Transition Leader
Sudan,2012,SDN,36923175.0,,70.316,29.684,215.79,0.105,0.0,68.947,9.5,20.316000000000003,0.70316,0.29684,0.16513866780947717,0.6091161913162796,72.19787617450727,Emerging Improver
Sudan,2013,SDN,37785852.0,,80.966,19.034,147.83,0.097,0.0,79.517,10.35,30.965999999999994,0.8096599999999999,0.19033999999999998,0.11313058650667321,0.6743543565617955,80.8666506857601,Transition Leader
Sudan,2014,SDN,38823324.0,,78.44,21.56,163.02,0.088,0.0,77.301,11.41,28.439999999999998,0.7844,0.21559999999999999,0.12475511203624343,0.6588809663824365,78.82833669483045,Transition Leader
Sudan,2015,SDN,40024433.0,,64.629,35.371,249.81,0.076,0.0,63.713,13.09,14.629000000000005,0.64629,0.35371,0.19117331945634872,0.5742796236401059,67.61226136819288,Emerging Improver
Sudan,2016,SDN,41259892.0,,56.211,43.789,303.36,0.137,0.0,55.251,14.57,6.2109999999999985,0.56211,0.43789,0.23215378964123914,0.5227139076742134,60.76346387408221,Emerging Improver
Sudan,2017,SDN,42714311.0,,60.51,39.49,275.8,0.127,0.0,59.554,15.7,10.509999999999998,0.6051,0.39490000000000003,0.21106281376270358,0.5490480740958541,64.26515076737022,Emerging Improver
Sudan,2018,SDN,44230597.0,,59.756,40.244,280.49,0.122,0.0,58.902,16.4,9.756,0.59756,0.40244,0.21465195298151096,0.544429334509458,63.653741193104096,Emerging Improver
Sudan,2019,SDN,45548179.0,,63.748,36.252,254.62,0.123,0.0,62.947,16.22,13.747999999999998,0.6374799999999999,0.36252,0.19485429166156484,0.5688829265902186,66.91068660731415,Emerging Improver
Sudan,2020,SDN,46789237.0,,64.826,35.174,247.67,0.174,0.0,64.012,17.2,14.825999999999993,0.64826,0.35174,0.18953563119872657,0.5754863765559148,67.78950486837054,Emerging Improver
Sudan,2021,SDN,48066930.0,,62.655,37.345,261.58,0.169,0.0,61.864,17.7,12.655000000000001,0.62655,0.37345,0.20018060487327047,0.5621875918847398,66.02129875643932,Emerging Improver
Sudan,2022,SDN,49383344.0,,71.752,28.248,204.41,0.775,0.0,70.322,16.78,21.751999999999995,0.7175199999999999,0.28248,0.15642983959838375,0.6179126237381163,73.40914336611215,Emerging Improver
Sudan,2023,SDN,50042800.0,,80.979,19.021,146.11,0.965,0.0,79.256,14.51,30.979,0.80979,0.19021000000000002,0.11181431370148158,0.6744339900029404,80.90855200750707,Transition Leader
Sudan,2024,SDN,50448960.0,,79.689,20.311,153.69,1.083,0.0,77.861,14.77,29.688999999999993,0.79689,0.20311,0.11761509734296559,0.6665319023816524,79.87100110215064,Transition Leader
Suriname,2000,SUR,476647.0,,73.958,26.042,187.5,0.0,0.0,73.958,0.96,0.0,0.73958,0.26042000000000004,0.14348904126362189,0.48466749975497403,73.05758646473406,Emerging Improver
Suriname,2001,SUR,486566.0,,70.192,29.808,221.15,0.0,0.0,70.192,1.04,-3.7660000000000053,0.70192,0.29808,0.1692405412023999,0.4615983044202685,69.80816103624403,Emerging Improver
Suriname,2002,SUR,496566.0,,60.163,39.837,284.55,0.0,0.0,60.163,1.23,-13.795000000000002,0.60163,0.39837000000000006,0.2177589690216726,0.40016416740174454,61.65628828548435,Emerging Improver
Suriname,2003,SUR,506421.0,,57.692,42.308,300.0,0.0,0.0,57.692,1.3,-16.266,0.57692,0.42308,0.22958246602179502,0.3850276879349211,59.65105366847894,Mixed Performer
Suriname,2004,SUR,513928.0,,53.147,46.853,321.68,0.0,0.0,53.147,1.43,-20.811,0.53147,0.46853,0.24617362556630343,0.35718661178084876,56.09165853755515,Mixed Performer
Suriname,2005,SUR,519321.0,,48.521,51.479,355.03,0.0,0.0,48.521,1.69,-25.436999999999998,0.48521000000000003,0.51479,0.27169554303905963,0.32884935803195137,52.25295179450278,Mixed Performer
Suriname,2006,SUR,525003.0,,54.777,45.223,312.1,0.0,0.0,54.777,1.57,-19.180999999999997,0.54777,0.45223,0.23884229215134078,0.36717142017053805,57.402713998774544,Mixed Performer
Suriname,2007,SUR,531026.0,,57.333,42.667,293.33,0.0,0.0,57.333,1.5,-16.625,0.57333,0.42667000000000005,0.22447808252724377,0.38282857982946195,59.53027663426083,Mixed Performer
Suriname,2008,SUR,537252.0,,56.954,43.046,291.39,0.0,0.0,56.954,1.51,-17.003999999999998,0.56954,0.43046,0.2229934492469695,0.3805069587376262,59.30516814989015,Mixed Performer
Suriname,2009,SUR,543580.0,,56.209,43.791,300.65,0.0,0.0,56.209,1.53,-17.748999999999995,0.5620900000000001,0.43790999999999997,0.23007989469817558,0.3759433499950995,58.612552882472116,Mixed Performer
Suriname,2010,SUR,549931.0,,61.224,38.776,270.41,0.0,0.0,61.224,1.96,-12.734000000000002,0.61224,0.38776000000000005,0.20693798212317865,0.40666348132902086,62.66090266685585,Emerging Improver
Suriname,2011,SUR,556279.0,,67.32,32.68,228.76,0.0,0.0,67.32,1.53,-6.638000000000005,0.6731999999999999,0.3268,0.1750642830904861,0.4440054395765951,67.67547451638677,Emerging Improver
Suriname,2012,SUR,562640.0,,49.102,50.898,347.31,0.0,0.0,49.102,1.67,-24.856,0.49101999999999996,0.50898,0.2657876209134321,0.3324083602861903,52.802634881457045,Mixed Performer
Suriname,2013,SUR,569024.0,,47.159,52.841,357.96,0.0,0.0,47.159,1.76,-26.799,0.47159,0.52841,0.27393779845720584,0.32050622365970793,51.25454839346547,Mixed Performer
Suriname,2014,SUR,575380.0,,30.22,69.78,467.03,0.0,0.0,30.22,1.82,-43.738,0.30219999999999997,0.6978,0.3574063303538631,0.21674384984808387,37.44799948887468,Transition Laggard
Suriname,2015,SUR,581634.0,,26.344,73.656,489.25,0.538,0.0,25.269,1.86,-47.614,0.26344,0.7365600000000001,0.3744107383372107,0.19300083308830734,34.341144037894345,Transition Laggard
Suriname,2016,SUR,587765.0,,43.956,56.044,379.12,0.549,0.0,42.857,1.82,-30.001999999999995,0.43956000000000006,0.5604399999999999,0.2901310150606098,0.30088576889150254,48.6336111568573,Mixed Performer
Suriname,2017,SUR,593720.0,,51.934,48.066,331.49,0.552,0.0,50.829,1.81,-22.024,0.51934,0.48066000000000003,0.2536809722052161,0.34975619915711065,55.06471868222626,Mixed Performer
Suriname,2018,SUR,599519.0,,53.158,46.842,315.79,0.526,0.0,52.105,1.9,-20.799999999999997,0.53158,0.46842,0.24166615648340886,0.3572539939233559,56.21195599676512,Mixed Performer
Suriname,2019,SUR,605779.0,,47.549,52.451,352.94,0.49,0.0,46.569,2.04,-26.409,0.47549,0.52451,0.2700961185257745,0.32289522689405076,51.6204254402664,Mixed Performer
Suriname,2020,SUR,612320.0,,48.293,51.707,346.34,0.488,0.0,47.317,2.05,-25.665,0.48293,0.51707,0.265045304273295,0.3274527099872586,52.26145804297651,Mixed Performer
Suriname,2021,SUR,617905.0,,48.325,51.675,349.28,0.478,0.0,47.368,2.09,-25.632999999999996,0.48325,0.5167499999999999,0.2672952124403085,0.3276487307654612,52.227350650474214,Mixed Performer
Suriname,2022,SUR,623172.0,,44.55,55.45,374.41,0.474,0.0,43.602,2.11,-29.408,0.4455,0.5545,0.2865265703440676,0.30452440458688623,49.134701810201605,Mixed Performer
Suriname,2023,SUR,628892.0,,53.179,46.821,317.92,0.578,0.0,52.023,1.73,-20.778999999999996,0.53179,0.46821,0.2432961919921636,0.3573826325590513,56.185734688581675,Mixed Performer
Suriname,2024,SUR,634438.0,,52.874,47.126,321.84,0.575,0.0,51.724,1.74,-21.083999999999996,0.52874,0.47126,0.2462960695481817,0.3555143095168088,55.89971290404758,Mixed Performer
Sweden,2000,SWE,8872099.0,303452362920.0,57.247,3.284,44.89,0.0,0.317,54.107,145.23,0.0,0.57247,0.03284,0.03435318966572793,0.48466749975497403,75.62663275468141,Transition Leader
Sweden,2001,SWE,8896018.0,308398096624.0,51.559,3.818,46.78,0.0,0.297,48.923,161.6,-5.688000000000002,0.51559,0.03818,0.03579955920166524,0.4498248064294815,72.94353311640059,Emerging Improver
Sweden,2002,SWE,8925045.0,317463771012.0,48.5,5.072,56.24,0.0,0.416,45.235,146.7,-8.747,0.485,0.05072,0.04303905963021918,0.4310864451631873,71.09732018669234,Emerging Improver
Sweden,2003,SWE,8958434.0,326402407102.0,43.378,6.825,68.54,0.0,0.502,39.545,135.39,-13.869,0.43378,0.06825,0.052451940737112776,0.39971086935215133,68.16041452185445,Emerging Improver
Sweden,2004,SWE,8993805.0,341901244849.0,44.985,3.886,48.03,0.0,0.567,39.667,151.56,-12.262,0.44985,0.03886,0.036756152810089385,0.4095547878075076,69.99766799686039,Emerging Improver
Sweden,2005,SWE,9029771.0,354496929423.0,51.288,3.006,43.13,0.0,0.587,45.971,158.36,-5.959000000000003,0.51288,0.03006,0.03300630586506673,0.4481647554640792,73.09661368533452,Emerging Improver
Sweden,2006,SWE,9080628.0,372234670461.0,49.595,3.657,49.69,0.0,0.684,43.076,143.28,-7.652000000000001,0.49595,0.03657,0.03802650912207665,0.43779403116730375,72.06024773945764,Emerging Improver
Sweden,2007,SWE,9148280.0,387881844813.0,52.029,2.97,46.03,0.0,0.961,44.456,148.82,-5.217999999999996,0.52029,0.029700000000000004,0.03522560303661075,0.4527038616093306,73.37756784822469,Emerging Improver
Sweden,2008,SWE,9219903.0,388980516356.0,54.31,3.069,47.83,0.0,1.334,46.077,149.9,-2.9369999999999976,0.5431,0.03069,0.03660309783274152,0.4666764677055768,74.32631956976512,Emerging Improver
Sweden,2009,SWE,9298738.0,373026350439.0,58.426,3.382,51.1,0.007,1.823,48.206,136.6,1.179000000000002,0.58426,0.03382,0.03910554671237909,0.491889640301872,76.0043059367186,Transition Leader
Sweden,2010,SWE,9378234.0,399838964466.0,55.298,5.746,63.73,0.007,2.351,44.729,148.45,-1.948999999999998,0.55298,0.057460000000000004,0.04877096853189666,0.47272860923257864,73.78945492519127,Emerging Improver
Sweden,2011,SWE,9449263.0,397617949429.0,55.956,3.806,52.3,0.007,4.066,44.204,150.28,-1.2909999999999968,0.5595600000000001,0.038060000000000004,0.040023876576466264,0.4767592864843674,74.78389238285385,Emerging Improver
Sweden,2012,SWE,9519477.0,395278763366.0,59.066,2.457,44.7,0.012,4.308,47.422,166.44,1.8190000000000026,0.5906600000000001,0.024569999999999998,0.034207787437247464,0.4958100558659218,76.64080615205765,Transition Leader
Sweden,2013,SWE,9600620.0,399973749048.0,54.035,2.535,44.7,0.026,6.43,40.097,153.03,-3.2120000000000033,0.54035,0.02535,0.034207787437247464,0.46499191414289914,74.3981840262123,Emerging Improver
Sweden,2014,SWE,9696438.0,410604225974.0,55.841,1.908,40.18,0.033,7.32,41.521,153.56,-1.4059999999999988,0.5584100000000001,0.01908,0.03074874494918575,0.47605483681270216,75.43945392846089,Transition Leader
Sweden,2015,SWE,9799483.0,429037422635.0,63.272,1.944,40.86,0.062,10.074,46.488,162.0,6.024999999999999,0.63272,0.01944,0.03126913187216848,0.5215745369009115,78.70108975670945,Transition Leader
Sweden,2016,SWE,9923281.0,437921057919.0,57.175,2.348,42.98,0.09,9.93,39.784,155.89,-0.07200000000000273,0.57175,0.02348,0.032891514632055835,0.4842264530040184,75.86535892925887,Transition Leader
Sweden,2017,SWE,10057864.0,449166531542.0,57.882,2.113,42.5,0.14,10.723,39.664,164.23,0.634999999999998,0.57882,0.02113,0.03252418268642096,0.4885572870724297,76.24570473892591,Transition Leader
Sweden,2018,SWE,10175400.0,457925387676.0,55.797,2.24,42.73,0.251,10.174,38.082,163.36,-1.4500000000000028,0.55797,0.022400000000000003,0.032700195910371,0.47578530824267373,75.28822472588082,Transition Leader
Sweden,2019,SWE,10279120.0,467020665386.0,58.746,1.989,42.34,0.404,11.786,38.814,168.42,1.4990000000000023,0.58746,0.01989,0.032401738704542674,0.4938498480838969,76.66155425364488,Transition Leader
Sweden,2020,SWE,10353682.0,456885314424.0,68.47,1.49,38.71,0.641,16.803,44.2,163.78,11.222999999999999,0.6847,0.0149,0.029623790865678953,0.5534156620601783,81.1526401592607,Transition Leader
Sweden,2021,SWE,10416134.0,481492421258.0,67.383,1.781,41.74,0.891,15.863,43.014,171.78,10.135999999999996,0.6738299999999999,0.01781,0.03194257377249908,0.5467570812506125,80.5415918744467,Transition Leader
Sweden,2022,SWE,10487335.0,494214521158.0,68.321,1.664,41.03,1.144,19.214,40.376,173.05,11.073999999999998,0.68321,0.01664,0.03139922860291417,0.552502940311673,80.99891338960224,Transition Leader
Sweden,2023,SWE,10551493.0,,69.407,1.403,38.42,1.873,20.626,39.861,166.05,12.159999999999997,0.69407,0.01403,0.02940186114852455,0.55915539547192,81.59398440336568,Transition Leader
Sweden,2024,SWE,10606993.0,,69.358,1.208,34.91,2.416,23.497,37.531,172.15,12.111000000000004,0.6935800000000001,0.01208,0.026715746296069546,0.5588552386552975,81.68823492242772,Transition Leader
Sweden,2025,SWE,10656636.0,,71.191,1.218,35.26,2.595,22.787,39.974,170.71,13.944000000000003,0.71191,0.01218,0.026983592506428306,0.5700835538567088,82.48901349518992,Transition Leader
Switzerland,2000,CHE,7184003.0,315545366882.0,56.987,3.01,33.58,0.015,0.0,55.702,66.12,0.0,0.56987,0.0301,0.025697930696706256,0.48466749975497403,75.82051422890696,Transition Leader
Switzerland,2001,CHE,7226391.0,325520166982.0,59.395,2.871,33.36,0.014,0.0,58.142,71.05,2.4080000000000013,0.5939500000000001,0.02871,0.025529570221623606,0.4994180633147114,76.92353169418008,Transition Leader
Switzerland,2002,CHE,7278744.0,331802188855.0,55.19,3.18,34.25,0.015,0.0,53.769,65.41,-1.7970000000000041,0.5519,0.0318,0.0262106648708216,0.47365970792904044,74.97112899716505,Emerging Improver
Switzerland,2003,CHE,7333451.0,337991874208.0,54.668,3.26,34.44,0.031,0.0,53.199,65.34,-2.3190000000000026,0.54668,0.0326,0.026356067099302067,0.4704621189846124,74.71683010728664,Emerging Improver
Switzerland,2004,CHE,7384196.0,353894703206.0,54.423,3.366,35.23,0.031,0.016,52.842,63.87,-2.564,0.54423,0.03366,0.026960634259826127,0.46896133490149955,74.56695416702685,Emerging Improver
Switzerland,2005,CHE,7431824.0,371135459405.0,55.865,3.754,38.06,0.035,0.017,54.031,57.8,-1.1219999999999999,0.55865,0.037540000000000004,0.0291263621892984,0.47779452121924926,75.05300876355628,Transition Leader
Switzerland,2006,CHE,7478514.0,393075108386.0,51.714,3.509,36.21,0.032,0.016,49.831,62.13,-5.273000000000003,0.51714,0.03509,0.02771060364883066,0.452366950896795,73.31538917223116,Emerging Improver
Switzerland,2007,CHE,7545386.0,416832821635.0,54.915,3.056,34.47,0.045,0.03,53.063,66.43,-2.0720000000000027,0.54915,0.03056,0.026379025345904247,0.47197515436636284,74.87640168184782,Emerging Improver
Switzerland,2008,CHE,7641730.0,433739216893.0,55.683,2.998,34.16,0.06,0.03,53.759,67.04,-1.304000000000002,0.55683,0.029980000000000003,0.026141790131015058,0.4766796530432226,75.23620004237296,Transition Leader
Switzerland,2009,CHE,7737644.0,431737407420.0,55.542,2.925,34.05,0.075,0.03,53.577,66.67,-1.4450000000000003,0.55542,0.029249999999999998,0.026057609893473735,0.47581593648926784,75.19424880000217,Transition Leader
Switzerland,2010,CHE,7825750.0,451139715920.0,56.73,3.391,35.88,0.136,0.061,54.595,66.05,-0.257000000000005,0.5673,0.03391,0.027458062936206687,0.48309320788003524,75.56769654479535,Transition Leader
Switzerland,2011,CHE,7914379.0,467103594697.0,54.103,3.419,36.26,0.27,0.111,51.511,62.88,-2.8840000000000003,0.54103,0.03419,0.027748867393167623,0.46700112711947467,74.39259522196294,Emerging Improver
Switzerland,2012,CHE,7998927.0,472611933649.0,59.489,3.17,36.25,0.44,0.132,56.656,68.13,2.5019999999999953,0.59489,0.0317,0.02774121464430023,0.49999387435068116,76.83502774915272,Transition Leader
Switzerland,2013,CHE,8091199.0,481081829913.0,59.208,2.955,35.52,0.728,0.131,55.991,68.69,2.2209999999999965,0.59208,0.02955,0.027182563976980535,0.49827256689209054,76.77857440395684,Transition Leader
Switzerland,2014,CHE,8190238.0,492386642888.0,58.034,2.64,34.39,1.199,0.143,54.281,70.08,1.046999999999997,0.58034,0.026400000000000003,0.026317803354965103,0.4910810545917867,76.36017073500267,Transition Leader
Switzerland,2015,CHE,8283940.0,500484653705.0,62.237,2.815,35.57,1.695,0.166,57.908,66.07,5.25,0.62237,0.02815,0.0272208277213175,0.51682715867882,78.15108668714936,Transition Leader
Switzerland,2016,CHE,8374903.0,510838097521.0,61.882,3.502,39.44,2.177,0.18,56.661,61.1,4.894999999999996,0.61882,0.035019999999999996,0.030182441532998653,0.5146525531706361,77.74842725923457,Transition Leader
Switzerland,2017,CHE,8453630.0,517799793781.0,62.776,3.342,39.73,2.793,0.216,56.675,60.15,5.7890000000000015,0.6277600000000001,0.03342,0.030404371250153054,0.5201288836616682,78.1779239736712,Transition Leader
Switzerland,2018,CHE,8516341.0,532611137213.0,58.651,2.866,36.05,2.942,0.181,52.768,66.29,1.6640000000000015,0.5865100000000001,0.02866,0.027588159666952366,0.4948605802215035,76.54455471164874,Transition Leader
Switzerland,2019,CHE,8577525.0,538693495449.0,59.87,2.692,35.28,3.089,0.213,53.904,70.57,2.8829999999999956,0.5987,0.026920000000000003,0.026998898004163097,0.5023277467411545,77.14144375101323,Transition Leader
Switzerland,2020,CHE,8640582.0,525896489462.0,62.204,2.73,36.64,3.796,0.219,55.285,68.5,5.216999999999999,0.62204,0.0273,0.028039671850128567,0.5166250122512986,78.13728338751626,Transition Leader
Switzerland,2021,CHE,8707019.0,548098275898.0,66.587,2.726,38.52,4.502,0.222,58.583,63.09,9.600000000000001,0.6658700000000001,0.02726,0.029478388637198486,0.5434737332157209,80.03909628230585,Transition Leader
Switzerland,2022,CHE,8792180.0,559384947989.0,58.312,2.56,37.27,6.254,0.243,48.445,61.72,1.3249999999999957,0.58312,0.0256,0.02852179502877434,0.49278398510242083,76.44791490081695,Transition Leader
Switzerland,2023,CHE,8870564.0,,63.165,2.041,34.82,6.593,0.243,53.361,70.07,6.177999999999997,0.63165,0.02041,0.02664687155626301,0.5225117612466922,78.7690046297938,Transition Leader
Switzerland,2024,CHE,8921979.0,,67.449,1.901,34.58,7.222,0.23,57.343,78.37,10.461999999999996,0.67449,0.01901,0.026463205583445573,0.5487540429285505,80.70163050434212,Transition Leader
Switzerland,2025,CHE,8967413.0,,67.825,2.307,39.22,12.135,0.215,52.276,65.02,10.838000000000001,0.67825,0.02307,0.030014081057916003,0.5510572870724297,80.67750727963853,Transition Leader
Syria,2000,SYR,16637884.0,125214242976.0,12.911,87.089,626.54,0.0,0.0,12.792,25.25,0.0,0.12911,0.87089,0.4794753275376515,0.48466749975497403,28.029729307883322,Transition Laggard
Syria,2001,SYR,17051337.0,125631935247.0,12.865,87.135,632.39,0.0,0.0,12.752,26.74,-0.045999999999999375,0.12865000000000001,0.8713500000000001,0.4839521856250765,0.48438571988630796,27.885981157667704,Transition Laggard
Syria,2002,SYR,17468335.0,128996142855.0,8.835,91.165,663.7,0.0,0.0,8.728,28.07,-4.075999999999999,0.08835000000000001,0.9116500000000001,0.5079129423288846,0.45969935313143195,24.498666738749364,Transition Laggard
Syria,2003,SYR,17889297.0,122501642286.0,9.178,90.822,667.76,0.0,0.0,9.079,30.4,-3.7329999999999988,0.09178000000000001,0.90822,0.5110199583690461,0.46180045084778987,24.658307803490693,Transition Laggard
Syria,2004,SYR,18336879.0,126515329154.0,13.087,86.913,630.71,0.0,0.0,12.993,32.17,0.17600000000000016,0.13087,0.86913,0.4826665238153545,0.4857456140350877,28.071721115142456,Transition Laggard
Syria,2005,SYR,18814092.0,129657010670.0,12.057,87.943,634.15,0.0,0.0,11.973,36.08,-0.8539999999999992,0.12057000000000001,0.87943,0.4852990694257377,0.4794361952366951,27.293266192906984,Transition Laggard
Syria,2006,SYR,19637016.0,132870748696.0,10.592,89.408,642.48,0.0,0.0,10.512,37.48,-2.318999999999999,0.10592000000000001,0.89408,0.49167380923227627,0.4704621189846124,26.12028655396228,Transition Laggard
Syria,2007,SYR,20884136.0,138933398255.0,9.077,90.923,642.62,0.0,0.0,8.999,38.67,-3.8339999999999996,0.09077,0.90923,0.4917809477164197,0.46118176026658825,25.069402711088333,Transition Laggard
Syria,2008,SYR,21636566.0,140064268758.0,7.063,92.937,655.38,0.0,0.0,6.99,41.06,-5.848,0.07063,0.92937,0.5015458552712134,0.4488447025384691,23.4318241562967,Transition Laggard
Syria,2009,SYR,21976971.0,141886525419.0,4.384,95.616,691.74,0.0,0.0,4.315,43.34,-8.527,0.043840000000000004,0.95616,0.529371250153055,0.4324340880133294,20.882630066373565,Transition Laggard
Syria,2010,SYR,22482417.0,143781004115.0,5.642,94.358,696.38,0.0,0.0,5.577,46.44,-7.268999999999999,0.056420000000000005,0.9435800000000001,0.5329221256275254,0.4401401548564148,21.664249182158084,Transition Laggard
Syria,2011,SYR,22878104.0,134274046453.0,7.242,92.758,684.51,0.0,0.0,7.17,41.84,-5.669,0.07242,0.92758,0.5238383127219297,0.44994119376653924,22.998360088449843,Transition Laggard
Syria,2012,SYR,22759763.0,98907693956.0,9.266,90.734,676.17,0.0,0.0,9.173,32.27,-3.6449999999999996,0.09266,0.9073399999999999,0.5174559201665238,0.46233950798784673,24.558294615654606,Transition Laggard
Syria,2013,SYR,21666921.0,72894799336.0,12.038,87.962,662.69,0.0,0.0,11.919,25.17,-0.8729999999999993,0.12038,0.8796200000000001,0.5071400146932779,0.47931980789963735,26.73409675116261,Transition Laggard
Syria,2014,SYR,20273661.0,65379097607.0,11.153,88.847,676.24,0.0,0.0,11.012,21.25,-1.7579999999999991,0.11153,0.88847,0.5175094894085955,0.47389860825247476,25.86254188857223,Transition Laggard
Syria,2015,SYR,19424615.0,63295273863.0,2.443,97.557,734.59,0.0,0.0,2.277,18.01,-10.468,0.02443,0.97557,0.5621632790498348,0.42054420268548465,18.719881064036397,Transition Laggard
Syria,2016,SYR,19193835.0,59731474595.0,5.283,94.717,703.91,0.0,0.0,5.118,18.17,-7.627999999999999,0.05283,0.94717,0.5386846455246724,0.4379410467509556,21.27179956314752,Transition Laggard
Syria,2017,SYR,19224671.0,59296820428.0,4.23,95.77,708.79,0.0,0.0,4.067,18.44,-8.681,0.042300000000000004,0.9577,0.5424191869719603,0.43149073801822996,20.449881395974444,Transition Laggard
Syria,2018,SYR,19577849.0,60171975441.0,3.495,96.505,699.37,0.0,0.0,3.36,22.32,-9.416,0.03495,0.96505,0.535210297538876,0.4269883857688915,20.121568348061476,Transition Laggard
Syria,2019,SYR,20353536.0,62427096792.0,3.495,96.505,697.13,0.0,0.0,3.36,22.32,-9.416,0.03495,0.96505,0.5334960817925799,0.4269883857688915,20.164423741718878,Transition Laggard
Syria,2020,SYR,21049431.0,55872251610.0,3.804,96.196,690.92,0.095,0.0,3.566,21.03,-9.107,0.03804,0.96196,0.5287437247459287,0.4288812114084093,20.49702505247792,Transition Laggard
Syria,2021,SYR,21628837.0,54251957890.0,3.869,96.131,692.31,0.276,0.0,3.455,21.71,-9.042,0.03869,0.96131,0.5298074568384964,0.4292793786141331,20.515404258249585,Transition Laggard
Syria,2022,SYR,22462170.0,52353139385.0,4.382,95.618,682.27,0.498,0.0,3.735,20.08,-8.529,0.04382,0.9561799999999999,0.5221240969756337,0.43242183671469175,21.062425126329536,Transition Laggard
Syria,2023,SYR,23594623.0,,3.517,96.483,705.44,0.4,0.0,2.998,25.02,-9.394,0.03517,0.9648300000000001,0.5398555161013837,0.4271231500539057,20.020659348273988,Transition Laggard
Syria,2024,SYR,24672758.0,,3.537,96.463,706.19,0.402,0.0,3.014,24.88,-9.373999999999999,0.03537,0.96463,0.5404294722664381,0.4272456630402823,20.02014813894328,Transition Laggard
Taiwan,2000,TWN,22332873.0,591153923509.0,3.035,76.136,635.2,0.0,0.0,2.467,184.84,0.0,0.030350000000000002,0.7613599999999999,0.48610260805681405,0.48466749975497403,27.14569729490426,Transition Laggard
Taiwan,2001,TWN,22446254.0,582366336280.0,3.405,77.77,654.17,0.0,0.005,2.7,188.53,0.36999999999999966,0.03405,0.7777,0.5006198726582588,0.4869339900029403,26.537763033587638,Transition Laggard
Taiwan,2002,TWN,22566898.0,612808812199.0,2.213,77.897,654.19,0.0,0.01,1.398,198.84,-0.8220000000000001,0.02213,0.77897,0.5006351781559937,0.4796322160148976,25.97890378632362,Transition Laggard
Taiwan,2003,TWN,22664130.0,636240085985.0,2.306,79.092,665.79,0.0,0.01,1.449,209.06,-0.7290000000000001,0.02306,0.79092,0.5095123668421697,0.48020190140154856,25.499319349968985,Transition Laggard
Taiwan,2004,TWN,22745432.0,675272430215.0,2.33,79.589,663.8,0.0,0.014,1.47,218.41,-0.7050000000000001,0.0233,0.79589,0.5079894698175584,0.48034891698520044,25.42374700933905,Transition Laggard
Taiwan,2005,TWN,22824932.0,709313986797.0,2.642,79.789,665.14,0.0,0.04,1.789,227.5,-0.39300000000000024,0.02642,0.79789,0.5090149381657891,0.48226011957267473,25.485978339445392,Transition Laggard
Taiwan,2006,TWN,22914644.0,745965982529.0,2.641,80.432,669.44,0.0,0.119,1.736,235.54,-0.39400000000000013,0.02641,0.80432,0.5123056201787682,0.4822539939233559,25.24251940438113,Transition Laggard
Taiwan,2007,TWN,23006921.0,791900583149.0,2.772,80.552,669.66,0.0,0.181,1.818,243.11,-0.26300000000000034,0.027719999999999998,0.8055200000000001,0.5124739806538509,0.48305645398412234,25.26619729341556,Transition Laggard
Taiwan,2008,TWN,23086238.0,794389614968.0,2.82,80.047,660.11,0.0,0.248,1.809,238.31,-0.2150000000000003,0.0282,0.80047,0.5051656054854904,0.48335048515142603,25.59636714013413,Transition Laggard
Taiwan,2009,TWN,23164353.0,779014502319.0,2.739,79.191,657.73,0.004,0.343,1.63,230.05,-0.29600000000000026,0.027389999999999998,0.79191,0.5033442512550509,0.482854307556601,25.82010833197274,Transition Laggard
Taiwan,2010,TWN,23224049.0,859487483344.0,2.862,80.287,653.19,0.008,0.417,1.696,247.05,-0.17300000000000004,0.028620000000000003,0.8028700000000001,0.49986990326925435,0.48360776242281683,25.68731885461089,Transition Laggard
Taiwan,2011,TWN,23273078.0,888546864638.0,2.927,80.369,652.31,0.024,0.591,1.586,252.15,-0.1080000000000001,0.02927,0.80369,0.4991964613689237,0.4840059296285406,25.71237741020501,Transition Laggard
Taiwan,2012,TWN,23345963.0,908290377366.0,3.623,80.233,649.32,0.064,0.563,2.265,250.37,0.5880000000000001,0.036230000000000005,0.8023300000000001,0.4969082894575732,0.48826938155444477,26.111133486877343,Transition Laggard
Taiwan,2013,TWN,23416870.0,930852328389.0,3.658,79.84,644.08,0.127,0.65,2.148,252.33,0.6229999999999998,0.03658,0.7984,0.49289824905105917,0.48848377928060377,26.32510046293258,Transition Laggard
Taiwan,2014,TWN,23472811.0,974779255338.0,3.181,80.513,645.5,0.204,0.577,1.662,259.97,0.1459999999999999,0.03181,0.8051300000000001,0.49398493939022897,0.48556184455552287,25.91890418357712,Transition Laggard
Taiwan,2015,TWN,23529260.0,989069527295.0,3.405,82.467,650.27,0.329,0.593,1.732,258.14,0.36999999999999966,0.03405,0.82467,0.4976353005999755,0.4869339900029403,25.43812733504471,Transition Laggard
Taiwan,2016,TWN,23586140.0,1010482869589.0,4.18,83.833,659.17,0.42,0.553,2.484,264.12,1.1449999999999996,0.0418,0.83833,0.5044462470919554,0.49168136822503183,25.26881434607659,Transition Laggard
Taiwan,2017,TWN,23632950.0,1043939947916.0,3.959,87.734,684.71,0.618,0.636,2.017,270.26,0.9239999999999999,0.03959,0.87734,0.5239913676992776,0.49032759972557094,23.707279803401622,Transition Laggard
Taiwan,2018,TWN,23659308.0,1073034529603.0,3.941,86.012,672.2,0.98,0.621,1.626,275.53,0.9059999999999997,0.03941,0.86012,0.5144177788661688,0.490217338037832,24.369165598913263,Transition Laggard
Taiwan,2019,TWN,23674137.0,1105912366266.0,4.902,83.31,649.06,1.466,0.689,2.021,274.18,1.867,0.04902,0.8331000000000001,0.4967093179870209,0.4961040870332255,25.91202835582286,Transition Laggard
Taiwan,2020,TWN,23663461.0,1143369531447.0,4.786,83.985,648.06,2.168,0.825,1.079,279.99,1.7509999999999994,0.04786,0.83985,0.49594404310028156,0.4953935117122415,25.711151598176585,Transition Laggard
Taiwan,2021,TWN,23558330.0,1218008773904.0,5.402,85.05,652.1,2.739,0.78,1.192,291.03,2.367,0.054020000000000006,0.8505,0.49903575364270847,0.49916691169263944,25.63980983432188,Transition Laggard
Taiwan,2022,TWN,23420107.0,1247874288934.0,7.665,84.094,639.23,3.706,1.242,2.026,288.19,4.63,0.07665,0.8409399999999999,0.48918666585037346,0.5130292561011467,27.12502219525787,Transition Laggard
Taiwan,2023,TWN,23317145.0,,8.899,84.795,644.18,4.573,2.211,1.403,282.28,5.863999999999999,0.08899,0.84795,0.49297477653973304,0.5205883073605803,27.400355196915378,Transition Laggard
Taiwan,2024,TWN,23213964.0,,10.92,84.859,635.19,5.164,3.58,1.459,288.56,7.885,0.1092,0.84859,0.48609495530794666,0.5329682446339312,28.449399786810304,Transition Laggard
Taiwan,2025,TWN,23112797.0,,12.24,86.633,633.21,5.437,4.164,1.911,288.39,9.205,0.12240000000000001,0.8663299999999999,0.4845797110322028,0.5410541017347839,28.62706875021669,Transition Laggard
Tajikistan,2000,TJK,6284737.0,10735320878.0,98.455,1.545,32.3,0.0,0.0,98.455,14.24,0.0,0.98455,0.01545,0.02471837884167993,0.48466749975497403,90.7250530252826,Transition Leader
Tajikistan,2001,TJK,6407376.0,11697951502.0,98.749,1.251,30.58,0.0,0.0,98.749,14.39,0.29399999999999693,0.98749,0.012509999999999999,0.023402106036488304,0.4864684406547094,90.96137395890842,Transition Leader
Tajikistan,2002,TJK,6531674.0,12792791823.0,99.085,0.915,28.76,0.0,0.0,99.085,15.3,0.6299999999999955,0.99085,0.00915,0.02200930574262275,0.4885266588258355,91.22866723882197,Transition Leader
Tajikistan,2003,TJK,6658575.0,14027448844.0,98.97,1.03,29.68,0.0,0.0,98.97,16.51,0.5150000000000006,0.9897,0.0103,0.02271335863842292,0.48782220915417035,91.13149917135198,Transition Leader
Tajikistan,2004,TJK,6790555.0,15391086914.0,99.09,0.91,29.11,0.0,0.0,99.09,16.49,0.6350000000000051,0.9909,0.0091,0.02227715195298151,0.48855728707242974,91.2254305072619,Transition Leader
Tajikistan,2005,TJK,6924722.0,16469329106.0,99.298,0.702,27.5,0.0,0.0,99.298,17.09,0.8430000000000035,0.9929800000000001,0.007019999999999999,0.021045059385331213,0.4898314221307459,91.40014484732791,Transition Leader
Tajikistan,2006,TJK,7057566.0,17531184155.0,98.641,1.359,31.31,0.0,0.0,98.641,16.93,0.18600000000000705,0.9864100000000001,0.01359,0.023960756703808008,0.48580687052827604,90.87268414032896,Transition Leader
Tajikistan,2007,TJK,7194479.0,18731098417.0,97.827,2.173,36.02,0.0,0.0,97.827,17.49,-0.6280000000000001,0.97827,0.02173,0.027565201420350193,0.4808205919827502,90.2193788442325,Transition Leader
Tajikistan,2008,TJK,7338402.0,20202934540.0,97.833,2.167,35.91,0.0,0.0,97.833,16.15,-0.6219999999999999,0.97833,0.02167,0.027481021182808863,0.48085734587866313,90.22563465860974,Transition Leader
Tajikistan,2009,TJK,7490232.0,20969201626.0,98.635,1.365,31.64,0.0,0.0,98.635,16.12,0.18000000000000682,0.9863500000000001,0.01365,0.024213297416431984,0.4857701166323631,90.86221931407465,Transition Leader
Tajikistan,2010,TJK,7652144.0,22275913223.0,99.757,0.243,24.94,0.0,0.0,99.757,16.44,1.3020000000000067,0.9975700000000001,0.00243,0.01908595567527856,0.49264309516808785,91.76669753563935,Transition Leader
Tajikistan,2011,TJK,7824788.0,23719353153.0,99.754,0.246,24.63,0.0,0.0,99.754,16.24,1.2990000000000066,0.9975400000000001,0.00246,0.018848720460389372,0.4926247182201314,91.77055276179225,Transition Leader
Tajikistan,2012,TJK,8014087.0,25498307279.0,99.588,0.412,25.93,0.0,0.0,99.588,16.97,1.1329999999999956,0.99588,0.0041199999999999995,0.019843577813150482,0.4916078604332059,91.63082846116933,Transition Leader
Tajikistan,2013,TJK,8216733.0,27385180748.0,99.766,0.234,26.3,0.0,0.0,99.766,17.11,1.311000000000007,0.9976600000000001,0.00234,0.02012672952124403,0.49269822601195734,91.74690515214826,Transition Leader
Tajikistan,2014,TJK,8425559.0,29219994834.0,99.01,0.99,32.8,0.0,0.0,99.01,16.16,0.5550000000000068,0.9901000000000001,0.0099,0.02510101628504959,0.4880672351269235,91.09948311977762,Transition Leader
Tajikistan,2015,TJK,8643839.0,30973186706.0,99.068,0.932,32.05,0.0,0.0,99.068,17.16,0.6129999999999995,0.99068,0.00932,0.0245270601199951,0.4884225227874155,91.15396133881136,Transition Leader
Tajikistan,2016,TJK,8865623.0,33110336724.0,96.462,3.538,56.85,0.0,0.0,96.462,17.24,-1.992999999999995,0.96462,0.03538,0.04350587731113016,0.47245908066255027,88.87643927716,Transition Leader
Tajikistan,2017,TJK,9085942.0,35461181351.0,94.589,5.411,74.54,0.0,0.0,94.589,18.11,-3.8659999999999997,0.94589,0.05411,0.05704359005754868,0.4609857394883858,87.24209634088706,Transition Leader
Tajikistan,2018,TJK,9307345.0,38156222428.0,93.161,6.839,87.64,0.0,0.0,93.161,19.74,-5.293999999999997,0.93161,0.06839,0.06706869107383372,0.4522383122610997,86.00345740707066,Transition Leader
Tajikistan,2019,TJK,9529970.0,40979787244.0,91.46,8.54,98.28,0.0,0.0,91.46,20.96,-6.9950000000000045,0.9146,0.08539999999999999,0.07521121586874005,0.4418185827697736,84.62299834482809,Transition Leader
Tajikistan,2020,TJK,9749312.0,42778793597.0,90.1,9.9,109.95,0.0,0.0,90.1,20.1,-8.355000000000004,0.9009999999999999,0.099,0.08414197379698789,0.43348769969616774,83.45876615051782,Transition Leader
Tajikistan,2021,TJK,9966912.0,46800009054.0,90.058,9.942,110.52,0.0,0.0,90.058,20.72,-8.396999999999991,0.90058,0.09942000000000001,0.08457818048242928,0.43323042242477705,83.41880182431092,Transition Leader
Tajikistan,2022,TJK,10182228.0,50544013546.0,92.694,7.306,86.55,0.0,0.0,92.694,21.49,-5.760999999999996,0.9269400000000001,0.07306,0.06623454144728787,0.4493776340292071,85.70120097425591,Transition Leader
Tajikistan,2023,TJK,10389807.0,,94.206,5.794,74.42,0.0,0.0,94.206,21.23,-4.248999999999995,0.94206,0.05794,0.056951757071139954,0.45863961579927476,86.97940031021061,Transition Leader
Tajikistan,2024,TJK,10590930.0,,94.595,5.405,71.17,0.0,0.0,94.595,22.2,-3.8599999999999994,0.94595,0.05405,0.054464613689237176,0.46102249338429874,87.31072205853354,Transition Leader
Tajikistan,2025,TJK,10786738.0,,94.366,5.634,72.56,0.0,0.0,94.366,24.67,-4.088999999999999,0.94366,0.05634,0.05552834578180483,0.4596197196902872,87.12568715080918,Transition Leader
Tanzania,2000,TZA,34260142.0,39001698887.0,86.4,13.6,120.0,0.0,0.0,85.2,2.5,0.0,0.8640000000000001,0.136,0.09183298640871801,0.48466749975497403,81.81418783610665,Transition Leader
Tanzania,2001,TZA,35198303.0,42445346863.0,94.7,5.3,67.14,0.0,0.0,93.286,2.83,8.299999999999997,0.9470000000000001,0.053,0.05138055589567773,0.5355103891012447,88.56814193912672,Transition Leader
Tanzania,2002,TZA,36121301.0,46583070535.0,95.502,4.498,62.28,0.0,0.0,94.118,2.89,9.10199999999999,0.95502,0.044980000000000006,0.04766131994612465,0.5404231598549446,89.21601439917104,Transition Leader
Tanzania,2003,TZA,37089555.0,50824600990.0,95.941,4.059,59.04,0.0,0.0,94.096,2.71,9.540999999999997,0.9594100000000001,0.04059,0.04518182931308926,0.54311231990591,89.58173906576143,Transition Leader
Tanzania,2004,TZA,38109666.0,55891196644.0,78.927,21.073,141.76,0.0,0.0,77.011,2.61,-7.472999999999999,0.7892700000000001,0.21073,0.10848536794416554,0.4388905223953739,76.22742363732647,Transition Leader
Tanzania,2005,TZA,39182083.0,61018758994.0,50.0,50.0,292.35,0.0,0.0,48.634,3.66,-36.400000000000006,0.5,0.5,0.2237281131382393,0.2616938645496422,53.33220513978865,Mixed Performer
Tanzania,2006,TZA,40294900.0,65508013137.0,42.735,57.265,324.79,0.0,0.0,41.026,3.51,-43.665000000000006,0.42735,0.57265,0.2485536304640627,0.2171910222483583,47.68502457212381,Mixed Performer
Tanzania,2007,TZA,41435508.0,72909539423.0,60.849,39.151,233.49,0.0,0.0,59.434,4.24,-25.55100000000001,0.60849,0.39151,0.17868403330476307,0.328151034009605,61.964564677525004,Emerging Improver
Tanzania,2008,TZA,42570728.0,78993514738.0,60.899,39.101,222.47,0.0,0.0,59.551,4.45,-25.501000000000005,0.60899,0.39101,0.1702507040528958,0.3284573164755464,62.2099921458108,Emerging Improver
Tanzania,2009,TZA,43633975.0,85446168824.0,56.25,43.75,231.25,0.0,0.0,55.0,4.8,-30.150000000000006,0.5625,0.4375,0.176969817558467,0.29997917279231595,58.82544215292307,Mixed Performer
Tanzania,2010,TZA,44758491.0,93371216148.0,52.158,47.842,255.16,0.188,0.0,50.657,5.33,-34.242000000000004,0.52158,0.47842,0.19526754010040406,0.27491301577967264,55.53680673418499,Mixed Performer
Tanzania,2011,TZA,46029371.0,103624510902.0,40.039,59.961,321.08,0.193,0.0,38.491,5.17,-46.361000000000004,0.40039,0.59961,0.2457144606342598,0.20067627168479857,45.89068255941549,Mixed Performer
Tanzania,2012,TZA,47374261.0,108951852558.0,32.451,67.549,363.32,0.176,0.0,31.217,5.67,-53.949000000000005,0.32451,0.67549,0.27803967185012857,0.15419484465353323,39.83253087354978,Transition Laggard
Tanzania,2013,TZA,48824134.0,116340969671.0,30.05,69.95,387.31,0.167,0.0,28.715,5.99,-56.35000000000001,0.3005,0.6995,0.2963986163830048,0.13948716063902766,37.71234200001029,Transition Laggard
Tanzania,2014,TZA,50351506.0,124173043529.0,42.652,57.348,316.29,0.319,0.0,41.374,6.26,-43.748000000000005,0.42652,0.57348,0.24204879392677853,0.2166825933548956,47.79021905215397,Mixed Performer
Tanzania,2015,TZA,52020958.0,131823350494.0,33.538,66.462,370.6,0.306,0.0,32.312,6.53,-52.86200000000001,0.33537999999999996,0.6646200000000001,0.2836108730255908,0.160853425463099,40.44532955630671,Mixed Performer
Tanzania,2016,TZA,53824012.0,140875654933.0,36.217,63.783,328.45,0.44,0.0,34.751,6.82,-50.18300000000001,0.36217,0.63783,0.2513545365495286,0.1772640399882387,43.10529718608536,Mixed Performer
Tanzania,2017,TZA,55652888.0,150417154803.0,34.795,65.205,336.63,0.566,0.0,33.239,7.07,-51.605000000000004,0.34795000000000004,0.65205,0.2576144851230562,0.1685533666568656,41.96493837177658,Mixed Performer
Tanzania,2018,TZA,57437134.0,160884699826.0,31.737,68.263,344.73,0.41,0.0,30.506,7.31,-54.66300000000001,0.31737,0.6826300000000001,0.2638132117056447,0.14982113103989014,39.69418667295723,Transition Laggard
Tanzania,2019,TZA,59174889.0,172128919031.0,33.205,66.795,337.19,0.386,0.0,31.918,7.77,-53.19500000000001,0.33205,0.66795,0.2580430390596302,0.15881358423992936,40.85412778710818,Mixed Performer
Tanzania,2020,TZA,60972803.0,180418650860.0,41.379,58.621,298.85,0.383,0.0,40.102,7.83,-45.02100000000001,0.41379,0.58621,0.22870239990204483,0.20888464177202776,47.2431096290293,Mixed Performer
Tanzania,2021,TZA,62830410.0,189343959556.0,36.879,63.121,320.23,0.347,0.0,35.723,8.65,-49.52100000000001,0.36879,0.63121,0.24506397698053142,0.1813192198373027,43.72058887304625,Mixed Performer
Tanzania,2022,TZA,64711822.0,198220407805.0,30.353,69.647,349.27,0.312,0.0,29.314,9.62,-56.047000000000004,0.30353,0.69647,0.26728755969144113,0.14134323238263252,38.64975949345346,Transition Laggard
Tanzania,2023,TZA,66617607.0,,26.49,73.51,372.75,0.284,0.0,25.544,10.57,-59.91000000000001,0.26489999999999997,0.7351000000000001,0.28525621403208035,0.1176798490640007,35.527792385157994,Transition Laggard
Tanzania,2024,TZA,68560162.0,,32.919,67.081,345.02,0.452,0.0,31.674,8.84,-53.48100000000001,0.32919,0.67081,0.26403514142279905,0.15706164853474464,40.50644619245119,Mixed Performer
Thailand,2000,THA,63007815.0,579217712636.0,6.721,93.279,606.99,0.0,0.0,6.166,95.52,0.0,0.06721,0.93279,0.46451420350189787,0.48466749975497403,24.68975740877716,Transition Laggard
Thailand,2001,THA,63651137.0,596448007832.0,6.723,93.277,603.92,0.0,0.0,6.11,100.99,0.0019999999999997797,0.06723,0.93277,0.46216480959960815,0.48467975105361166,24.749876025813972,Transition Laggard
Thailand,2002,THA,64266433.0,630177413705.0,7.488,92.512,591.76,0.0,0.0,6.796,108.44,0.7670000000000003,0.07488,0.92512,0.45285906697685807,0.489365872782515,25.51181141731627,Transition Laggard
Thailand,2003,THA,64868164.0,672602585235.0,7.28,92.72,590.05,0.0,0.0,6.219,115.94,0.5590000000000002,0.0728,0.9272,0.4515504469205338,0.4880917377241988,25.40061489284964,Transition Laggard
Thailand,2004,THA,65452049.0,712165919937.0,6.235,93.765,598.0,0.0,0.0,4.753,124.13,-0.48599999999999977,0.06235,0.93765,0.45763438227011144,0.4816904341860237,24.525496956037568,Transition Laggard
Thailand,2005,THA,66017415.0,739238460898.0,5.773,94.227,599.56,0.0,0.0,4.347,130.43,-0.9480000000000004,0.05773,0.94227,0.4588282110934247,0.4788603842007253,24.17600048567526,Transition Laggard
Thailand,2006,THA,66567685.0,773067090714.0,7.296,92.704,597.24,0.029,0.0,5.812,136.78,0.5750000000000002,0.07296000000000001,0.92704,0.45705277335618955,0.4881897481133,25.27412688779476,Transition Laggard
Thailand,2007,THA,67102388.0,811667437725.0,7.311,92.689,605.56,0.028,0.0,5.585,142.53,0.5899999999999999,0.07311,0.92689,0.46341986041386063,0.4882816328530824,25.12532798244972,Transition Laggard
Thailand,2008,THA,67619835.0,822020817321.0,6.278,93.722,607.74,0.028,0.0,4.779,145.44,-0.4430000000000005,0.06278,0.9372199999999999,0.4650881596669524,0.48195383710673334,24.36890356492719,Transition Laggard
Thailand,2009,THA,68121077.0,812859746470.0,6.347,93.653,604.73,0.027,0.0,4.777,145.9,-0.37399999999999967,0.06347,0.9365300000000001,0.46278468225786706,0.48237650690973244,24.47423054719931,Transition Laggard
Thailand,2010,THA,68579443.0,870109340511.0,5.566,94.434,605.26,0.038,0.0,3.395,157.57,-1.1550000000000002,0.05566,0.94434,0.46319027794783885,0.47759237479172795,23.92372867317995,Transition Laggard
Thailand,2011,THA,69007212.0,873642799890.0,7.828,92.172,599.8,0.059,0.0,5.173,153.3,1.1070000000000002,0.07828,0.92172,0.4590118770662422,0.4914485935509164,25.593231976607694,Transition Laggard
Thailand,2012,THA,69436091.0,936920832597.0,8.079,91.921,596.89,0.296,0.012,4.989,168.96,1.3580000000000005,0.08079000000000001,0.9192100000000001,0.4567849271458308,0.4929861315299422,25.822568794303358,Transition Laggard
Thailand,2013,THA,69845112.0,962095812070.0,7.501,92.499,601.82,0.747,0.208,3.208,168.64,0.7800000000000002,0.07501000000000001,0.92499,0.46055773233745567,0.48944550622365973,25.3283392849185,Transition Laggard
Thailand,2014,THA,70216362.0,971562808709.0,8.178,91.822,601.29,1.111,0.23,2.97,173.76,1.4570000000000007,0.08178,0.91822,0.4601521366474838,0.4935925708125061,25.80688514600049,Transition Laggard
Thailand,2015,THA,70540787.0,1002011619070.0,7.766,92.234,597.14,1.338,0.186,2.114,177.83,1.045,0.07766,0.9223399999999999,0.4569762458675156,0.49106880329314906,25.601225902709345,Transition Laggard
Thailand,2016,THA,70859835.0,1036430730493.0,8.937,91.063,595.48,1.974,0.211,1.969,179.82,2.2159999999999993,0.08936999999999999,0.91063,0.4557058895555284,0.49824193864549643,26.44318184079423,Transition Laggard
Thailand,2017,THA,71160183.0,1079732734924.0,11.107,88.893,583.32,2.569,0.628,2.654,176.73,4.385999999999999,0.11107,0.88893,0.4464001469327783,0.5115345976673528,28.177215291690832,Transition Laggard
Thailand,2018,THA,71376081.0,1125329902301.0,14.356,85.644,567.79,2.554,0.923,4.275,177.76,7.635,0.14356,0.8564400000000001,0.43451542794171666,0.5314368323042242,30.72226678602044,Transition Laggard
Thailand,2019,THA,71522264.0,1149130685920.0,14.862,85.138,562.28,2.761,1.968,3.383,186.51,8.141,0.14862,0.85138,0.43029876331578304,0.5345364108595512,31.17777707999869,Transition Laggard
Thailand,2020,THA,71641484.0,1078332670656.0,14.211,85.789,570.49,2.85,1.825,2.573,176.48,7.49,0.14211000000000001,0.85789,0.4365816701359128,0.5305486131529942,30.570287443897094,Transition Laggard
Thailand,2021,THA,71727338.0,1095187026392.0,15.009,84.991,566.06,2.829,2.002,2.574,176.36,8.288,0.15009,0.84991,0.43319150238765763,0.5354368813094188,31.207165659949837,Transition Laggard
Thailand,2022,THA,71735321.0,1124143758569.0,15.79,84.21,560.29,2.789,1.658,3.659,180.37,9.068999999999999,0.15789999999999998,0.8421,0.42877586629117176,0.5402210134274233,31.85791854413205,Transition Laggard
Thailand,2023,THA,71702436.0,,15.624,84.376,549.24,2.698,1.963,3.46,190.48,8.903,0.15624000000000002,0.8437600000000001,0.4203195787927024,0.539204155640498,31.954472864789913,Transition Laggard
Thailand,2024,THA,71668010.0,,14.841,85.159,554.73,2.722,1.694,3.213,199.52,8.12,0.14841,0.8515900000000001,0.42452093792090123,0.5344077722238557,31.307693135335303,Transition Laggard
Thailand,2025,THA,71619866.0,,16.575,83.425,545.74,5.302,1.812,4.048,188.24,9.854,0.16575,0.8342499999999999,0.41764111668911474,0.5450296481427032,32.679416804912684,Transition Laggard
Togo,2000,TGO,4783721.0,5742626906.0,55.556,44.444,277.78,0.0,0.0,55.556,0.18,0.0,0.5555599999999999,0.44444000000000006,0.2125780580384474,0.48466749975497403,60.289161045363414,Emerging Improver
Togo,2001,TGO,4904135.0,5728350754.0,38.462,61.538,384.62,0.0,0.0,38.462,0.13,-17.093999999999994,0.38462,0.6153799999999999,0.294340026937676,0.37995565029893175,46.41803408104207,Mixed Performer
Togo,2002,TGO,5027128.0,5709447507.0,56.25,43.75,312.5,0.0,0.0,56.25,0.16,0.6940000000000026,0.5625,0.4375,0.2391484021060365,0.48891870038224056,60.105070453082696,Emerging Improver
Togo,2003,TGO,5154113.0,6045966479.0,66.667,33.333,222.22,0.0,0.0,66.667,0.18,11.111000000000004,0.66667,0.33333,0.17005938533121098,0.5527295893364697,69.03965920676677,Emerging Improver
Togo,2004,TGO,5281320.0,6257433355.0,42.105,57.895,368.42,0.0,0.0,42.105,0.19,-13.451,0.42105,0.5789500000000001,0.2819425737724991,0.40227139076742136,49.24850651719884,Mixed Performer
Togo,2005,TGO,5413151.0,6399681696.0,36.842,63.158,421.05,0.0,0.0,36.842,0.19,-18.714,0.36841999999999997,0.63158,0.32221899106158935,0.3700320984024307,44.600206699496724,Mixed Performer
Togo,2006,TGO,5569659.0,6714729819.0,40.909,59.091,409.09,0.0,0.0,40.909,0.22,-14.646999999999998,0.40909,0.59091,0.3130663034161871,0.3949451141821033,47.64291912732687,Mixed Performer
Togo,2007,TGO,5748437.0,6923652593.0,52.632,47.368,315.79,0.0,0.0,47.368,0.19,-2.9239999999999995,0.52632,0.47368000000000005,0.24166615648340886,0.46675610114672156,57.5388876051156,Mixed Performer
Togo,2008,TGO,5936140.0,7155226201.0,69.231,30.769,230.77,0.0,0.0,69.231,0.13,13.674999999999997,0.69231,0.30768999999999996,0.17660248561283215,0.5684357541899441,70.65007417252835,Emerging Improver
Togo,2009,TGO,6130944.0,7467517725.0,73.333,26.667,200.0,0.0,0.0,73.333,0.15,17.777,0.73333,0.26667,0.15305497734786336,0.5935631676957758,74.07687308174005,Emerging Improver
Togo,2010,TGO,6325791.0,7846071439.0,40.909,59.091,409.09,0.0,0.0,40.909,0.22,-14.646999999999998,0.40909,0.59091,0.3130663034161871,0.3949451141821033,47.64291912732687,Mixed Performer
Togo,2011,TGO,6500577.0,8309244000.0,47.619,52.381,333.33,0.0,0.0,47.619,0.21,-7.936999999999998,0.47619,0.52381,0.25508907799681646,0.4360482211114378,53.73489636675116,Mixed Performer
Togo,2012,TGO,6653719.0,8791743000.0,28.125,71.875,468.75,0.0,0.0,28.125,0.32,-27.430999999999997,0.28125,0.71875,0.35872260315905474,0.31663481329020876,37.656457120376764,Transition Laggard
Togo,2013,TGO,6798851.0,9242968000.0,12.5,87.5,562.5,0.0,0.0,12.5,0.32,-43.056,0.125,0.875,0.43046712379086566,0.22092154268352443,25.052145045481222,Transition Laggard
Togo,2014,TGO,6937647.0,9806234000.0,34.286,65.714,428.57,0.0,0.0,34.286,0.35,-21.269999999999996,0.34286,0.65714,0.32797385820986896,0.35437493874350684,42.68787762590588,Mixed Performer
Togo,2015,TGO,7071500.0,10346240000.0,13.636,86.364,522.73,0.0,0.0,13.636,0.44,-41.92,0.13636,0.8636400000000001,0.4000321415452431,0.2278802803097128,26.599000666014618,Transition Laggard
Togo,2016,TGO,7200883.0,10960546310.0,21.277,78.723,521.28,0.0,0.0,21.277,0.94,-34.278999999999996,0.21277000000000001,0.78723,0.398922492959471,0.274686366754876,31.913433177336366,Transition Laggard
Togo,2017,TGO,7324379.0,11420230383.0,25.926,74.074,481.48,0.0,0.0,25.926,0.81,-29.63,0.25926,0.74074,0.36846455246724624,0.30316451043810644,35.891453844890435,Transition Laggard
Togo,2018,TGO,7458205.0,11989462252.0,35.0,65.0,400.0,1.667,0.0,33.333,0.6,-20.555999999999997,0.35000000000000003,0.65,0.3061099546957267,0.35874865235714987,43.72848091796408,Mixed Performer
Togo,2019,TGO,7619916.0,12579682405.0,21.311,78.689,459.02,1.639,0.0,19.672,0.61,-34.245,0.21311,0.78689,0.3512764785110812,0.27489463883171616,33.12810761969871,Transition Laggard
Togo,2020,TGO,7788058.0,12720130961.0,14.754,85.246,508.2,1.639,0.0,13.115,0.61,-40.802,0.14754,0.85246,0.3889126974409208,0.2347287562481623,27.650513907699413,Transition Laggard
Togo,2021,TGO,7936185.0,13482266787.0,22.535,77.465,464.79,9.859,0.0,12.676,0.71,-33.021,0.22535,0.7746500000000001,0.35569211460756706,0.2823924335979614,33.864583638780246,Transition Laggard
Togo,2022,TGO,8068616.0,14265660408.0,20.0,80.0,477.78,11.111,0.0,8.889,0.9,-35.556,0.2,0.8,0.36563303538631076,0.26686391257473296,31.862132803963224,Transition Laggard
Togo,2023,TGO,8223853.0,,26.761,73.239,436.62,15.493,0.0,11.268,0.71,-28.794999999999998,0.26761,0.7323900000000001,0.3341343210481205,0.30827942761932764,37.3274333880869,Transition Laggard
Togo,2024,TGO,8406554.0,,29.577,70.423,422.54,18.31,0.0,11.268,0.71,-25.978999999999996,0.29577000000000003,0.70423,0.32335925064283094,0.32552925610114675,39.54515757544643,Transition Laggard
Tonga,2000,TON,102695.0,,0.0,100.0,750.0,0.0,0.0,0.0,0.04,0.0,0.0,1.0,0.5739561650544875,0.48466749975497403,17.921108369962422,Transition Laggard
Tonga,2001,TON,103305.0,,0.0,100.0,750.0,0.0,0.0,0.0,0.04,0.0,0.0,1.0,0.5739561650544875,0.48466749975497403,17.921108369962422,Transition Laggard
Tonga,2002,TON,103888.0,,0.0,100.0,750.0,0.0,0.0,0.0,0.04,0.0,0.0,1.0,0.5739561650544875,0.48466749975497403,17.921108369962422,Transition Laggard
Tonga,2003,TON,104481.0,,0.0,100.0,750.0,0.0,0.0,0.0,0.04,0.0,0.0,1.0,0.5739561650544875,0.48466749975497403,17.921108369962422,Transition Laggard
Tonga,2004,TON,105088.0,,0.0,100.0,600.0,0.0,0.0,0.0,0.05,0.0,0.0,1.0,0.45916493204359005,0.48466749975497403,20.79088919523486,Transition Laggard
Tonga,2005,TON,105684.0,,0.0,100.0,600.0,0.0,0.0,0.0,0.05,0.0,0.0,1.0,0.45916493204359005,0.48466749975497403,20.79088919523486,Transition Laggard
Tonga,2006,TON,106266.0,,0.0,100.0,600.0,0.0,0.0,0.0,0.05,0.0,0.0,1.0,0.45916493204359005,0.48466749975497403,20.79088919523486,Transition Laggard
Tonga,2007,TON,106744.0,,0.0,100.0,600.0,0.0,0.0,0.0,0.05,0.0,0.0,1.0,0.45916493204359005,0.48466749975497403,20.79088919523486,Transition Laggard
Tonga,2008,TON,107036.0,,0.0,100.0,600.0,0.0,0.0,0.0,0.05,0.0,0.0,1.0,0.45916493204359005,0.48466749975497403,20.79088919523486,Transition Laggard
Tonga,2009,TON,107219.0,,0.0,100.0,600.0,0.0,0.0,0.0,0.05,0.0,0.0,1.0,0.45916493204359005,0.48466749975497403,20.79088919523486,Transition Laggard
Tonga,2010,TON,107415.0,,0.0,100.0,600.0,0.0,0.0,0.0,0.05,0.0,0.0,1.0,0.45916493204359005,0.48466749975497403,20.79088919523486,Transition Laggard
Tonga,2011,TON,107584.0,,0.0,100.0,600.0,0.0,0.0,0.0,0.05,0.0,0.0,1.0,0.45916493204359005,0.48466749975497403,20.79088919523486,Transition Laggard
Tonga,2012,TON,107476.0,,0.0,100.0,600.0,0.0,0.0,0.0,0.05,0.0,0.0,1.0,0.45916493204359005,0.48466749975497403,20.79088919523486,Transition Laggard
Tonga,2013,TON,107093.0,,0.0,100.0,600.0,0.0,0.0,0.0,0.05,0.0,0.0,1.0,0.45916493204359005,0.48466749975497403,20.79088919523486,Transition Laggard
Tonga,2014,TON,106627.0,,0.0,100.0,600.0,0.0,0.0,0.0,0.05,0.0,0.0,1.0,0.45916493204359005,0.48466749975497403,20.79088919523486,Transition Laggard
Tonga,2015,TON,106110.0,,0.0,100.0,600.0,0.0,0.0,0.0,0.05,0.0,0.0,1.0,0.45916493204359005,0.48466749975497403,20.79088919523486,Transition Laggard
Tonga,2016,TON,105536.0,,0.0,100.0,666.67,0.0,0.0,0.0,0.06,0.0,0.0,1.0,0.5101858087425003,0.48466749975497403,19.515367277762103,Transition Laggard
Tonga,2017,TON,105373.0,,14.286,85.714,571.43,14.286,0.0,0.0,0.07,14.286,0.14286,0.85714,0.43730102852944774,0.572178525923748,31.221752175620022,Transition Laggard
Tonga,2018,TON,105590.0,,14.286,85.714,571.43,14.286,0.0,0.0,0.07,14.286,0.14286,0.85714,0.43730102852944774,0.572178525923748,31.221752175620022,Transition Laggard
Tonga,2019,TON,105688.0,,14.286,85.714,571.43,14.286,0.0,0.0,0.07,14.286,0.14286,0.85714,0.43730102852944774,0.572178525923748,31.221752175620022,Transition Laggard
Tonga,2020,TON,105721.0,,14.286,85.714,571.43,14.286,0.0,0.0,0.07,14.286,0.14286,0.85714,0.43730102852944774,0.572178525923748,31.221752175620022,Transition Laggard
Tonga,2021,TON,105504.0,,14.286,85.714,571.43,14.286,0.0,0.0,0.07,14.286,0.14286,0.85714,0.43730102852944774,0.572178525923748,31.221752175620022,Transition Laggard
Tonga,2022,TON,105053.0,,12.5,87.5,625.0,12.5,0.0,0.0,0.08,12.5,0.125,0.875,0.478296804212073,0.5612381162403215,28.961151638302994,Transition Laggard
Tonga,2023,TON,104613.0,,14.286,85.714,571.43,14.286,0.0,0.0,0.07,14.286,0.14286,0.85714,0.43730102852944774,0.572178525923748,31.221752175620022,Transition Laggard
Tonga,2024,TON,104192.0,,14.286,85.714,571.43,14.286,0.0,0.0,0.07,14.286,0.14286,0.85714,0.43730102852944774,0.572178525923748,31.221752175620022,Transition Laggard
Trinidad and Tobago,2000,TTO,1319781.0,24996996038.0,0.366,99.634,679.49,0.0,0.0,0.0,5.46,0.0,0.00366,0.99634,0.5199966327904983,0.48466749975497403,19.48969667656215,Transition Laggard
Trinidad and Tobago,2001,TTO,1325573.0,25814786793.0,0.532,99.468,680.85,0.0,0.0,0.0,5.64,0.16600000000000004,0.00532,0.99468,0.5210374066364638,0.4856843575418994,19.5785301972169,Transition Laggard
Trinidad and Tobago,2002,TTO,1332017.0,27665233734.0,0.532,99.468,680.85,0.0,0.0,0.0,5.64,0.16600000000000004,0.00532,0.99468,0.5210374066364638,0.4856843575418994,19.5785301972169,Transition Laggard
Trinidad and Tobago,2003,TTO,1338718.0,31435997895.0,0.155,99.845,681.68,0.0,0.0,0.0,6.44,-0.211,0.00155,0.9984500000000001,0.5216725847924574,0.48337498774870136,19.301810196419083,Transition Laggard
Trinidad and Tobago,2004,TTO,1345386.0,33689560531.0,0.311,99.689,681.18,0.0,0.0,0.0,6.43,-0.05499999999999999,0.00311,0.9968899999999999,0.5212899473490877,0.4843305890424385,19.419310151909386,Transition Laggard
Trinidad and Tobago,2005,TTO,1352040.0,35495977662.0,0.284,99.716,680.85,0.0,0.0,0.0,7.05,-0.08200000000000002,0.0028399999999999996,0.9971599999999999,0.5210374066364638,0.4841651965108302,19.406942781750857,Transition Laggard
Trinidad and Tobago,2006,TTO,1358706.0,39852731106.0,0.418,99.582,680.61,0.0,0.0,0.0,7.17,0.05199999999999999,0.00418,0.9958199999999999,0.5208537406636464,0.48498603351955305,19.504246986202137,Transition Laggard
Trinidad and Tobago,2007,TTO,1365381.0,41413662308.0,0.26,99.74,679.69,0.0,0.0,0.0,7.68,-0.10599999999999998,0.0026000000000000003,0.9974,0.5201496877678463,0.4840181809271783,19.412530519711517,Transition Laggard
Trinidad and Tobago,2008,TTO,1372090.0,42494149374.0,0.259,99.741,679.17,0.0,0.0,0.0,7.73,-0.10699999999999998,0.0025900000000000003,0.99741,0.5197517448267417,0.48401205527785945,19.42178720849935,Transition Laggard
Trinidad and Tobago,2009,TTO,1379056.0,40299152132.0,0.255,99.745,679.85,0.0,0.0,0.0,7.84,-0.11099999999999999,0.00255,0.9974500000000001,0.5202721317497245,0.48398755268058413,19.40600999646565,Transition Laggard
Trinidad and Tobago,2010,TTO,1386657.0,41285434067.0,0.0,100.0,681.6,0.0,0.0,0.0,8.48,-0.366,0.0,1.0,0.5216113628015183,0.4824255121042831,19.19609861152629,Transition Laggard
Trinidad and Tobago,2011,TTO,1394990.0,40819362692.0,0.0,100.0,681.51,0.0,0.0,0.0,8.76,-0.366,0.0,1.0,0.5215424880617118,0.4824255121042831,19.197820480021452,Transition Laggard
Trinidad and Tobago,2012,TTO,1403814.0,42669299120.0,0.0,100.0,682.02,0.0,0.0,0.0,9.12,-0.366,0.0,1.0,0.5219327782539488,0.4824255121042831,19.188063225215526,Transition Laggard
Trinidad and Tobago,2013,TTO,1412658.0,44309506041.0,0.0,100.0,682.11,0.0,0.0,0.0,9.5,-0.366,0.0,1.0,0.5220016529937553,0.4824255121042831,19.186341356720362,Transition Laggard
Trinidad and Tobago,2014,TTO,1421135.0,45781910542.0,0.0,100.0,681.19,0.0,0.0,0.0,9.41,-0.366,0.0,1.0,0.5212976000979552,0.4824255121042831,19.203942679115364,Transition Laggard
Trinidad and Tobago,2015,TTO,1429190.0,45435797433.0,0.104,99.896,681.3,0.104,0.0,0.0,9.57,-0.262,0.00104,0.9989600000000001,0.5213817803354965,0.4830625796334411,19.273794186114202,Transition Laggard
Trinidad and Tobago,2016,TTO,1437031.0,42362516644.0,0.106,99.894,681.53,0.106,0.0,0.0,9.42,-0.26,0.00106,0.99894,0.5215577935594465,0.4830748309320788,19.270777624995016,Transition Laggard
Trinidad and Tobago,2017,TTO,1445265.0,40368511597.0,0.107,99.893,681.33,0.107,0.0,0.0,9.32,-0.259,0.00107,0.99893,0.5214047385820987,0.4830809565813976,19.275295884168496,Transition Laggard
Trinidad and Tobago,2018,TTO,1470522.0,40016907555.0,0.108,99.892,681.47,0.108,0.0,0.0,9.23,-0.258,0.00108,0.99892,0.5215118770662422,0.48308708223071645,19.27330930680469,Transition Laggard
Trinidad and Tobago,2019,TTO,1484898.0,40060922958.0,0.109,99.891,681.52,0.109,0.0,0.0,9.2,-0.257,0.00109,0.9989100000000001,0.5215501408105792,0.4830932078800353,19.27304459793605,Transition Laggard
Trinidad and Tobago,2020,TTO,1481026.0,36985045051.0,0.108,99.892,681.47,0.108,0.0,0.0,9.23,-0.258,0.00108,0.99892,0.5215118770662422,0.48308708223071645,19.27330930680469,Transition Laggard
Trinidad and Tobago,2021,TTO,1487715.0,36605213818.0,0.108,99.892,681.77,0.108,0.0,0.0,9.27,-0.258,0.00108,0.99892,0.521741459532264,0.48308708223071645,19.267569745154145,Transition Laggard
Trinidad and Tobago,2022,TTO,1495923.0,37513383973.0,0.105,99.895,682.11,0.105,0.0,0.0,9.5,-0.261,0.00105,0.99895,0.5220016529937553,0.48306870528275997,19.25898925439752,Transition Laggard
Trinidad and Tobago,2023,TTO,1502938.0,,0.105,99.895,681.72,0.105,0.0,0.0,9.52,-0.261,0.00105,0.99895,0.521703195787927,0.48306870528275997,19.266450684543223,Transition Laggard
Trinidad and Tobago,2024,TTO,1507778.0,,0.105,99.895,681.68,0.105,0.0,0.0,9.55,-0.261,0.00105,0.99895,0.5216725847924574,0.48306870528275997,19.26721595942997,Transition Laggard
Tunisia,2000,TUN,9764940.0,71818861344.0,0.755,99.245,586.4,0.0,0.189,0.567,10.59,0.0,0.00755,0.99245,0.44875719358393534,0.48466749975497403,21.504082656726222,Transition Laggard
Tunisia,2001,TUN,9869679.0,75444595962.0,0.615,99.385,586.12,0.0,0.176,0.439,11.38,-0.14,0.00615,0.9938500000000001,0.4485429166156483,0.48380990885033814,21.412575717363865,Transition Laggard
Tunisia,2002,TUN,9971521.0,76877531228.0,0.76,99.24,584.46,0.0,0.253,0.507,11.84,0.0050000000000000044,0.0076,0.9924,0.4472725603036611,0.4846981280015682,21.544657912431997,Transition Laggard
Tunisia,2003,TUN,10071638.0,81240064067.0,1.684,98.316,572.7,0.0,0.266,1.418,11.28,0.9289999999999999,0.01684,0.98316,0.43827292763560677,0.49035822797216505,22.408950228692305,Transition Laggard
Tunisia,2004,TUN,10166170.0,86232298416.0,1.593,98.407,573.35,0.0,0.335,1.257,11.93,0.838,0.01593,0.98407,0.4387703563119873,0.4898007938841517,22.33355300046259,Transition Laggard
Tunisia,2005,TUN,10255474.0,89804282207.0,1.422,98.578,574.25,0.0,0.316,1.106,12.66,0.6669999999999999,0.01422,0.9857800000000001,0.43945910371005265,0.48875330785063215,22.198022025008164,Transition Laggard
Tunisia,2006,TUN,10346408.0,95016289901.0,0.995,99.005,581.48,0.0,0.306,0.689,13.07,0.24,0.00995,0.99005,0.4449920411411779,0.4861376555914927,21.764263805342942,Transition Laggard
Tunisia,2007,TUN,10441705.0,101101822575.0,0.655,99.345,585.88,0.0,0.291,0.364,13.74,-0.09999999999999998,0.00655,0.99345,0.4483592506428309,0.48405493482309125,21.444842756275595,Transition Laggard
Tunisia,2008,TUN,10542637.0,105766317552.0,0.487,99.513,582.46,0.0,0.278,0.209,14.37,-0.268,0.00487,0.9951300000000001,0.4457420105301825,0.48302582573752817,21.394037122808356,Transition Laggard
Tunisia,2009,TUN,10650682.0,109299724050.0,1.18,98.82,577.33,0.0,0.655,0.524,15.26,0.42499999999999993,0.0118,0.9882,0.4418161503612098,0.48727090071547585,21.971659751701893,Transition Laggard
Tunisia,2010,TUN,10765984.0,112484995734.0,1.196,98.804,574.58,0.0,0.881,0.315,15.89,0.44099999999999995,0.01196,0.98804,0.4397116444226767,0.4873689111045771,22.035342556001737,Transition Laggard
Tunisia,2011,TUN,10886041.0,110760053250.0,0.982,99.018,576.07,0.0,0.675,0.307,16.3,0.22699999999999998,0.00982,0.9901800000000001,0.44085190400391827,0.48605802215034793,21.858772732157263,Transition Laggard
Tunisia,2012,TUN,11009649.0,115430801370.0,1.738,98.262,571.19,0.0,1.121,0.617,17.84,0.983,0.01738,0.98262,0.43711736255663036,0.49068901303538176,22.475201131614966,Transition Laggard
Tunisia,2013,TUN,11141365.0,118235775346.0,2.37,97.63,568.36,0.055,1.985,0.331,18.14,1.6150000000000002,0.023700000000000002,0.9763,0.4349516346271581,0.49456042340488093,22.966615485394264,Transition Laggard
Tunisia,2014,TUN,11274295.0,121889250523.0,3.11,96.89,564.58,0.158,2.688,0.264,18.97,2.355,0.0311,0.9689,0.4320588955552835,0.49909340390081347,23.550928669630114,Transition Laggard
Tunisia,2015,TUN,11402270.0,123069138453.0,2.977,97.023,567.76,0.308,2.31,0.359,19.48,2.222,0.029769999999999998,0.97023,0.43449246969511446,0.4982786925414094,23.39806864574328,Transition Laggard
Tunisia,2016,TUN,11528676.0,124443824545.0,3.209,96.791,563.42,0.56,2.394,0.255,19.63,2.454,0.03209,0.9679099999999999,0.4311711766866658,0.49969984318337746,23.641618230584015,Transition Laggard
Tunisia,2017,TUN,11650504.0,127228891219.0,2.915,97.085,566.08,0.632,2.187,0.097,20.58,2.16,0.029150000000000002,0.97085,0.43320680788539245,0.4978989022836421,23.38731333711982,Transition Laggard
Tunisia,2018,TUN,11765515.0,130568635947.0,2.629,97.371,567.4,0.382,2.151,0.096,20.92,1.874,0.02629,0.97371,0.43421697073588833,0.4961469665784573,23.16418023027965,Transition Laggard
Tunisia,2019,TUN,11875084.0,132642060864.0,3.134,96.866,564.94,0.545,2.271,0.318,22.02,2.379,0.03134,0.96866,0.43233439451450967,0.49924041948446535,23.56064642940424,Transition Laggard
Tunisia,2020,TUN,11974058.0,120945694784.0,3.134,96.866,564.55,0.702,2.198,0.234,21.38,2.379,0.03134,0.96866,0.43203593730868123,0.49924041948446535,23.56810785954995,Transition Laggard
Tunisia,2021,TUN,12048625.0,126273349199.0,3.105,96.895,564.38,1.005,1.963,0.137,21.9,2.35,0.03105,0.96895,0.4319058405779356,0.49906277565421936,23.5512956203649,Transition Laggard
Tunisia,2022,TUN,12119338.0,129457959410.0,3.036,96.964,565.62,1.495,1.495,0.047,21.41,2.281,0.03036,0.9696400000000001,0.43285478143749234,0.4986401058512202,23.479832051830993,Transition Laggard
Tunisia,2023,TUN,12200434.0,,3.947,96.053,560.15,2.303,1.598,0.047,21.28,3.192,0.03947,0.96053,0.42866872780702825,0.5042205723806723,24.21479039053438,Transition Laggard
Tunisia,2024,TUN,12277103.0,,4.399,95.601,558.26,2.62,1.731,0.047,21.37,3.644,0.04399,0.95601,0.42722235827109095,0.5069893658727825,24.56368153131446,Transition Laggard
Tunisia,2025,TUN,12348576.0,,4.034,95.966,560.29,2.51,1.479,0.045,22.31,3.279,0.04034,0.95966,0.42877586629117176,0.5047535038714104,24.27230590079186,Transition Laggard
Turkey,2000,TUR,65425957.0,785054993224.0,25.052,74.948,574.13,0.0,0.024,24.827,124.38,0.0,0.25052,0.7494799999999999,0.43936727072364395,0.48466749975497403,36.31703072823351,Transition Laggard
Turkey,2001,TUR,66245125.0,732284634333.0,19.912,80.088,605.29,0.0,0.049,19.642,122.24,-5.140000000000001,0.19912,0.8008799999999999,0.46321323619444105,0.45318166225619916,32.164594028981966,Transition Laggard
Turkey,2002,TUR,67048792.0,796073298321.0,26.436,73.564,536.43,0.0,0.039,26.218,128.46,1.3840000000000003,0.26436,0.73564,0.41051640749357166,0.4931453984122317,37.99587078884418,Transition Laggard
Turkey,2003,TUR,67831735.0,848549642280.0,25.484,74.516,524.8,0.0,0.043,25.319,139.54,0.43200000000000216,0.25484,0.74516,0.4016162605607934,0.48731378026070765,37.559700189890776,Transition Laggard
Turkey,2004,TUR,68592621.0,931152861082.0,30.925,69.075,494.22,0.0,0.04,30.771,149.75,5.873000000000001,0.30925,0.6907500000000001,0.3782141545243052,0.5206434382044497,41.90929770995911,Mixed Performer
Turkey,2005,TUR,69329557.0,1017383777200.0,24.587,75.413,543.59,0.0,0.037,24.476,161.63,-0.46499999999999986,0.24587,0.75413,0.41599577568262525,0.4818190728217191,36.57959170026015,Transition Laggard
Turkey,2006,TUR,70045351.0,1096826103018.0,25.26,74.74,537.48,0.0,0.074,25.101,176.25,0.20800000000000196,0.25260000000000005,0.7474,0.411319946124648,0.4859416348132902,37.162125869083155,Transition Laggard
Turkey,2007,TUR,70750593.0,1158406990670.0,19.037,80.963,577.8,0.0,0.188,18.719,191.52,-6.015000000000001,0.19036999999999998,0.80963,0.4421758295579772,0.44782171910222485,32.085130047583945,Transition Laggard
Turkey,2008,TUR,71562343.0,1179868355277.0,17.351,82.649,593.54,0.0,0.428,16.772,198.37,-7.7010000000000005,0.17351,0.8264900000000001,0.45422125627525406,0.43749387435068116,30.61747670837886,Transition Laggard
Turkey,2009,TUR,72464846.0,1122756788420.0,19.583,80.417,577.02,0.0,0.77,18.459,194.81,-5.469000000000001,0.19582999999999998,0.80417,0.4415789151463205,0.4511663236303048,32.47782197579656,Transition Laggard
Turkey,2010,TUR,73346766.0,1240496805446.0,26.385,73.615,525.05,0.0,1.383,24.529,211.18,1.333000000000002,0.26385000000000003,0.73615,0.40180757928247823,0.4928329902969715,38.178305372392614,Transition Laggard
Turkey,2011,TUR,74215203.0,1364782716000.0,25.324,74.676,541.0,0.0,2.058,22.817,229.39,0.272000000000002,0.25324,0.7467600000000001,0.4140137137259704,0.4863336763696952,37.13906230239616,Transition Laggard
Turkey,2012,TUR,75197196.0,1430132002360.0,27.229,72.771,527.79,0.0,2.447,24.16,239.49,2.1769999999999996,0.27229,0.72771,0.40390443247214397,0.49800303832206216,38.70983476302733,Transition Laggard
Turkey,2013,TUR,76403032.0,1551491738617.0,28.824,71.176,509.97,0.0,3.148,24.743,240.15,3.772000000000002,0.28824,0.7117600000000001,0.3902672339904494,0.5077734489855925,40.154320885022656,Mixed Performer
Turkey,2014,TUR,78036154.0,1628131977724.0,20.885,79.115,567.26,0.008,3.382,16.13,251.95,-4.166999999999998,0.20885,0.79115,0.4341098322517448,0.4591419190434186,33.56538297935766,Transition Laggard
Turkey,2015,TUR,80014222.0,1727192876718.0,31.956,68.044,504.64,0.073,4.45,25.652,261.77,6.904,0.31956,0.6804399999999999,0.3861883188441288,0.5269589826521611,42.423276768679195,Mixed Performer
Turkey,2016,TUR,81652087.0,1784590365590.0,32.886,67.114,522.78,0.379,5.656,24.501,274.4,7.834000000000003,0.32886000000000004,0.6711400000000001,0.40007040528958,0.532655836518671,42.719677415540566,Mixed Performer
Turkey,2017,TUR,83083667.0,1918472081554.0,29.345,70.655,534.26,0.972,6.021,19.584,297.29,4.292999999999999,0.29345,0.70655,0.4088557609893474,0.5109649122807017,40.05007965947684,Mixed Performer
Turkey,2018,TUR,84415966.0,1975637604336.0,32.257,67.743,541.83,2.599,6.617,19.907,300.15,7.204999999999998,0.32256999999999997,0.67743,0.414648891881964,0.5288028030971283,41.92001974940782,Mixed Performer
Turkey,2019,TUR,85357670.0,1991116616493.0,43.797,56.203,488.44,3.188,7.206,29.529,300.18,18.744999999999997,0.43796999999999997,0.56203,0.37379086567895187,0.5994927962364011,50.92582030157221,Mixed Performer
Turkey,2020,TUR,86091691.0,2029749392174.0,42.162,57.838,482.45,3.709,8.149,25.781,302.0,17.11,0.42162,0.57838,0.3692068691073834,0.5894773596001176,49.90918866631718,Mixed Performer
Turkey,2021,TUR,86686254.0,2260196231771.0,35.4,64.6,500.61,4.05,9.461,16.93,327.88,10.347999999999999,0.354,0.6459999999999999,0.3831042610505694,0.5480557189062041,44.88322925732883,Mixed Performer
Turkey,2022,TUR,87058469.0,2385996374127.0,41.911,58.089,487.93,4.729,10.822,20.795,320.56,16.859,0.41911000000000004,0.58089,0.37340057548671485,0.5879398216210918,49.6306829371485,Mixed Performer
Turkey,2023,TUR,87270502.0,,42.009,57.991,493.73,5.754,10.594,19.926,319.79,16.957,0.42009,0.57991,0.37783916982980287,0.588540135254337,49.58752278306998,Mixed Performer
Turkey,2024,TUR,87473800.0,,45.614,54.386,469.74,7.523,10.705,21.853,341.23,20.561999999999998,0.45614,0.54386,0.3594802252969267,0.6106231010487111,52.5407408833075,Mixed Performer
Turkey,2025,TUR,87685427.0,,43.257,56.743,474.74,10.527,11.14,16.184,353.86,18.205,0.43257,0.56743,0.36330659973062324,0.5961849456042341,50.81430919079792,Mixed Performer
Turkmenistan,2000,TKM,4582675.0,18299208667.0,0.0,100.0,1306.6,0.0,0.0,0.0,9.85,0.0,0.0,1.0,0.9999081670135912,0.48466749975497403,7.27230832098483,Transition Laggard
Turkmenistan,2001,TKM,4675416.0,22282743473.0,0.0,100.0,1306.32,0.0,0.0,0.0,10.61,0.0,0.0,1.0,0.9996938900453043,0.48466749975497403,7.2776652451920025,Transition Laggard
Turkmenistan,2002,TKM,4769473.0,26092440396.0,0.0,100.0,1306.54,0.0,0.0,0.0,10.7,0.0,0.0,1.0,0.9998622505203869,0.48466749975497403,7.2734562333149375,Transition Laggard
Turkmenistan,2003,TKM,4863871.0,30907677346.0,0.0,100.0,1306.48,0.0,0.0,0.0,10.8,0.0,0.0,1.0,0.9998163340271826,0.48466749975497403,7.2746041456450445,Transition Laggard
Turkmenistan,2004,TKM,4958091.0,35857575608.0,0.0,100.0,1306.21,0.0,0.0,0.0,11.92,0.0,0.0,1.0,0.999609709807763,0.48466749975497403,7.2797697511305355,Transition Laggard
Turkmenistan,2005,TKM,5052260.0,41000508021.0,0.0,100.0,1306.55,0.0,0.0,0.0,12.82,0.0,0.0,1.0,0.9998699032692543,0.48466749975497403,7.273264914593253,Transition Laggard
Turkmenistan,2006,TKM,5147103.0,46019998793.0,0.0,100.0,1306.23,0.0,0.0,0.0,13.65,0.0,0.0,1.0,0.9996250153054977,0.48466749975497403,7.279387113687166,Transition Laggard
Turkmenistan,2007,TKM,5244047.0,51693703669.0,0.0,100.0,1306.45,0.0,0.0,0.0,14.88,0.0,0.0,1.0,0.9997933757805805,0.48466749975497403,7.2751781018100985,Transition Laggard
Turkmenistan,2008,TKM,5345033.0,60001295021.0,0.0,100.0,1306.52,0.0,0.0,0.0,15.04,0.0,0.0,1.0,0.9998469450226521,0.48466749975497403,7.273838870758306,Transition Laggard
Turkmenistan,2009,TKM,5451597.0,64409212896.0,0.0,100.0,1306.63,0.0,0.0,0.0,15.98,0.0,0.0,1.0,0.9999311252601936,0.48466749975497403,7.271734364819771,Transition Laggard
Turkmenistan,2010,TKM,5564356.0,71115148352.0,0.0,100.0,1306.72,0.0,0.0,0.0,16.66,0.0,0.0,1.0,1.0,0.48466749975497403,7.27001249632461,Transition Laggard
Turkmenistan,2011,TKM,5683413.0,82520290491.0,0.0,100.0,1306.62,0.0,0.0,0.0,17.22,0.0,0.0,1.0,0.999923472511326,0.48466749975497403,7.271925683541461,Transition Laggard
Turkmenistan,2012,TKM,5808548.0,87581261691.0,0.0,100.0,1306.48,0.0,0.0,0.0,17.75,0.0,0.0,1.0,0.9998163340271826,0.48466749975497403,7.2746041456450445,Transition Laggard
Turkmenistan,2013,TKM,5939348.0,87286119372.0,0.0,100.0,1306.31,0.0,0.0,0.0,18.87,0.0,0.0,1.0,0.9996862372964368,0.48466749975497403,7.27785656391369,Transition Laggard
Turkmenistan,2014,TKM,6075286.0,90639646545.0,0.0,100.0,1306.37,0.0,0.0,0.0,20.4,0.0,0.0,1.0,0.9997321537896412,0.48466749975497403,7.27670865158358,Transition Laggard
Turkmenistan,2015,TKM,6215773.0,93346148579.0,0.0,100.0,1306.7,0.0,0.0,0.0,22.53,0.0,0.0,1.0,0.9999846945022652,0.48466749975497403,7.270395133767979,Transition Laggard
Turkmenistan,2016,TKM,6360041.0,92434154525.0,0.0,100.0,1306.7,0.0,0.0,0.0,22.53,0.0,0.0,1.0,0.9999846945022652,0.48466749975497403,7.270395133767979,Transition Laggard
Turkmenistan,2017,TKM,6507065.0,96785037864.0,0.0,100.0,1306.4,0.0,0.0,0.0,23.89,0.0,0.0,1.0,0.9997551120362435,0.48466749975497403,7.2761346954185235,Transition Laggard
Turkmenistan,2018,TKM,6655523.0,97638670425.0,0.0,100.0,1306.39,0.0,0.0,0.0,25.36,0.0,0.0,1.0,0.9997474592873761,0.48466749975497403,7.276326014140208,Transition Laggard
Turkmenistan,2019,TKM,6803943.0,94329707021.0,0.0,100.0,1306.67,0.0,0.0,0.0,22.5,0.0,0.0,1.0,0.9999617362556631,0.48466749975497403,7.270969089933033,Transition Laggard
Turkmenistan,2020,TKM,6949915.0,91559235694.0,0.0,100.0,1306.68,0.0,0.0,0.0,25.76,0.0,0.0,1.0,0.9999693890045305,0.48466749975497403,7.270777771211348,Transition Laggard
Turkmenistan,2021,TKM,7092042.0,95789282239.0,0.035,99.965,1305.99,0.0,0.0,0.035,28.4,0.035,0.00035000000000000005,0.99965,0.9994413493326804,0.48488189748113303,7.308194728899984,Transition Laggard
Turkmenistan,2022,TKM,7230197.0,97502944727.0,0.031,99.969,1306.14,0.0,0.0,0.031,32.6,0.031,0.00031,0.99969,0.9995561405656913,0.4848573948838577,7.3025574091155825,Transition Laggard
Turkmenistan,2023,TKM,7364437.0,,0.031,99.969,1306.14,0.0,0.0,0.031,32.6,0.031,0.00031,0.99969,0.9995561405656913,0.4848573948838577,7.3025574091155825,Transition Laggard
Turkmenistan,2024,TKM,7494494.0,,0.03,99.97,1306.27,0.0,0.0,0.03,33.01,0.03,0.0003,0.9997,0.9996556263009673,0.48485126923453886,7.2993783809938995,Transition Laggard
Turks and Caicos Islands,2000,TCA,18754.0,,0.0,100.0,625.0,0.0,0.0,0.0,0.08,0.0,0.0,1.0,0.478296804212073,0.48466749975497403,20.312592391022786,Transition Laggard
Turks and Caicos Islands,2001,TCA,19603.0,,0.0,100.0,625.0,0.0,0.0,0.0,0.08,0.0,0.0,1.0,0.478296804212073,0.48466749975497403,20.312592391022786,Transition Laggard
Turks and Caicos Islands,2002,TCA,20619.0,,0.0,100.0,700.0,0.0,0.0,0.0,0.1,0.0,0.0,1.0,0.5356924207175218,0.48466749975497403,18.877701978386565,Transition Laggard
Turks and Caicos Islands,2003,TCA,21749.0,,0.0,100.0,636.36,0.0,0.0,0.0,0.11,0.0,0.0,1.0,0.48699032692543165,0.48466749975497403,20.09525432318882,Transition Laggard
Turks and Caicos Islands,2004,TCA,22881.0,,0.0,100.0,666.67,0.0,0.0,0.0,0.12,0.0,0.0,1.0,0.5101858087425003,0.48466749975497403,19.515367277762103,Transition Laggard
Turks and Caicos Islands,2005,TCA,24011.0,,0.0,100.0,692.31,0.0,0.0,0.0,0.13,0.0,0.0,1.0,0.5298074568384964,0.48466749975497403,19.0248260753622,Transition Laggard
Turks and Caicos Islands,2006,TCA,25146.0,,0.0,100.0,687.5,0.0,0.0,0.0,0.16,0.0,0.0,1.0,0.5261264846332803,0.48466749975497403,19.116850380492604,Transition Laggard
Turks and Caicos Islands,2007,TCA,26290.0,,0.0,100.0,666.67,0.0,0.0,0.0,0.18,0.0,0.0,1.0,0.5101858087425003,0.48466749975497403,19.515367277762103,Transition Laggard
Turks and Caicos Islands,2008,TCA,27452.0,,0.0,100.0,684.21,0.0,0.0,0.0,0.19,0.0,0.0,1.0,0.5236087302559079,0.48466749975497403,19.179794239926913,Transition Laggard
Turks and Caicos Islands,2009,TCA,28610.0,,0.0,100.0,650.0,0.0,0.0,0.0,0.2,0.0,0.0,1.0,0.4974286763805559,0.48466749975497403,19.83429558681071,Transition Laggard
Turks and Caicos Islands,2010,TCA,29763.0,,0.0,100.0,666.67,0.0,0.0,0.0,0.21,0.0,0.0,1.0,0.5101858087425003,0.48466749975497403,19.515367277762103,Transition Laggard
Turks and Caicos Islands,2011,TCA,30870.0,,0.0,100.0,666.67,0.0,0.0,0.0,0.21,0.0,0.0,1.0,0.5101858087425003,0.48466749975497403,19.515367277762103,Transition Laggard
Turks and Caicos Islands,2012,TCA,32152.0,,0.0,100.0,666.67,0.0,0.0,0.0,0.21,0.0,0.0,1.0,0.5101858087425003,0.48466749975497403,19.515367277762103,Transition Laggard
Turks and Caicos Islands,2013,TCA,33675.0,,0.0,100.0,666.67,0.0,0.0,0.0,0.21,0.0,0.0,1.0,0.5101858087425003,0.48466749975497403,19.515367277762103,Transition Laggard
Turks and Caicos Islands,2014,TCA,35077.0,,0.0,100.0,652.17,0.0,0.0,0.0,0.23,0.0,0.0,1.0,0.4990893228847802,0.48466749975497403,19.792779424205108,Transition Laggard
Turks and Caicos Islands,2015,TCA,36632.0,,0.0,100.0,652.17,0.0,0.0,0.0,0.23,0.0,0.0,1.0,0.4990893228847802,0.48466749975497403,19.792779424205108,Transition Laggard
Turks and Caicos Islands,2016,TCA,38342.0,,0.0,100.0,640.0,0.0,0.0,0.0,0.25,0.0,0.0,1.0,0.48977592751316273,0.48466749975497403,20.02561430849554,Transition Laggard
Turks and Caicos Islands,2017,TCA,39931.0,,0.0,100.0,655.17,0.0,0.0,0.0,0.29,0.0,0.0,1.0,0.5013851475449982,0.48466749975497403,19.735383807699655,Transition Laggard
Turks and Caicos Islands,2018,TCA,41580.0,,0.0,100.0,653.85,0.0,0.0,0.0,0.26,0.0,0.0,1.0,0.5003749846945023,0.48466749975497403,19.760637878962054,Transition Laggard
Turks and Caicos Islands,2019,TCA,43191.0,,0.0,100.0,653.85,0.0,0.0,0.0,0.26,0.0,0.0,1.0,0.5003749846945023,0.48466749975497403,19.760637878962054,Transition Laggard
Turks and Caicos Islands,2020,TCA,44405.0,,0.0,100.0,640.0,0.0,0.0,0.0,0.25,0.0,0.0,1.0,0.48977592751316273,0.48466749975497403,20.02561430849554,Transition Laggard
Turks and Caicos Islands,2021,TCA,45262.0,,0.0,100.0,653.85,0.0,0.0,0.0,0.26,0.0,0.0,1.0,0.5003749846945023,0.48466749975497403,19.760637878962054,Transition Laggard
Turks and Caicos Islands,2022,TCA,45869.0,,0.0,100.0,653.85,0.0,0.0,0.0,0.26,0.0,0.0,1.0,0.5003749846945023,0.48466749975497403,19.760637878962054,Transition Laggard
Turks and Caicos Islands,2023,TCA,46221.0,,0.0,100.0,653.85,0.0,0.0,0.0,0.26,0.0,0.0,1.0,0.5003749846945023,0.48466749975497403,19.760637878962054,Transition Laggard
Turks and Caicos Islands,2024,TCA,46563.0,,3.704,96.296,629.63,3.704,0.0,0.0,0.27,3.704,0.037040000000000003,0.96296,0.481840026937676,0.5073569048319122,22.786752899036784,Transition Laggard
Uganda,2000,UGA,24000158.0,28839086120.0,99.371,0.629,37.74,0.0,0.0,97.484,1.59,0.0,0.99371,0.0062900000000000005,0.028881474225541815,0.48466749975497403,91.17057564068605,Transition Leader
Uganda,2001,UGA,24745678.0,31387264047.0,99.371,0.629,37.74,0.0,0.0,97.484,1.59,0.0,0.99371,0.0062900000000000005,0.028881474225541815,0.48466749975497403,91.17057564068605,Transition Leader
Uganda,2002,UGA,25532872.0,33626854165.0,99.419,0.581,34.88,0.0,0.0,97.093,1.72,0.04800000000000182,0.99419,0.00581,0.02669278804946737,0.4849615309222778,91.25850326259749,Transition Leader
Uganda,2003,UGA,26352124.0,35593796200.0,99.444,0.556,33.33,0.0,0.0,97.222,1.8,0.0730000000000075,0.9944400000000001,0.005560000000000001,0.025506611975021427,0.4851146721552485,91.3054547829532,Transition Leader
Uganda,2004,UGA,27154513.0,37411396915.0,100.0,0.0,25.77,0.0,0.0,97.423,1.94,0.6290000000000049,1.0,0.0,0.019721133831272192,0.4885205331765167,91.83477965186594,Transition Leader
Uganda,2005,UGA,27963287.0,40921116463.0,96.429,3.571,51.02,0.0,0.0,93.878,1.96,-2.941999999999993,0.9642900000000001,0.035710000000000006,0.03904432472143994,0.4666458394589827,88.88097947384874,Transition Leader
Uganda,2006,UGA,28794005.0,43572248099.0,76.25,23.75,181.25,0.625,0.0,72.5,1.6,-23.120999999999995,0.7625000000000001,0.23750000000000002,0.13870607322150116,0.3430363618543566,72.42789359727782,Emerging Improver
Uganda,2007,UGA,29653437.0,46853864818.0,73.0,27.0,200.0,0.5,0.0,70.0,2.0,-26.370999999999995,0.73,0.27,0.15305497734786336,0.32312800156816623,69.82054558982591,Emerging Improver
Uganda,2008,UGA,30539547.0,51468911832.0,74.249,25.751,193.13,0.858,0.0,69.957,2.33,-25.122,0.74249,0.25751,0.14779753887596425,0.33077893756738214,70.81614559161162,Emerging Improver
Uganda,2009,UGA,31451147.0,55303695281.0,63.636,36.364,264.46,0.826,0.0,57.851,2.42,-35.73499999999999,0.63636,0.36363999999999996,0.2023845965470797,0.26576742134666276,62.10849640652295,Emerging Improver
Uganda,2010,UGA,32390801.0,59228535712.0,59.489,40.511,291.97,0.73,0.0,54.38,2.74,-39.882,0.59489,0.40511,0.22343730868127834,0.24036435362148387,58.71293258729029,Mixed Performer
Uganda,2011,UGA,33354541.0,62855840742.0,61.278,38.722,278.2,0.752,0.0,57.519,2.66,-38.092999999999996,0.61278,0.38722,0.21289947349087793,0.25132314025286684,60.214160266521056,Emerging Improver
Uganda,2012,UGA,34337436.0,64322268140.0,90.0,10.0,96.55,1.034,0.0,84.483,2.9,-9.370999999999995,0.9,0.1,0.07388729031468103,0.4272640399882388,83.56177834195657,Transition Leader
Uganda,2013,UGA,35337050.0,66855286085.0,100.0,0.0,35.83,0.977,0.0,93.485,3.07,0.6290000000000049,1.0,0.0,0.02741979919186972,0.4885205331765167,91.64231301785101,Transition Leader
Uganda,2014,UGA,36395542.0,70696115682.0,97.214,2.786,55.73,0.929,0.0,88.854,3.23,-2.1569999999999965,0.97214,0.02786,0.04264876943798212,0.4714544741742625,89.33399787666438,Transition Leader
Uganda,2015,UGA,37531444.0,76356053069.0,97.746,2.254,56.34,0.845,0.0,87.042,3.55,-1.625,0.97746,0.02254,0.04311558711889311,0.47471331961187885,89.69041011620585,Transition Leader
Uganda,2016,UGA,38799153.0,76477462940.0,98.143,1.857,55.7,1.061,0.0,87.533,3.77,-1.2279999999999944,0.98143,0.01857,0.042625811191379946,0.4771452023914535,89.9773327560873,Transition Leader
Uganda,2017,UGA,40177384.0,81700865546.0,98.148,1.852,47.62,1.587,0.0,91.005,3.78,-1.222999999999999,0.98148,0.018520000000000002,0.036442390106526265,0.47717583063804764,90.13537770690756,Transition Leader
Uganda,2018,UGA,41565839.0,86196050499.0,92.791,7.209,81.4,1.628,0.0,84.651,4.3,-6.579999999999998,0.92791,0.07209,0.06229337578058039,0.44436072723708714,85.78267651404178,Transition Leader
Uganda,2019,UGA,42999636.0,92903828922.0,96.943,3.057,56.77,2.838,0.0,88.21,4.58,-2.4279999999999973,0.96943,0.03057,0.04344465532019102,0.46979442320886017,89.12659996512812,Transition Leader
Uganda,2020,UGA,44457148.0,91695146192.0,97.391,2.609,54.35,3.043,0.0,88.696,4.6,-1.9799999999999898,0.97391,0.026090000000000002,0.04159269009428187,0.4725387141036951,89.48286345919838,Transition Leader
Uganda,2021,UGA,45910931.0,97200521048.0,97.533,2.467,55.03,2.467,0.0,88.046,5.27,-1.8379999999999939,0.97533,0.02467,0.042113077017264605,0.4734085563069686,89.5681014191729,Transition Leader
Uganda,2022,UGA,47312718.0,101995416951.0,97.391,2.609,57.39,2.609,0.0,86.609,5.75,-1.9799999999999898,0.97391,0.026090000000000002,0.04391912574996939,0.4725387141036951,89.4247025678062,Transition Leader
Uganda,2023,UGA,48656606.0,,97.054,2.946,58.93,2.6,0.0,86.308,5.77,-2.316999999999993,0.9705400000000001,0.029460000000000004,0.04509764907554794,0.47047437028325007,89.16207432736005,Transition Leader
Uganda,2024,UGA,50015091.0,,97.074,2.926,58.52,2.926,0.0,86.059,5.81,-2.296999999999997,0.97074,0.02926,0.04478388637198482,0.4705968832696266,89.18375608974478,Transition Leader
Ukraine,2000,UKR,49556654.0,253196030608.0,6.564,48.429,402.47,0.0,0.006,6.558,171.84,0.0,0.06564,0.48429000000000005,0.3080001836659728,0.48466749975497403,39.76015790467529,Transition Laggard
Ukraine,2001,UKR,49106854.0,281110336028.0,6.953,49.094,408.83,0.0,0.012,6.942,173.3,0.38900000000000023,0.06953000000000001,0.49094000000000004,0.3128673319456349,0.48705037733999806,39.6441223614591,Transition Laggard
Ukraine,2002,UKR,48677280.0,301087057315.0,5.545,49.641,414.18,0.0,0.011,5.534,174.03,-1.0190000000000001,0.05545,0.49641,0.3169615525896902,0.4784254630990885,38.782843131744066,Transition Laggard
Ukraine,2003,UKR,48315133.0,335257370240.0,5.133,49.784,410.73,0.0,0.017,5.117,180.58,-1.431,0.05133,0.49784,0.3143213542304396,0.47590169557973144,38.63104157793498,Transition Laggard
Ukraine,2004,UKR,47979502.0,381078098070.0,6.457,45.845,368.12,0.0,0.016,6.44,182.44,-0.1070000000000002,0.06457,0.45845,0.2817129913064773,0.48401205527785945,41.01605604650595,Mixed Performer
Ukraine,2005,UKR,47585558.0,399366244154.0,6.653,45.727,374.86,0.0,0.021,6.631,186.39,0.08899999999999952,0.06652999999999999,0.45726999999999995,0.2868709440431003,0.4852126825443497,41.00321663708774,Mixed Performer
Ukraine,2006,UKR,47278691.0,436786761547.0,6.678,46.723,404.27,0.0,0.021,6.658,193.61,0.11399999999999988,0.06678,0.46723,0.30937767846210357,0.4853658237773204,40.20259539510721,Mixed Performer
Ukraine,2007,UKR,47062802.0,480580682697.0,5.335,47.511,416.05,0.0,0.025,5.167,196.25,-1.229,0.05335,0.47511000000000003,0.31839261662789275,0.4771390767421347,39.1867707354347,Transition Laggard
Ukraine,2008,UKR,46819168.0,499592169886.0,6.138,47.212,417.96,0.0,0.026,5.977,192.58,-0.42600000000000016,0.06138,0.47212000000000004,0.3198542916615648,0.48205797314515336,39.579812305638185,Transition Laggard
Ukraine,2009,UKR,46623731.0,431074416655.0,6.981,45.257,409.65,0.0,0.023,6.877,173.61,0.4169999999999998,0.06981,0.45257,0.3134948573527611,0.4872218955209252,40.60005699899485,Mixed Performer
Ukraine,2010,UKR,46455997.0,439429783004.0,7.091,45.694,409.86,0.0,0.026,6.964,188.82,0.5270000000000001,0.07091,0.45694,0.3136555650789764,0.48789571694599626,40.53539662721553,Mixed Performer
Ukraine,2011,UKR,46307854.0,471221167316.0,5.74,47.966,427.6,0.015,0.046,5.612,194.95,-0.8239999999999998,0.05740000000000001,0.47966000000000003,0.3272315415697319,0.47961996471625995,39.0310109315006,Transition Laggard
Ukraine,2012,UKR,46210051.0,472276721174.0,5.647,49.03,441.87,0.166,0.146,5.27,198.88,-0.9169999999999998,0.056470000000000006,0.4903,0.3381520142035019,0.4790502793296089,38.45090383485658,Transition Laggard
Ukraine,2013,UKR,46126760.0,472286166147.0,7.774,49.416,448.99,0.293,0.329,7.1,194.37,1.21,0.07774,0.49416,0.34360077139708584,0.49207953543075567,39.158073746534185,Transition Laggard
Ukraine,2014,UKR,45972379.0,441233307180.0,5.563,46.089,417.68,0.235,0.618,4.638,182.82,-1.0010000000000003,0.05563,0.46089,0.31964001469327785,0.4785357247868274,39.61183550447046,Transition Laggard
Ukraine,2015,UKR,45784904.0,398045419167.0,4.338,42.125,380.13,0.293,0.66,3.299,163.68,-2.226,0.04338,0.42125,0.2909039426962165,0.47103180437126335,40.77992849816353,Mixed Performer
Ukraine,2016,UKR,45616831.0,407666198456.0,5.626,45.188,408.49,0.298,0.577,4.666,164.58,-0.9379999999999997,0.056260000000000004,0.45188000000000006,0.3126071384841435,0.4789216406939136,40.04074614830512,Mixed Performer
Ukraine,2017,UKR,45436037.0,417287091525.0,6.96,38.195,347.22,0.461,0.628,5.736,156.04,0.3959999999999999,0.0696,0.38195,0.26571874617362556,0.48709325688522986,43.550680198937805,Mixed Performer
Ukraine,2018,UKR,45208903.0,431842093109.0,8.151,39.053,349.31,0.694,0.744,6.524,159.86,1.5869999999999997,0.08151,0.39053,0.2673181706869107,0.49438890522395373,43.822479311186534,Mixed Performer
Ukraine,2019,UKR,44957451.0,445656664440.0,7.701,38.452,341.51,1.901,1.31,4.223,154.14,1.1369999999999996,0.07701,0.38452,0.2613490265703441,0.49163236303048125,43.92310978119862,Mixed Performer
Ukraine,2020,UKR,44680008.0,428931213784.0,11.469,36.971,325.39,3.634,2.206,5.115,147.79,4.904999999999999,0.11469,0.36971,0.24901279539610627,0.5147138096638244,46.26678726005471,Mixed Performer
Ukraine,2021,UKR,44298642.0,443313281092.0,13.852,31.041,279.47,4.155,2.442,6.673,156.44,7.288,0.13852,0.31041,0.21387137259703687,0.529311231990591,49.68083416493294,Mixed Performer
Ukraine,2022,UKR,41048768.0,309166674673.0,16.411,27.827,250.47,4.556,1.273,9.883,111.51,9.847000000000001,0.16411,0.27827,0.19167840088159668,0.5449867685974713,52.16994150692216,Mixed Performer
United Arab Emirates,2000,ARE,3493583.0,160530689682.0,0.0,100.0,676.77,0.0,0.0,,39.94,0.0,0.0,1.0,0.5179150850985674,0.48466749975497403,19.322135368860422,Transition Laggard
United Arab Emirates,2001,ARE,3723596.0,177271829556.0,0.0,100.0,676.63,0.0,0.0,,43.17,0.0,0.0,1.0,0.5178079466144239,0.48466749975497403,19.324813830964015,Transition Laggard
United Arab Emirates,2002,ARE,3956829.0,195394872658.0,0.0,100.0,676.84,0.0,0.0,,46.85,0.0,0.0,1.0,0.5179686543406392,0.48466749975497403,19.320796137808628,Transition Laggard
United Arab Emirates,2003,ARE,4192465.0,224547226340.0,0.0,100.0,676.64,0.0,0.0,,49.45,0.0,0.0,1.0,0.5178155993632912,0.48466749975497403,19.32462251224233,Transition Laggard
United Arab Emirates,2004,ARE,4428964.0,252047957126.0,0.0,100.0,676.78,0.0,0.0,,52.41,0.0,0.0,1.0,0.5179227378474348,0.48466749975497403,19.32194405013874,Transition Laggard
United Arab Emirates,2005,ARE,4664797.0,262413275144.0,0.0,100.0,676.77,0.0,0.0,,60.7,0.0,0.0,1.0,0.5179150850985674,0.48466749975497403,19.322135368860422,Transition Laggard
United Arab Emirates,2006,ARE,5009106.0,307378573765.0,0.0,100.0,676.81,0.0,0.0,,62.44,0.0,0.0,1.0,0.517945696094037,0.48466749975497403,19.321370093973687,Transition Laggard
United Arab Emirates,2007,ARE,5624640.0,367816178792.0,0.0,100.0,676.74,0.0,0.0,,78.76,0.0,0.0,1.0,0.5178921268519653,0.48466749975497403,19.322709325025478,Transition Laggard
United Arab Emirates,2008,ARE,6302669.0,464692468324.0,0.0,100.0,676.73,0.0,0.0,,80.46,0.0,0.0,1.0,0.5178844741030979,0.48466749975497403,19.32290064374716,Transition Laggard
United Arab Emirates,2009,ARE,6707063.0,480551549339.0,0.012,99.988,676.66,0.012,0.0,,85.7,0.012,0.00012,0.99988,0.517830904861026,0.48474100754679994,19.33254249167635,Transition Laggard
United Arab Emirates,2010,ARE,6938372.0,490048925162.0,0.021,99.979,676.64,0.021,0.0,,93.95,0.021,0.00021,0.9997900000000001,0.5178155993632912,0.48479613839066943,19.33915209177776,Transition Laggard
United Arab Emirates,2011,ARE,7199436.0,551070287560.0,0.02,99.98,676.59,0.02,0.0,,99.13,0.02,0.0002,0.9998,0.5177773356189543,0.4847900127413506,19.3394168006464,Transition Laggard
United Arab Emirates,2012,ARE,7497122.0,577394943300.0,0.019,99.981,676.58,0.019,0.0,,106.21,0.019,0.00019,0.99981,0.517769682870087,0.48478388709203174,19.3389162346283,Transition Laggard
United Arab Emirates,2013,ARE,7831851.0,606587973942.0,0.082,99.918,676.15,0.082,0.0,,109.99,0.082,0.0008200000000000001,0.9991800000000001,0.517440614668789,0.4851698029991179,19.39073167826704,Transition Laggard
United Arab Emirates,2014,ARE,8236880.0,631858461256.0,0.266,99.734,675.05,0.266,0.0,,116.54,0.266,0.00266,0.99734,0.5165988122933758,0.4862969224737822,19.539083529772338,Transition Laggard
United Arab Emirates,2015,ARE,8674633.0,674742705535.0,0.236,99.764,675.22,0.236,0.0,,127.38,0.236,0.00236,0.99764,0.5167289090241215,0.48611315299421737,19.515074569310222,Transition Laggard
United Arab Emirates,2016,ARE,9030873.0,712265114847.0,0.247,99.753,675.26,0.247,0.0,,129.61,0.247,0.00247,0.99753,0.516759520019591,0.4861805351367245,19.52192002656109,Transition Laggard
United Arab Emirates,2017,ARE,9234330.0,717500233045.0,0.557,99.443,673.26,0.557,0.0,,134.57,0.557,0.00557,0.99443,0.5152289702461124,0.4880794864255611,19.774668040230605,Transition Laggard
United Arab Emirates,2018,ARE,9346870.0,726928170282.0,0.882,99.118,671.2,0.882,0.0,,136.01,0.882,0.00882,0.99118,0.5136525039794294,0.49007032245418014,20.038942237326967,Transition Laggard
United Arab Emirates,2019,ARE,9377855.0,734982504070.0,2.644,97.356,660.09,2.644,0.0,,138.45,2.644,0.02644,0.97356,0.5051502999877556,0.5008637165539547,21.47059824861543,Transition Laggard
United Arab Emirates,2020,ARE,9448529.0,698549476819.0,3.772,95.04,645.69,3.772,0.0,,137.31,3.772,0.03772,0.9504000000000001,0.4941303416187095,0.5077734489855925,22.823543194316144,Transition Laggard
United Arab Emirates,2021,ARE,9789055.0,725904671328.0,4.193,88.729,605.3,4.193,0.0,,149.05,4.193,0.041929999999999995,0.88729,0.46322088894330843,0.510352347348819,25.360062986649567,Transition Laggard
United Arab Emirates,2022,ARE,10242085.0,779701520404.0,4.986,82.081,558.49,4.98,0.0,,155.42,4.986,0.04986,0.82081,0.427398371495041,0.5152099872586494,28.268040521503714,Transition Laggard
United Arab Emirates,2023,ARE,10642089.0,,8.757,70.686,483.79,8.595,0.036,,167.53,8.757,0.08757,0.70686,0.37023233745561407,0.538309810839949,34.21228872620888,Transition Laggard
United Arab Emirates,2024,ARE,11027135.0,,8.812,68.267,467.51,8.581,0.113,,177.26,8.812,0.08811999999999999,0.68267,0.357773662299498,0.5386467215524846,35.15280926579982,Transition Laggard
United Kingdom,2000,GBR,59057333.0,1889565292321.0,2.628,74.813,521.99,0.0,0.249,1.35,377.06,0.0,0.02628,0.7481300000000001,0.39946583812905595,0.48466749975497403,29.499916543098216,Transition Laggard
United Kingdom,2001,GBR,59288095.0,1939268312671.0,2.479,74.107,528.99,0.0,0.249,1.053,384.77,-0.14900000000000002,0.024790000000000003,0.74107,0.4048227623362312,0.4837547780064687,29.47665261169125,Transition Laggard
United Kingdom,2002,GBR,59540764.0,1983994308619.0,2.872,74.442,520.89,0.0,0.323,1.237,387.24,0.24399999999999977,0.02872,0.74442,0.3986240357536427,0.486162158188768,29.721531478990453,Transition Laggard
United Kingdom,2003,GBR,59820385.0,2050625402735.0,2.685,75.043,536.78,0.0,0.324,0.811,398.21,0.05699999999999994,0.026850000000000002,0.75043,0.41078425370393046,0.4850166617661472,29.184643583893944,Transition Laggard
United Kingdom,2004,GBR,60169964.0,2099526641365.0,3.59,76.102,536.02,0.0,0.492,1.229,393.92,0.9619999999999997,0.0359,0.76102,0.41020264479000856,0.49056037439968636,29.334339496245075,Transition Laggard
United Kingdom,2005,GBR,60596107.0,2161729510824.0,4.25,75.26,535.26,0.003,0.728,1.235,398.35,1.6219999999999999,0.0425,0.7526,0.40962103587608667,0.49460330295011273,29.85102364734952,Transition Laggard
United Kingdom,2006,GBR,61051093.0,2212618867772.0,4.556,76.452,559.34,0.003,1.062,1.155,397.27,1.928,0.04556,0.76452,0.42804885514876945,0.496477751641674,29.227544895905876,Transition Laggard
United Kingdom,2007,GBR,61535859.0,2267631534502.0,4.96,79.156,556.06,0.003,1.328,1.28,396.81,2.332,0.0496,0.79156,0.42553875352026443,0.49895251396648044,28.792818871490596,Transition Laggard
United Kingdom,2008,GBR,62027303.0,2252034759561.0,5.641,80.864,554.38,0.005,1.833,1.321,388.96,3.013,0.05641,0.80864,0.42425309171054243,0.5031240811526022,28.69888392452547,Transition Laggard
United Kingdom,2009,GBR,62506222.0,2151479208521.0,6.699,74.96,504.65,0.005,2.463,1.388,376.76,4.071,0.06699,0.7495999999999999,0.3861959715929962,0.5096050181319219,31.593825982153927,Transition Laggard
United Kingdom,2010,GBR,63006482.0,2190919919855.0,6.852,76.883,517.2,0.01,2.693,0.94,382.06,4.224,0.06852000000000001,0.76883,0.39580017142157464,0.5105422424777026,30.940579351626173,Transition Laggard
United Kingdom,2011,GBR,63509285.0,2223011392593.0,9.566,71.688,499.63,0.065,4.337,1.546,367.97,6.938000000000001,0.09566000000000001,0.7168800000000001,0.3823542916615648,0.5271672547290013,33.7747515293959,Transition Laggard
United Kingdom,2012,GBR,63960488.0,2255210551431.0,11.334,69.316,537.23,0.371,5.452,1.459,363.87,8.706,0.11334,0.69316,0.4111286274029632,0.5379974027246888,34.429645355796254,Transition Laggard
United Kingdom,2013,GBR,64389386.0,2296252599482.0,14.852,65.44,506.92,0.561,7.927,1.312,358.28,12.224,0.14852,0.6544,0.3879331455858945,0.559547437028325,37.53308291577751,Transition Laggard
United Kingdom,2014,GBR,64865914.0,2369725553442.0,19.081,62.062,462.88,1.198,9.45,1.742,338.08,16.453,0.19081,0.62062,0.35423043957389494,0.5854528079976478,41.088881130617345,Mixed Performer
United Kingdom,2015,GBR,65382107.0,2426435869267.0,24.599,54.643,397.79,2.222,11.884,1.859,338.87,21.971,0.24599000000000001,0.54643,0.3044186971960328,0.6192541409389396,46.627244684183275,Mixed Performer
United Kingdom,2016,GBR,65893359.0,2478973016876.0,24.474,54.378,333.45,3.069,10.956,1.583,339.18,21.846,0.24474,0.54378,0.25518091098322515,0.6184884347740861,47.86920374703066,Mixed Performer
United Kingdom,2017,GBR,66354473.0,2539548543933.0,29.238,49.965,302.2,3.388,14.68,1.739,338.22,26.61,0.29238000000000003,0.49965000000000004,0.2312660707726215,0.6476710281289817,51.67546365261918,Mixed Performer
United Kingdom,2018,GBR,66752473.0,2582848171416.0,33.0,47.507,285.65,3.796,17.051,1.63,333.76,30.372,0.33,0.47507,0.2186007713970858,0.6707157208664118,54.26896652806903,Mixed Performer
United Kingdom,2019,GBR,67110958.0,2624285076706.0,36.596,46.233,268.41,3.796,19.512,1.812,327.19,33.967999999999996,0.36595999999999995,0.46232999999999996,0.20540743234970005,0.6927435558169166,56.50631752851124,Mixed Performer
United Kingdom,2020,GBR,67351860.0,2334804059780.0,43.065,40.744,242.54,4.044,24.37,2.217,310.3,40.437,0.43065,0.40744,0.18560977102975387,0.7323703812604136,61.23206144316236,Emerging Improver
United Kingdom,2021,GBR,67668788.0,2512190098029.0,39.782,45.245,267.1,3.94,21.088,1.76,307.9,37.153999999999996,0.39781999999999995,0.45244999999999996,0.20440492224807152,0.7122598745467019,58.18622506199874,Mixed Performer
United Kingdom,2022,GBR,68179315.0,2615230634906.0,41.611,43.786,254.98,4.11,24.712,1.744,324.58,38.983,0.41611,0.43786,0.19512979062079097,0.723463687150838,59.59106054174279,Mixed Performer
United Kingdom,2023,GBR,68682965.0,,46.378,39.743,235.63,4.745,28.083,1.894,292.53,43.75,0.46378,0.39743,0.1803217215623852,0.7526646574536902,63.07847682274572,Emerging Improver
United Kingdom,2024,GBR,69138185.0,,50.648,35.068,216.5,5.205,29.307,2.027,284.16,48.02,0.50648,0.35068,0.16568201297906207,0.7788211800450848,66.50006737619972,Emerging Improver
United Kingdom,2025,GBR,69551334.0,,51.972,35.582,217.41,6.609,29.366,1.899,292.31,49.344,0.5197200000000001,0.35582,0.16637841312599486,0.7869315397432128,66.93921276799831,Emerging Improver
United States,2000,USA,281484126.0,12947417795437.0,9.23,70.942,607.52,0.013,0.147,7.102,3802.1,0.0,0.09230000000000001,0.7094199999999999,0.4649197991918697,0.48466749975497403,31.14201751652787,Transition Laggard
United States,2001,USA,284279634.0,13073810008320.0,7.513,71.861,609.89,0.014,0.181,5.584,3727.57,-1.7170000000000005,0.07513,0.7186100000000001,0.4667335006734419,0.4741497598745467,30.10820888128215,Transition Laggard
United States,2002,USA,287084335.0,13307343638671.0,8.749,70.959,600.66,0.014,0.269,6.649,3844.23,-0.48099999999999987,0.08749000000000001,0.70959,0.459670013468838,0.48172106243261786,31.056465599768313,Transition Laggard
United States,2003,USA,289908091.0,13680911930765.0,9.025,71.235,606.34,0.014,0.289,6.908,3868.94,-0.20500000000000007,0.09025000000000001,0.71235,0.46401677482551734,0.4834117416446143,31.00075675403128,Transition Laggard
United States,2004,USA,292786248.0,14198910513593.0,8.733,71.314,602.44,0.015,0.358,6.577,3951.95,-0.4969999999999999,0.08733,0.71314,0.46103220276723406,0.48162305204351663,30.926590711471903,Transition Laggard
United States,2005,USA,295716666.0,14673826218839.0,8.749,71.87,604.39,0.014,0.441,6.537,4034.99,-0.48099999999999987,0.08749000000000001,0.7187,0.46252448879637564,0.48172106243261786,30.75735371657988,Transition Laggard
United States,2006,USA,298730208.0,15065164240312.0,9.418,71.129,595.46,0.013,0.657,6.985,4046.94,0.18799999999999883,0.09418,0.7112900000000001,0.4556905840577936,0.48581912182691367,31.409072225958862,Transition Laggard
United States,2007,USA,301844223.0,15333183877566.0,8.398,72.135,598.47,0.015,0.832,5.808,4142.57,-0.8320000000000007,0.08398,0.72135,0.45799406146687893,0.4795709595217093,30.649262856153666,Transition Laggard
United States,2008,USA,304970325.0,15288552732632.0,9.181,71.191,591.33,0.021,1.348,6.051,4107.53,-0.049000000000001265,0.09180999999999999,0.71191,0.4525299987755602,0.4843673429383515,31.367860174686264,Transition Laggard
United States,2009,USA,308023452.0,14864003344421.0,10.548,69.176,565.02,0.023,1.875,6.823,3939.82,1.3179999999999996,0.10548,0.69176,0.4323956165054488,0.4927411055571891,32.97902617072162,Transition Laggard
United States,2010,USA,311062785.0,15239586726210.0,10.318,70.066,570.81,0.029,2.301,6.191,4113.94,1.0879999999999992,0.10318,0.7006600000000001,0.43682655809966936,0.49133220621385865,32.54411914071614,Transition Laggard
United States,2011,USA,314105075.0,15477885525000.0,12.467,68.208,550.48,0.045,2.939,7.653,4088.87,3.237,0.12467,0.68208,0.4212685196522591,0.5044962266000196,34.34718040769382,Transition Laggard
United States,2012,USA,317115349.0,15830886903539.0,12.184,68.776,532.77,0.107,3.485,6.714,4040.67,2.953999999999999,0.12183999999999999,0.6877599999999999,0.4077155014081058,0.5027626678427913,34.41895248243923,Transition Laggard
United States,2013,USA,320110752.0,16122472460312.0,12.831,67.714,533.43,0.223,4.138,6.507,4055.61,3.600999999999999,0.12831,0.67714,0.4082205828333537,0.506725962952073,34.957724873447255,Transition Laggard
United States,2014,USA,323115377.0,16491319003554.0,13.35,67.188,529.41,0.706,4.435,6.181,4096.01,4.119999999999999,0.1335,0.67188,0.4051441777886617,0.5099051749485446,35.395473179511626,Transition Laggard
United States,2015,USA,326126496.0,16937633974582.0,13.626,66.854,504.9,0.956,4.67,5.974,4083.99,4.395999999999999,0.13626,0.66854,0.386387290314681,0.511595854160541,36.06985555454109,Transition Laggard
United States,2016,USA,329179423.0,17220065720000.0,15.288,65.001,483.35,1.342,5.553,6.388,4087.56,6.058,0.15288000000000002,0.6500100000000001,0.3698956165054488,0.5217766833284329,37.679809837290264,Transition Laggard
United States,2017,USA,332204657.0,17606124654726.0,17.452,62.684,469.02,1.907,6.275,7.251,4052.31,8.222000000000001,0.17452,0.62684,0.3589292273784743,0.5350325884543762,39.48945814235378,Transition Laggard
United States,2018,USA,335056492.0,18124692769570.0,17.45,63.341,462.61,2.222,6.49,6.822,4201.55,8.219999999999999,0.1745,0.63341,0.35402381535447536,0.5350203371557385,39.44695967347419,Transition Laggard
United States,2019,USA,337790069.0,18540552700117.0,18.295,62.241,439.45,2.57,7.115,6.796,4158.38,9.065000000000001,0.18295000000000003,0.62241,0.33630004897759275,0.540196510830148,40.53844643801241,Mixed Performer
United States,2020,USA,339436156.0,18027359681343.0,20.316,60.148,411.73,3.233,8.358,6.924,4043.18,11.085999999999999,0.20316,0.60148,0.3150866291171789,0.5525764481034989,42.485080993623015,Mixed Performer
United States,2021,USA,340161438.0,19099378164000.0,20.743,60.487,423.78,3.958,9.105,5.934,4153.62,11.512999999999998,0.20743,0.60487,0.32430819150238765,0.5551921003626384,42.35847671787988,Mixed Performer
United States,2022,USA,341534041.0,19493170182843.0,22.35,59.652,410.39,4.784,10.131,5.803,4286.89,13.120000000000001,0.22350000000000003,0.59652,0.3140611607689482,0.5650360188179947,43.53351126304622,Mixed Performer
United States,2023,USA,343477330.0,,22.679,59.106,392.89,5.617,9.9,5.619,4253.91,13.448999999999998,0.22679,0.59106,0.30066885025101014,0.567051357443889,44.15019910538308,Mixed Performer
United States,2024,USA,345426566.0,,24.063,58.131,383.78,6.918,10.291,5.398,4391.02,14.832999999999998,0.24062999999999998,0.58131,0.29369719603281497,0.5755292561011467,45.17980894069682,Mixed Performer
United States,2025,USA,347275809.0,,25.638,56.998,384.4,8.603,10.275,5.348,4519.79,16.408,0.25638,0.56998,0.29417166646259335,0.5851771537783005,46.14716564510967,Mixed Performer
United States Virgin Islands,2000,VIR,108591.0,,0.0,100.0,660.19,0.0,0.0,0.0,1.03,0.0,0.0,1.0,0.5052268274764296,0.48466749975497403,19.63934180941387,Transition Laggard
United States Virgin Islands,2001,VIR,108535.0,,0.0,100.0,660.19,0.0,0.0,0.0,1.03,0.0,0.0,1.0,0.5052268274764296,0.48466749975497403,19.63934180941387,Transition Laggard
United States Virgin Islands,2002,VIR,108433.0,,0.0,100.0,653.85,0.0,0.0,0.0,1.04,0.0,0.0,1.0,0.5003749846945023,0.48466749975497403,19.760637878962054,Transition Laggard
United States Virgin Islands,2003,VIR,108186.0,,0.0,100.0,653.85,0.0,0.0,0.0,1.04,0.0,0.0,1.0,0.5003749846945023,0.48466749975497403,19.760637878962054,Transition Laggard
United States Virgin Islands,2004,VIR,107851.0,,0.0,100.0,657.14,0.0,0.0,0.0,1.05,0.0,0.0,1.0,0.5028927390718746,0.48466749975497403,19.697694019527745,Transition Laggard
United States Virgin Islands,2005,VIR,107622.0,,0.0,100.0,659.79,0.0,0.0,0.0,0.97,0.0,0.0,1.0,0.5049207175217337,0.48466749975497403,19.646994558281268,Transition Laggard
United States Virgin Islands,2006,VIR,107463.0,,0.0,100.0,659.79,0.0,0.0,0.0,0.97,0.0,0.0,1.0,0.5049207175217337,0.48466749975497403,19.646994558281268,Transition Laggard
United States Virgin Islands,2007,VIR,107238.0,,0.0,100.0,653.06,0.0,0.0,0.0,0.98,0.0,0.0,1.0,0.49977041753397816,0.48466749975497403,19.775752057975158,Transition Laggard
United States Virgin Islands,2008,VIR,106971.0,,0.0,100.0,659.79,0.0,0.0,0.0,0.97,0.0,0.0,1.0,0.5049207175217337,0.48466749975497403,19.646994558281268,Transition Laggard
United States Virgin Islands,2009,VIR,106767.0,,0.0,100.0,663.04,0.0,0.0,0.0,0.92,0.0,0.0,1.0,0.5074078609036365,0.48466749975497403,19.584815973733697,Transition Laggard
United States Virgin Islands,2010,VIR,106325.0,,0.0,100.0,656.25,0.0,0.0,0.0,0.96,0.0,0.0,1.0,0.5022116444226766,0.48466749975497403,19.714721385757695,Transition Laggard
United States Virgin Islands,2011,VIR,105398.0,,0.0,100.0,663.16,0.0,0.0,0.0,0.95,0.0,0.0,1.0,0.5074996938900452,0.48466749975497403,19.582520149073478,Transition Laggard
United States Virgin Islands,2012,VIR,104307.0,,0.0,100.0,655.17,0.0,0.0,0.0,0.87,0.0,0.0,1.0,0.5013851475449982,0.48466749975497403,19.735383807699655,Transition Laggard
United States Virgin Islands,2013,VIR,103168.0,,0.0,100.0,658.54,0.0,0.0,0.0,0.82,0.0,0.0,1.0,0.5039641239133097,0.48466749975497403,19.67090939849187,Transition Laggard
United States Virgin Islands,2014,VIR,102012.0,,1.282,98.718,653.85,1.282,0.0,0.0,0.78,1.282,0.01282,0.9871800000000001,0.5003749846945023,0.49252058218171124,20.64763411536311,Transition Laggard
United States Virgin Islands,2015,VIR,100251.0,,1.282,98.718,653.85,1.282,0.0,0.0,0.78,1.282,0.01282,0.9871800000000001,0.5003749846945023,0.49252058218171124,20.64763411536311,Transition Laggard
United States Virgin Islands,2016,VIR,97795.0,,1.299,98.701,649.35,1.299,0.0,0.0,0.77,1.299,0.01299,0.9870099999999999,0.49693124770417535,0.4926247182201313,20.745489580697583,Transition Laggard
United States Virgin Islands,2017,VIR,95124.0,,1.667,98.333,650.0,1.667,0.0,0.0,0.6,1.667,0.01667,0.98333,0.4974286763805559,0.49487895716945995,20.987667448028002,Transition Laggard
United States Virgin Islands,2018,VIR,92317.0,,1.613,98.387,645.16,1.613,0.0,0.0,0.62,1.613,0.01613,0.98387,0.4937247459287376,0.49454817210624324,21.042903933375207,Transition Laggard
United States Virgin Islands,2019,VIR,89390.0,,1.515,98.485,651.52,1.515,0.0,0.0,0.66,1.515,0.015149999999999999,0.98485,0.49859189420839967,0.49394785847299816,20.85342052188498,Transition Laggard
United States Virgin Islands,2020,VIR,87724.0,,1.562,98.438,640.63,1.562,0.0,0.0,0.64,1.562,0.01562,0.98438,0.4902580506918085,0.49423576399098307,21.094285192569533,Transition Laggard
United States Virgin Islands,2021,VIR,87238.0,,3.03,96.97,636.36,3.03,0.0,0.0,0.66,3.03,0.030299999999999997,0.9697,0.48699032692543165,0.5032282171910223,22.191665084729546,Transition Laggard
United States Virgin Islands,2022,VIR,86521.0,,2.941,97.059,632.35,2.941,0.0,0.0,0.68,2.941,0.02941,0.97059,0.483921574629607,0.5026830344016466,22.20680615028452,Transition Laggard
United States Virgin Islands,2023,VIR,85712.0,,2.941,97.059,632.35,2.941,0.0,0.0,0.68,2.941,0.02941,0.97059,0.483921574629607,0.5026830344016466,22.20680615028452,Transition Laggard
Uruguay,2000,URY,3266212.0,42357504785.0,93.412,6.588,67.19,0.0,0.0,92.885,7.59,0.0,0.9341200000000001,0.06588000000000001,0.05141881964001469,0.48466749975497403,87.03174200532423,Transition Leader
Uruguay,2001,URY,3274257.0,40598224745.0,99.784,0.216,25.95,0.0,0.0,99.351,9.25,6.372,0.9978400000000001,0.00216,0.01985888331088527,0.5237001372145448,92.22942997544604,Transition Leader
Uruguay,2002,URY,3278868.0,37250866884.0,99.687,0.312,27.08,0.0,0.0,99.271,9.6,6.2749999999999915,0.99687,0.00312,0.020723643932900698,0.5231059492306184,92.14094814013676,Transition Leader
Uruguay,2003,URY,3281188.0,37483201754.0,99.883,0.117,25.64,0.0,0.0,99.417,8.58,6.470999999999989,0.99883,0.00117,0.01962164809599608,0.5243065764971087,92.30385744505674,Transition Leader
Uruguay,2004,URY,3283157.0,39270203111.0,81.695,18.305,140.68,0.0,0.0,81.017,5.9,-11.717000000000013,0.81695,0.18305,0.10765887106648708,0.4128932666862687,77.51892722363185,Transition Leader
Uruguay,2005,URY,3285776.0,41988118660.0,87.5,12.5,104.17,0.0,0.0,86.979,7.68,-5.912000000000006,0.875,0.125,0.07971868495163463,0.44845266098206404,82.23382279094008,Transition Leader
Uruguay,2006,URY,3289508.0,43608062782.0,64.632,35.368,249.55,0.0,0.0,63.734,5.57,-28.78,0.6463200000000001,0.35368000000000005,0.19097434798579652,0.3083713123591101,63.63041098574175,Emerging Improver
Uruguay,2007,URY,3295155.0,46197426762.0,86.994,13.006,108.74,0.0,0.0,85.501,9.38,-6.418000000000006,0.86994,0.13006,0.0832159911840333,0.4453530824267372,81.79629645680023,Transition Leader
Uruguay,2008,URY,3302184.0,49265998696.0,61.231,38.769,289.62,0.0,0.0,51.311,8.77,-32.181000000000004,0.61231,0.38769,0.22163891269744093,0.2875379790257767,60.51069686795063,Emerging Improver
Uruguay,2009,URY,3310093.0,50291695148.0,68.166,31.834,243.37,0.0,0.461,58.362,8.67,-25.24600000000001,0.6816599999999999,0.31834,0.18624494918574752,0.33001935705184743,66.193766626134,Emerging Improver
Uruguay,2010,URY,3318581.0,54642867455.0,89.199,10.801,111.73,0.0,0.652,78.305,10.74,-4.213000000000008,0.89199,0.10801000000000001,0.08550416309538386,0.4588601391747525,83.2646980102367,Transition Leader
Uruguay,2011,URY,3326829.0,57427770581.0,74.662,25.338,204.06,0.0,1.064,62.669,10.34,-18.75,0.7466200000000001,0.25338,0.15616199338802497,0.36981157502695283,71.44032379070366,Emerging Improver
Uruguay,2012,URY,3335406.0,59459565927.0,64.623,35.377,272.64,0.0,1.038,51.132,10.6,-28.789,0.6462300000000001,0.35377000000000003,0.20864454512060732,0.3083161815152406,63.182429094713434,Emerging Improver
Uruguay,2013,URY,3345335.0,62217298965.0,84.134,15.866,149.23,0.0,1.201,70.412,11.66,-9.278000000000006,0.84134,0.15866,0.11420197134810824,0.42783372537488973,79.04285659692064,Transition Leader
Uruguay,2014,URY,3356343.0,64232518554.0,94.761,5.239,85.52,0.0,5.624,74.345,12.98,1.3489999999999895,0.94761,0.05239,0.06544630831394636,0.49293100068607265,87.61440730244242,Transition Leader
Uruguay,2015,URY,3368022.0,64470831197.0,93.159,6.841,98.98,0.364,15.066,60.189,13.74,-0.2530000000000001,0.93159,0.06841,0.07574690828945757,0.4831177104773106,86.24849294992322,Transition Leader
Uruguay,2016,URY,3379279.0,65560386931.0,96.828,3.172,74.98,1.081,21.557,56.525,13.87,3.415999999999997,0.96828,0.031720000000000005,0.05738031100771397,0.5055927178280898,89.24618299222848,Transition Leader
Uruguay,2017,URY,3388444.0,66627711123.0,98.467,1.533,64.81,1.882,26.272,52.404,14.35,5.054999999999993,0.98467,0.01533,0.049597465409575124,0.5156326570616485,90.57475322068535,Transition Leader
Uruguay,2018,URY,3394538.0,66946183643.0,97.536,2.464,69.13,2.806,32.375,44.901,14.61,4.123999999999995,0.97536,0.02464,0.05290345292028897,0.5099296775458199,89.84795884018007,Transition Leader
Uruguay,2019,URY,3397206.0,67180494669.0,98.258,1.742,60.98,2.614,29.558,50.467,16.07,4.845999999999989,0.98258,0.01742,0.04666646259336354,0.5143523963540134,90.5034243804761,Transition Leader
Uruguay,2020,URY,3398966.0,63072414563.0,94.031,5.969,94.33,3.39,40.383,30.14,13.57,0.6189999999999998,0.9403100000000001,0.05969000000000001,0.07218838006611975,0.48845927668332845,86.94077964859694,Transition Leader
Uruguay,2021,URY,3396693.0,65848852721.0,84.615,15.385,150.72,3.002,31.207,32.958,15.99,-8.797000000000011,0.84615,0.15385000000000001,0.11534223092934982,0.43078016269724584,79.34714666722493,Transition Leader
Uruguay,2022,URY,3390913.0,69066228178.0,90.781,9.219,110.36,3.365,32.167,38.291,14.86,-2.6310000000000002,0.9078100000000001,0.09219,0.08445573650055099,0.4685509163971381,84.38547033344331,Transition Leader
Uruguay,2023,URY,3388083.0,,92.434,7.566,113.11,3.822,37.129,27.457,12.82,-0.9780000000000086,0.9243399999999999,0.07566,0.08656024243908413,0.4786766147211604,85.47654315984028,Transition Leader
Uruguay,2024,URY,3386583.0,,98.878,1.122,69.56,4.188,38.594,33.657,13.37,5.465999999999994,0.98878,0.01122,0.05323252112158688,0.5181502989316867,90.76824145593562,Transition Leader
Uruguay,2025,URY,3384686.0,,97.822,2.178,80.4,5.109,40.62,27.219,11.94,4.409999999999997,0.9782200000000001,0.02178,0.06152810089384107,0.5116816132510046,89.83022167641906,Transition Leader
Uzbekistan,2000,UZB,24787052.0,116875841754.0,7.533,92.467,1103.5,0.0,0.0,7.533,46.86,0.0,0.07533000000000001,0.92467,0.8444808375168361,0.48466749975497403,15.677791558403708,Transition Laggard
Uzbekistan,2001,UZB,25090289.0,119890046302.0,9.091,90.909,1085.07,0.0,0.0,9.091,47.96,1.557999999999999,0.09090999999999999,0.9090900000000001,0.8303768213542304,0.49421126139370775,17.108348387049855,Transition Laggard
Uzbekistan,2002,UZB,25399987.0,122757832356.0,12.186,87.814,1049.39,0.0,0.0,12.186,49.4,4.653,0.12186,0.8781399999999999,0.8030718133953717,0.5131701460354797,19.932356855647903,Transition Laggard
Uzbekistan,2003,UZB,25711261.0,125924032405.0,16.762,83.238,997.33,0.0,0.0,16.762,48.74,9.229,0.16762000000000002,0.83238,0.7632316027917229,0.5412011173184358,24.094426689983464,Transition Laggard
Uzbekistan,2004,UZB,26029350.0,133132057133.0,12.274,87.726,1057.95,0.0,0.0,12.274,49.7,4.740999999999999,0.12273999999999999,0.87726,0.8096225664258602,0.5137092031755366,19.82947388698654,Transition Laggard
Uzbekistan,2005,UZB,26356977.0,140239285325.0,18.733,81.267,984.69,0.0,0.0,18.733,47.67,11.2,0.18733,0.81267,0.7535585282233379,0.5532747721258453,25.69995837630423,Transition Laggard
Uzbekistan,2006,UZB,26699046.0,148405074458.0,9.428,90.572,1105.64,0.0,0.0,9.428,49.32,1.8950000000000005,0.09428000000000002,0.9057200000000001,0.8461185257744582,0.4962756052141527,16.947970933850833,Transition Laggard
Uzbekistan,2007,UZB,27076013.0,159993748436.0,9.527,90.473,1114.85,0.0,0.0,9.527,49.02,1.9939999999999989,0.09527,0.90473,0.8531667074813273,0.49688204449671663,16.840262980417567,Transition Laggard
Uzbekistan,2008,UZB,27494780.0,171692630381.0,8.941,91.059,1129.83,0.0,0.0,8.941,50.22,1.4080000000000004,0.08941,0.91059,0.8646305252846822,0.4932924139958836,16.1482230778212,Transition Laggard
Uzbekistan,2009,UZB,27939333.0,182715813772.0,12.934,87.066,1085.03,0.0,0.0,12.934,50.1,5.400999999999999,0.12933999999999998,0.87066,0.8303462103587609,0.5177521317259629,19.76802671692042,Transition Laggard
Uzbekistan,2010,UZB,28385509.0,195160171269.0,15.759,84.241,1053.69,0.0,0.0,15.759,51.97,8.225999999999999,0.15759,0.84241,0.8063624954083507,0.5350570910516514,22.322193980566002,Transition Laggard
Uzbekistan,2011,UZB,28823194.0,208063390835.0,10.795,89.205,1118.37,0.0,0.0,10.795,52.8,3.2619999999999996,0.10795,0.89205,0.8558604750826496,0.5046493678329903,17.65022864042861,Transition Laggard
Uzbekistan,2012,UZB,29261908.0,222840047403.0,12.547,87.453,1098.3,0.0,0.0,12.547,53.0,5.014,0.12547,0.87453,0.8405014081057915,0.5153815054395766,19.24638737894886,Transition Laggard
Uzbekistan,2013,UZB,29724065.0,239100684823.0,10.438,89.562,1125.98,0.0,0.0,10.438,54.61,2.9050000000000002,0.10438000000000001,0.89562,0.8616842169707359,0.5024625110261688,17.257632241124135,Transition Laggard
Uzbekistan,2014,UZB,30222994.0,255536474727.0,10.888,89.112,1121.08,0.0,0.0,10.888,55.75,3.3549999999999995,0.10888,0.8911199999999999,0.8579343700257132,0.5052190532196413,17.66272654765179,Transition Laggard
Uzbekistan,2015,UZB,30749349.0,273983640646.0,11.879,88.121,1111.65,0.0,0.0,11.879,57.41,4.345999999999999,0.11878999999999999,0.8812099999999999,0.8507178278437616,0.5112895716945997,18.528797879324955,Transition Laggard
Uzbekistan,2016,UZB,31284565.0,290236358613.0,11.685,88.315,1114.12,0.0,0.0,11.685,58.71,4.152,0.11685000000000001,0.88315,0.8526080568140075,0.5101011957267471,18.347316515551018,Transition Laggard
Uzbekistan,2017,UZB,31819172.0,302992216928.0,13.051,86.949,1096.98,0.016,0.0,13.034,60.84,5.518,0.13051000000000001,0.86949,0.8394912452552957,0.5184688326962658,19.620351359061594,Transition Laggard
Uzbekistan,2018,UZB,32373489.0,320808179800.0,9.359,90.641,1139.19,0.016,0.0,9.343,63.15,1.8259999999999996,0.09359,0.90641,0.8717934982245623,0.4958529354111536,16.258356575553247,Transition Laggard
Uzbekistan,2019,UZB,32964700.0,339998944961.0,10.179,89.821,1119.26,0.016,0.0,10.164,63.56,2.646,0.10179,0.89821,0.8565415697318477,0.5008759678525924,17.207000274492696,Transition Laggard
Uzbekistan,2020,UZB,33586373.0,346785285756.0,7.53,92.47,1149.11,0.015,0.0,7.515,66.53,-0.0030000000000001137,0.0753,0.9247,0.8793850251010162,0.48464912280701755,14.80311121457986,Transition Laggard
Uzbekistan,2021,UZB,34243696.0,372457828275.0,7.027,92.973,1150.48,0.07,0.0,6.957,71.44,-0.5060000000000002,0.07027,0.9297300000000001,0.8804334516958492,0.48156792119964714,14.428882525598475,Transition Laggard
Uzbekistan,2022,UZB,34938953.0,393572464308.0,9.218,90.782,1121.35,0.586,0.0,8.632,75.07,1.6849999999999996,0.09218,0.90782,0.8581409942451328,0.4949892188571989,16.502113426729665,Transition Laggard
Uzbekistan,2023,UZB,35652311.0,,9.896,90.104,1113.28,0.586,0.716,8.594,76.8,2.3630000000000004,0.09896,0.9010400000000001,0.8519652259091466,0.4991424090953641,17.125605488701794,Transition Laggard
Uzbekistan,2024,UZB,36361859.0,,15.951,84.049,1040.12,3.558,2.331,10.061,81.5,8.418,0.15951,0.8404900000000001,0.795977715195298,0.5362332157208665,22.714655355930546,Transition Laggard
Uzbekistan,2025,UZB,37053428.0,,19.377,80.623,1000.0,7.497,4.614,7.266,86.7,11.843999999999998,0.19377,0.8062300000000001,0.7652748867393168,0.5572196902871704,25.85262318582463,Transition Laggard
Vanuatu,2000,VUT,186290.0,,0.0,100.0,600.0,0.0,0.0,0.0,0.05,0.0,0.0,1.0,0.45916493204359005,0.48466749975497403,20.79088919523486,Transition Laggard
Vanuatu,2001,VUT,191047.0,,0.0,100.0,600.0,0.0,0.0,0.0,0.05,0.0,0.0,1.0,0.45916493204359005,0.48466749975497403,20.79088919523486,Transition Laggard
Vanuatu,2002,VUT,195871.0,,0.0,100.0,600.0,0.0,0.0,0.0,0.05,0.0,0.0,1.0,0.45916493204359005,0.48466749975497403,20.79088919523486,Transition Laggard
Vanuatu,2003,VUT,200760.0,,0.0,100.0,600.0,0.0,0.0,0.0,0.05,0.0,0.0,1.0,0.45916493204359005,0.48466749975497403,20.79088919523486,Transition Laggard
Vanuatu,2004,VUT,205720.0,,0.0,100.0,600.0,0.0,0.0,0.0,0.05,0.0,0.0,1.0,0.45916493204359005,0.48466749975497403,20.79088919523486,Transition Laggard
Vanuatu,2005,VUT,210772.0,,0.0,100.0,600.0,0.0,0.0,0.0,0.05,0.0,0.0,1.0,0.45916493204359005,0.48466749975497403,20.79088919523486,Transition Laggard
Vanuatu,2006,VUT,215939.0,,0.0,100.0,600.0,0.0,0.0,0.0,0.05,0.0,0.0,1.0,0.45916493204359005,0.48466749975497403,20.79088919523486,Transition Laggard
Vanuatu,2007,VUT,221291.0,,0.0,100.0,600.0,0.0,0.0,0.0,0.05,0.0,0.0,1.0,0.45916493204359005,0.48466749975497403,20.79088919523486,Transition Laggard
Vanuatu,2008,VUT,226908.0,,0.0,100.0,666.67,0.0,0.0,0.0,0.06,0.0,0.0,1.0,0.5101858087425003,0.48466749975497403,19.515367277762103,Transition Laggard
Vanuatu,2009,VUT,232740.0,,0.0,100.0,666.67,0.0,0.0,0.0,0.06,0.0,0.0,1.0,0.5101858087425003,0.48466749975497403,19.515367277762103,Transition Laggard
Vanuatu,2010,VUT,238256.0,,0.0,100.0,666.67,0.0,0.0,0.0,0.06,0.0,0.0,1.0,0.5101858087425003,0.48466749975497403,19.515367277762103,Transition Laggard
Vanuatu,2011,VUT,243483.0,,0.0,100.0,666.67,0.0,0.0,0.0,0.06,0.0,0.0,1.0,0.5101858087425003,0.48466749975497403,19.515367277762103,Transition Laggard
Vanuatu,2012,VUT,248894.0,,0.0,100.0,666.67,0.0,0.0,0.0,0.06,0.0,0.0,1.0,0.5101858087425003,0.48466749975497403,19.515367277762103,Transition Laggard
Vanuatu,2013,VUT,254495.0,,14.286,85.714,571.43,0.0,14.286,0.0,0.07,14.286,0.14286,0.85714,0.43730102852944774,0.572178525923748,31.221752175620022,Transition Laggard
Vanuatu,2014,VUT,260247.0,,14.286,85.714,571.43,0.0,14.286,0.0,0.07,14.286,0.14286,0.85714,0.43730102852944774,0.572178525923748,31.221752175620022,Transition Laggard
Vanuatu,2015,VUT,266115.0,,16.667,83.333,500.0,0.0,16.667,0.0,0.06,16.667,0.16667,0.83333,0.3826374433696584,0.5867636969518769,34.23571937003669,Transition Laggard
Vanuatu,2016,VUT,272097.0,,14.286,85.714,571.43,0.0,14.286,0.0,0.07,14.286,0.14286,0.85714,0.43730102852944774,0.572178525923748,31.221752175620022,Transition Laggard
Vanuatu,2017,VUT,278518.0,,0.0,100.0,666.67,0.0,0.0,0.0,0.06,0.0,0.0,1.0,0.5101858087425003,0.48466749975497403,19.515367277762103,Transition Laggard
Vanuatu,2018,VUT,285273.0,,25.0,75.0,500.0,12.5,0.0,12.5,0.08,25.0,0.25,0.75,0.3826374433696584,0.637808732725669,40.00119490664357,Mixed Performer
Vanuatu,2019,VUT,291995.0,,33.333,66.667,444.44,11.111,11.111,11.111,0.09,33.333,0.33333,0.66667,0.34011877066242197,0.6888537684994609,46.829637260931364,Mixed Performer
Vanuatu,2020,VUT,298867.0,,33.333,66.667,444.44,11.111,11.111,11.111,0.09,33.333,0.33333,0.66667,0.34011877066242197,0.6888537684994609,46.829637260931364,Mixed Performer
Vanuatu,2021,VUT,305882.0,,25.0,75.0,500.0,12.5,0.0,12.5,0.08,25.0,0.25,0.75,0.3826374433696584,0.637808732725669,40.00119490664357,Mixed Performer
Vanuatu,2022,VUT,313061.0,,25.0,75.0,500.0,12.5,0.0,12.5,0.08,25.0,0.25,0.75,0.3826374433696584,0.637808732725669,40.00119490664357,Mixed Performer
Vanuatu,2023,VUT,320422.0,,25.0,75.0,500.0,12.5,0.0,12.5,0.08,25.0,0.25,0.75,0.3826374433696584,0.637808732725669,40.00119490664357,Mixed Performer
Venezuela,2000,VEN,24526707.0,330236189305.0,73.754,26.246,212.74,0.0,0.0,73.754,85.27,0.0,0.7375400000000001,0.26245999999999997,0.16280457940492227,0.48466749975497403,72.45229801120155,Emerging Improver
Venezuela,2001,VEN,24979934.0,343312598582.0,67.074,32.926,261.57,0.0,0.0,67.074,90.11,-6.680000000000007,0.67074,0.32926000000000005,0.2001729521244031,0.4437481623052043,66.89629863146797,Emerging Improver
Venezuela,2002,VEN,25435674.0,314003719638.0,64.812,35.188,274.14,0.0,0.0,64.812,91.85,-8.942000000000007,0.64812,0.35188,0.20979245745071629,0.42989194354601584,65.09076771692233,Emerging Improver
Venezuela,2003,VEN,25892710.0,291333920302.0,65.829,34.171,263.73,0.0,0.0,65.829,91.95,-7.925000000000011,0.6582899999999999,0.34171,0.20182594587976002,0.4361217289032637,65.99357728655495,Emerging Improver
Venezuela,2004,VEN,26340843.0,346317458927.0,71.101,28.899,228.62,0.0,0.0,71.101,98.55,-2.653000000000006,0.71101,0.28899,0.1749571446063426,0.46841615211212384,70.31291366652329,Emerging Improver
Venezuela,2005,VEN,26785797.0,383570387195.0,73.28,26.72,211.22,0.0,0.0,73.28,105.39,-0.47400000000000375,0.7328,0.2672,0.16164136157707848,0.4817639419778496,72.15342509024077,Emerging Improver
Venezuela,2006,VEN,27224691.0,423878563812.0,73.9,26.1,207.21,0.0,0.0,73.9,110.42,0.1460000000000008,0.7390000000000001,0.261,0.15857260928125383,0.48556184455552287,72.6591124363015,Emerging Improver
Venezuela,2007,VEN,27649369.0,462276737389.0,72.726,27.274,217.67,0.0,0.0,72.726,114.21,-1.0280000000000058,0.72726,0.27274000000000004,0.16657738459654708,0.478370332255219,71.6467203689146,Emerging Improver
Venezuela,2008,VEN,28053694.0,488287068325.0,72.791,27.209,215.68,0.0,0.0,72.791,119.3,-0.9630000000000081,0.72791,0.27209,0.16505448757193586,0.4787684994609428,71.72976530261575,Emerging Improver
Venezuela,2009,VEN,28438296.0,474358611901.0,71.891,28.109,222.13,0.0,0.0,71.891,119.57,-1.8629999999999995,0.71891,0.28109,0.16999051059140444,0.4732554150739978,70.98366846132485,Emerging Improver
Venezuela,2010,VEN,28813101.0,477591738082.0,67.493,32.507,252.02,0.0,0.0,67.493,113.76,-6.26100000000001,0.6749299999999999,0.32506999999999997,0.19286457695604262,0.4463148093697931,67.36890771664582,Emerging Improver
Venezuela,2011,VEN,29185220.0,502688619769.0,70.931,29.069,227.11,0.0,0.0,70.931,117.96,-2.8230000000000075,0.70931,0.29069,0.17380157952736625,0.4673747917279231,70.22418238773469,Emerging Improver
Venezuela,2012,VEN,29553829.0,530969916373.0,63.954,36.046,279.87,0.0,0.039,63.916,128.31,-9.800000000000004,0.63954,0.36046,0.21417748255173258,0.4246361364304616,64.3875049826636,Emerging Improver
Venezuela,2013,VEN,29912195.0,538100828642.0,61.889,38.111,297.79,0.0,0.067,61.822,135.13,-11.865000000000002,0.61889,0.38111,0.22789120852210115,0.4119866705870822,62.615919845753695,Emerging Improver
Venezuela,2014,VEN,30254080.0,517147151484.0,55.871,44.129,341.49,0.0,0.078,55.793,115.23,-17.883000000000003,0.55871,0.44128999999999996,0.26133372107260927,0.37512251298637656,57.61609466798042,Mixed Performer
Venezuela,2015,VEN,30573968.0,484975458402.0,58.814,41.186,318.93,0.008,0.071,58.736,127.52,-14.940000000000005,0.58814,0.41186,0.2440691196277703,0.39315029893168674,60.083926493281034,Emerging Improver
Venezuela,2016,VEN,30765719.0,402335647692.0,53.925,46.075,356.76,0.009,0.077,53.84,116.94,-19.829000000000008,0.53925,0.46075000000000005,0.27301946859311865,0.3632019994119376,55.97754327635109,Mixed Performer
Venezuela,2017,VEN,30565331.0,339285602968.0,58.391,41.609,320.81,0.01,0.087,58.295,103.8,-15.363000000000007,0.58391,0.41609,0.24550783641484022,0.39055914926982255,59.75529132867633,Mixed Performer
Venezuela,2018,VEN,29807591.0,272599019803.0,58.369,41.631,320.93,0.01,0.04,58.319,99.71,-15.385000000000005,0.58369,0.41631,0.24559966940124894,0.39042438498480836,59.7377740397409,Mixed Performer
Venezuela,2019,VEN,28938096.0,197170883456.0,58.379,41.621,320.85,0.012,0.07,58.297,85.15,-15.375000000000007,0.58379,0.41621,0.2455384474103098,0.39048564147799664,59.746223436912196,Mixed Performer
Venezuela,2020,VEN,28444080.0,138029481377.0,77.68,22.32,184.57,0.012,0.025,77.643,80.51,3.926000000000002,0.7768,0.2232,0.1412467858454757,0.508716798980692,75.70758233857349,Transition Leader
Venezuela,2021,VEN,28237830.0,138656126606.0,79.235,20.764,174.24,0.012,0.024,79.199,82.93,5.4809999999999945,0.79235,0.20764,0.13334149626545855,0.5182421836714691,76.98134534843557,Transition Leader
Venezuela,2022,VEN,28213015.0,149682062815.0,78.363,21.637,180.43,0.012,0.024,78.327,82.36,4.608999999999995,0.78363,0.21637,0.13807854781437492,0.5129006174654513,76.2593455666224,Transition Leader
Venezuela,2023,VEN,28300861.0,,90.342,9.658,91.86,0.014,0.028,90.3,71.96,16.587999999999994,0.90342,0.09658,0.07029815109587363,0.5862797706556895,86.2419427824385,Transition Leader
Venezuela,2024,VEN,28405544.0,,91.139,8.861,85.86,0.012,0.025,91.102,80.13,17.38499999999999,0.9113899999999999,0.08861000000000001,0.06570650177543774,0.5911619131627952,86.90816615305597,Transition Leader
Vietnam,2000,VNM,77154016.0,220383060780.0,54.782,45.218,321.91,0.0,0.0,54.782,26.56,0.0,0.54782,0.45218,0.24634963879025348,0.48466749975497403,58.980471526568266,Mixed Performer
Vietnam,2001,VNM,77969357.0,234846323475.0,59.49,40.51,290.76,0.0,0.0,59.49,30.61,4.7080000000000055,0.5949,0.4051,0.22251132606832374,0.5135070567480153,62.83382269951213,Emerging Improver
Vietnam,2002,VNM,78772227.0,250683369279.0,50.838,49.162,344.41,0.0,0.0,50.838,35.8,-3.9439999999999955,0.50838,0.49162,0.2635683237418881,0.46050793884151725,55.82121098907557,Mixed Performer
Vietnam,2003,VNM,79563778.0,268202912195.0,46.396,53.604,375.76,0.0,0.0,46.396,40.93,-8.385999999999996,0.46396000000000004,0.53604,0.28755969144116567,0.4332978045672842,52.148074782480116,Mixed Performer
Vietnam,2004,VNM,80338977.0,288148996981.0,38.571,61.429,407.14,0.0,0.0,38.571,46.2,-16.211,0.38571,0.61429,0.31157401738704543,0.38536459864745665,46.13371854503572,Mixed Performer
Vietnam,2005,VNM,81088309.0,308988652738.0,31.836,68.164,462.56,0.0,0.0,31.74,52.08,-22.945999999999998,0.31836,0.68164,0.3539855516101384,0.3441083504851514,40.413586467023805,Mixed Performer
Vietnam,2006,VNM,82167901.0,329425429734.0,34.145,65.855,448.36,0.0,0.0,34.041,57.9,-20.636999999999993,0.34145000000000003,0.6585500000000001,0.34311864821844007,0.3582524747623248,42.282820915973865,Mixed Performer
Vietnam,2007,VNM,83633374.0,351786434406.0,35.1,64.9,438.9,0.0,0.0,34.975,64.16,-19.681999999999995,0.35100000000000003,0.649,0.3358791477898861,0.3641024698618054,43.12455835317993,Mixed Performer
Vietnam,2008,VNM,85175789.0,370681828207.0,36.688,63.312,421.85,0.0,0.0,36.617,70.95,-18.093999999999994,0.36688000000000004,0.63312,0.3228312109709808,0.37383000098010394,44.54946974042704,Mixed Performer
Vietnam,2009,VNM,86460023.0,389670892896.0,37.264,62.736,411.95,0.0,0.012,37.178,80.64,-17.517999999999994,0.37264,0.62736,0.31525498959226156,0.3773583749877487,45.13740088500969,Mixed Performer
Vietnam,2010,VNM,87455148.0,413666257649.0,31.204,68.796,450.72,0.011,0.044,31.095,91.72,-23.577999999999996,0.31204000000000004,0.6879600000000001,0.34492469695114486,0.3402369401156523,40.202836677956164,Mixed Performer
Vietnam,2011,VNM,88468315.0,438354712953.0,40.577,59.423,405.48,0.01,0.039,40.469,101.51,-14.204999999999998,0.40576999999999996,0.59423,0.3103036610750582,0.3976526511810252,47.553398240838916,Mixed Performer
Vietnam,2012,VNM,89510355.0,462486159336.0,46.388,53.612,369.4,0.009,0.035,46.292,115.16,-8.393999999999998,0.46388,0.53612,0.2826925431615036,0.43324879937273353,52.26421841155341,Mixed Performer
Vietnam,2013,VNM,90573103.0,488172621311.0,46.569,53.431,371.36,0.008,0.056,46.457,124.46,-8.212999999999994,0.46569000000000005,0.53431,0.2841924819395127,0.43435754189944137,52.351951080003815,Mixed Performer
Vietnam,2014,VNM,91679582.0,519523061605.0,44.106,55.894,401.13,0.007,0.05,44.007,141.25,-10.675999999999995,0.44106,0.55894,0.3069747153177421,0.4192700676271685,50.07828313146398,Mixed Performer
Vietnam,2015,VNM,92823254.0,555822142751.0,34.78,65.22,483.73,0.006,0.074,34.657,161.93,-20.001999999999995,0.3478,0.6522,0.3701864209624097,0.3621422620797805,42.04547340713646,Mixed Performer
Vietnam,2016,VNM,94000115.0,593006635951.0,35.871,64.129,489.09,0.006,0.112,35.687,179.17,-18.910999999999994,0.35871000000000003,0.64129,0.3742882943553324,0.3688253454866216,42.69777282341602,Mixed Performer
Vietnam,2017,VNM,95176978.0,634161327073.0,44.428,55.572,430.52,0.005,0.18,44.135,194.72,-10.354,0.44428,0.55572,0.32946614423901066,0.421242526707831,49.7387842946422,Mixed Performer
Vietnam,2018,VNM,96237319.0,681501440291.0,38.714,61.286,482.87,0.009,0.226,38.254,217.18,-16.067999999999998,0.38714,0.6128600000000001,0.3695282845598139,0.386240566500049,44.783801383505384,Mixed Performer
Vietnam,2019,VNM,97173778.0,731653148132.0,30.398,69.602,553.89,2.035,0.304,27.912,236.89,-24.383999999999997,0.30398000000000003,0.6960200000000001,0.4238781070160402,0.33529966676467704,37.67134232606915,Transition Laggard
Vietnam,2020,VNM,98079196.0,752629620043.0,34.816,65.184,528.44,4.41,0.402,29.865,244.0,-19.965999999999994,0.34816,0.65184,0.4044018611485246,0.3623627854552583,41.21499525311576,Mixed Performer
Vietnam,2021,VNM,98935101.0,771912038182.0,42.774,57.226,475.06,10.311,1.317,31.02,253.61,-12.007999999999996,0.42774,0.57226,0.36355148769437984,0.4111107027344899,47.742273348657854,Mixed Performer
Vietnam,2022,VNM,99680656.0,833803909046.0,49.462,50.538,415.41,9.713,3.429,36.177,265.11,-5.319999999999993,0.49462000000000006,0.5053799999999999,0.3179028407003796,0.4520790453788102,53.51081466317267,Mixed Performer
Vietnam,2023,VNM,100352189.0,,42.941,57.059,472.4,9.288,4.19,29.148,276.59,-11.840999999999994,0.42941,0.57059,0.3615158564956532,0.41213368617073415,47.908708880169684,Mixed Performer
Vietnam,2024,VNM,100987685.0,,42.282,57.718,484.32,8.518,4.2,29.225,303.58,-12.5,0.42282,0.57718,0.3706379331455859,0.40809688326962656,47.22470492040475,Mixed Performer
Vietnam,2025,VNM,101598530.0,,45.418,54.582,460.73,7.432,4.636,33.017,309.99,-9.363999999999997,0.45418000000000003,0.54582,0.35258509856740544,0.42730691953347055,49.84577632881692,Mixed Performer
Western Sahara,2000,ESH,271946.0,,0.0,100.0,625.0,0.0,0.0,0.0,0.08,0.0,0.0,1.0,0.478296804212073,0.48466749975497403,20.312592391022786,Transition Laggard
Western Sahara,2001,ESH,285197.0,,0.0,100.0,625.0,0.0,0.0,0.0,0.08,0.0,0.0,1.0,0.478296804212073,0.48466749975497403,20.312592391022786,Transition Laggard
Western Sahara,2002,ESH,298468.0,,0.0,100.0,666.67,0.0,0.0,0.0,0.09,0.0,0.0,1.0,0.5101858087425003,0.48466749975497403,19.515367277762103,Transition Laggard
Western Sahara,2003,ESH,311791.0,,0.0,100.0,666.67,0.0,0.0,0.0,0.09,0.0,0.0,1.0,0.5101858087425003,0.48466749975497403,19.515367277762103,Transition Laggard
Western Sahara,2004,ESH,325197.0,,0.0,100.0,666.67,0.0,0.0,0.0,0.09,0.0,0.0,1.0,0.5101858087425003,0.48466749975497403,19.515367277762103,Transition Laggard
Western Sahara,2005,ESH,338704.0,,0.0,100.0,666.67,0.0,0.0,0.0,0.09,0.0,0.0,1.0,0.5101858087425003,0.48466749975497403,19.515367277762103,Transition Laggard
Western Sahara,2006,ESH,352658.0,,0.0,100.0,666.67,0.0,0.0,0.0,0.09,0.0,0.0,1.0,0.5101858087425003,0.48466749975497403,19.515367277762103,Transition Laggard
Western Sahara,2007,ESH,366874.0,,0.0,100.0,666.67,0.0,0.0,0.0,0.09,0.0,0.0,1.0,0.5101858087425003,0.48466749975497403,19.515367277762103,Transition Laggard
Western Sahara,2008,ESH,380834.0,,0.0,100.0,666.67,0.0,0.0,0.0,0.09,0.0,0.0,1.0,0.5101858087425003,0.48466749975497403,19.515367277762103,Transition Laggard
Western Sahara,2009,ESH,394959.0,,0.0,100.0,666.67,0.0,0.0,0.0,0.09,0.0,0.0,1.0,0.5101858087425003,0.48466749975497403,19.515367277762103,Transition Laggard
Yemen,2000,YEM,19624139.0,72599512561.0,0.0,100.0,656.89,0.0,0.0,0.0,3.41,0.0,0.0,1.0,0.5027014203501898,0.48466749975497403,19.702476987569863,Transition Laggard
Yemen,2001,YEM,20226146.0,75472904917.0,0.0,100.0,659.34,0.0,0.0,0.0,3.64,0.0,0.0,1.0,0.5045763438227011,0.48466749975497403,19.655603900757082,Transition Laggard
Yemen,2002,YEM,20835092.0,78586481705.0,0.0,100.0,657.83,0.0,0.0,0.0,3.77,0.0,0.0,1.0,0.5034207787437248,0.48466749975497403,19.684493027731488,Transition Laggard
Yemen,2003,YEM,21456379.0,81575438214.0,0.0,100.0,658.54,0.0,0.0,0.0,4.1,0.0,0.0,1.0,0.5039641239133097,0.48466749975497403,19.67090939849187,Transition Laggard
Yemen,2004,YEM,22095161.0,84847429283.0,0.0,100.0,658.26,0.0,0.0,0.0,4.36,0.0,0.0,1.0,0.5037498469450227,0.48466749975497403,19.676266322699043,Transition Laggard
Yemen,2005,YEM,22790082.0,89711703960.0,0.0,100.0,658.28,0.0,0.0,0.0,4.77,0.0,0.0,1.0,0.5037651524427574,0.48466749975497403,19.675883685255673,Transition Laggard
Yemen,2006,YEM,23543090.0,92691658274.0,0.0,100.0,658.63,0.0,0.0,0.0,5.39,0.0,0.0,1.0,0.5040329986531162,0.48466749975497403,19.669187529996705,Transition Laggard
Yemen,2007,YEM,24318090.0,95906720954.0,0.0,100.0,658.38,0.0,0.0,0.0,6.03,0.0,0.0,1.0,0.5038416799314314,0.48466749975497403,19.673970498038827,Transition Laggard
Yemen,2008,YEM,25111941.0,99520984206.0,0.0,100.0,658.02,0.0,0.0,0.0,6.55,0.0,0.0,1.0,0.5035661809722052,0.48466749975497403,19.68085797201948,Transition Laggard
Yemen,2009,YEM,25927723.0,103506292712.0,0.0,100.0,657.78,0.0,0.0,0.0,6.75,0.0,0.0,1.0,0.5033825149993878,0.48466749975497403,19.685449621339917,Transition Laggard
Yemen,2010,YEM,26754383.0,111622920604.0,0.0,100.0,703.61,0.0,0.0,0.0,7.76,0.0,0.0,1.0,0.5384550630586507,0.48466749975497403,18.808635919858343,Transition Laggard
Yemen,2011,YEM,27582902.0,97623324312.0,0.0,100.0,694.04,0.0,0.0,0.0,6.21,0.0,0.0,1.0,0.5311313823925554,0.48466749975497403,18.991727936510724,Transition Laggard
Yemen,2012,YEM,28433655.0,99959450246.0,0.0,100.0,711.46,0.0,0.0,0.0,7.07,0.0,0.0,1.0,0.5444624709195544,0.48466749975497403,18.65845072333575,Transition Laggard
Yemen,2013,YEM,29312955.0,104781489392.0,0.0,100.0,712.94,0.0,0.0,0.0,8.5,0.0,0.0,1.0,0.5455950777519285,0.48466749975497403,18.630135552526397,Transition Laggard
Yemen,2014,YEM,30226311.0,104583458743.0,0.131,99.869,723.24,0.131,0.0,0.0,7.66,0.131,0.0013100000000000002,0.99869,0.5534774090853435,0.4854699598157405,18.52371417010252,Transition Laggard
Yemen,2015,YEM,31159378.0,75305316956.0,2.083,97.917,713.54,2.083,0.0,0.0,5.76,2.083,0.02083,0.97917,0.5460542426839721,0.49742722728609234,20.059852342192087,Transition Laggard
Yemen,2016,YEM,32109023.0,68245442015.0,3.326,96.674,694.39,3.326,0.0,0.0,4.81,3.326,0.03326,0.96674,0.5313992286029141,0.5050414093893952,21.28624042576807,Transition Laggard
Yemen,2017,YEM,33090923.0,64784033932.0,4.691,95.309,669.14,4.691,0.0,0.0,4.05,4.691,0.04691,0.95309,0.5120760377127465,0.5134029207095953,22.713742867825268,Transition Laggard
Yemen,2018,YEM,34085181.0,65271212493.0,13.754,86.246,590.26,13.754,0.0,0.0,3.49,13.754,0.13754,0.86246,0.4517111546467491,0.5689196804861315,30.493416341123243,Transition Laggard
Yemen,2019,YEM,35111416.0,66185009341.0,14.634,85.366,585.37,14.634,0.0,0.0,3.28,14.634,0.14634,0.85366,0.44796896045059387,0.5743102518867,31.195829767035654,Transition Laggard
Yemen,2020,YEM,36134867.0,60559285911.0,16.667,83.333,578.23,16.667,0.0,0.0,2.94,16.667,0.16667,0.83333,0.44250489775927515,0.5867636969518769,32.73903301029627,Transition Laggard
Yemen,2021,YEM,37140234.0,59953691816.0,17.123,82.877,589.04,17.123,0.0,0.0,2.92,17.123,0.17123000000000002,0.82877,0.4507775192849271,0.5895569930412624,32.84771691349576,Transition Laggard
Yemen,2022,YEM,38222878.0,60852995288.0,16.832,83.168,584.16,16.832,0.0,0.0,3.03,16.832,0.16832,0.8316800000000001,0.44704297783763924,0.5877744290894835,32.739741990401264,Transition Laggard
Yemen,2023,YEM,39390800.0,,10.156,89.844,597.66,10.156,0.0,0.0,5.12,10.156,0.10156000000000001,0.8984399999999999,0.45737418880862,0.5468795942369892,27.862439193339338,Transition Laggard
Yemen,2024,YEM,40583173.0,,11.238,88.762,592.38,11.238,0.0,0.0,5.25,11.238,0.11238,0.8876200000000001,0.45333353740663646,0.5535075467999608,28.712074766833496,Transition Laggard
Zambia,2000,ZMB,10017633.0,15211406947.0,99.481,0.519,27.24,0.0,0.0,99.481,7.71,0.0,0.99481,0.00519,0.020846087914778988,0.48466749975497403,91.43746029845514,Transition Leader
Zambia,2001,ZMB,10325186.0,16519069217.0,99.37,0.63,28.97,0.0,0.0,99.37,7.94,-0.11099999999999,0.9937,0.0063,0.022170013468838005,0.4839875526805842,91.32756295348781,Transition Leader
Zambia,2002,ZMB,10647955.0,17827940431.0,99.265,0.735,29.41,0.0,0.0,99.265,8.16,-0.21599999999999397,0.99265,0.00735,0.022506734419003305,0.48334435950210725,91.24649703205652,Transition Leader
Zambia,2003,ZMB,10983604.0,19691239689.0,99.279,0.721,30.05,0.0,0.0,99.279,8.32,-0.20199999999999818,0.99279,0.00721,0.02299651034651647,0.48343011859257085,91.24393902022564,Transition Leader
Zambia,2004,ZMB,11338201.0,21770250951.0,99.412,0.588,28.2,0.0,0.0,99.412,8.51,-0.0689999999999884,0.9941200000000001,0.00588,0.021580751806048733,0.484244829951975,91.37135365412841,Transition Leader
Zambia,2005,ZMB,11718819.0,24119806314.0,99.329,0.671,29.08,0.0,0.0,99.329,8.94,-0.15200000000000102,0.99329,0.006710000000000001,0.022254193706379332,0.4837364010585122,91.2970911732182,Transition Leader
Zambia,2006,ZMB,12129560.0,26908652008.0,99.897,0.103,24.79,0.0,0.0,99.897,9.68,0.416000000000011,0.99897,0.0010299999999999999,0.018971164442267662,0.4872157698716065,91.7721574370174,Transition Leader
Zambia,2007,ZMB,12565093.0,30152606854.0,99.896,0.104,24.9,0.0,0.0,99.896,9.64,0.41500000000000625,0.9989600000000001,0.00104,0.019055344679808985,0.48720964422228763,91.7693610463391,Transition Leader
Zambia,2008,ZMB,13021327.0,33594604263.0,99.895,0.105,25.18,0.0,0.0,99.895,9.53,0.4140000000000015,0.99895,0.00105,0.019269621648095998,0.48720351857296873,91.76331223739213,Transition Leader
Zambia,2009,ZMB,13490395.0,37919541851.0,99.899,0.101,24.27,0.0,0.0,99.899,9.89,0.41800000000000637,0.99899,0.00101,0.01857322150116322,0.4872280211702441,91.78348978002458,Transition Leader
Zambia,2010,ZMB,13965592.0,43221855090.0,99.904,0.096,24.88,0.0,0.0,99.904,10.45,0.4230000000000018,0.99904,0.00096,0.0190400391820742,0.4872586494168382,91.77527876170072,Transition Leader
Zambia,2011,ZMB,14437796.0,47143916201.0,99.913,0.087,24.37,0.0,0.0,99.913,11.49,0.43200000000000216,0.99913,0.00087,0.01864974898983715,0.48731378026070765,91.79126297916469,Transition Leader
Zambia,2012,ZMB,14913631.0,50725916750.0,99.838,0.162,24.25,0.0,0.0,99.838,12.37,0.3569999999999993,0.9983799999999999,0.0016200000000000001,0.018557916003428432,0.48685435656179554,91.74166744834122,Transition Leader
Zambia,2013,ZMB,15399000.0,53291123090.0,99.85,0.15,24.81,0.0,0.0,99.85,13.3,0.3689999999999998,0.9984999999999999,0.0015,0.01898646994000245,0.4869278643536215,91.73925621680425,Transition Leader
Zambia,2014,ZMB,15895320.0,55794746119.0,97.176,2.824,42.7,0.0,0.0,96.694,14.52,-2.3049999999999926,0.9717600000000001,0.028239999999999998,0.03267723766376883,0.47054787807507603,89.54688722953192,Transition Leader
Zambia,2015,ZMB,16399092.0,57423952993.0,97.039,2.961,43.67,0.0,0.0,96.521,13.51,-2.441999999999993,0.9703900000000001,0.029609999999999997,0.03341955430390597,0.46970866411839657,89.4335411041783,Transition Leader
Zambia,2016,ZMB,16914428.0,59592851316.0,94.308,5.692,65.42,0.0,0.0,93.628,11.77,-5.172999999999988,0.9430800000000001,0.056920000000000005,0.050064283090486106,0.4529795158286779,87.12788566016802,Transition Leader
Zambia,2017,ZMB,17441328.0,61680980857.0,86.332,13.668,125.0,0.0,0.0,85.783,14.56,-13.149000000000001,0.86332,0.13668,0.0956593608424146,0.4041213368617073,80.46953603186525,Transition Leader
Zambia,2018,ZMB,17973574.0,64169815579.0,84.644,15.356,140.66,0.0,0.0,84.214,16.28,-14.836999999999989,0.8464400000000001,0.15356,0.10764356556875229,0.3937812408115261,79.00202947295408,Transition Leader
Zambia,2019,ZMB,18513839.0,65094496543.0,84.652,15.348,138.61,0.811,0.0,83.367,14.79,-14.828999999999994,0.84652,0.15348,0.10607475205093671,0.3938302460060767,79.04678488881773,Transition Leader
Zambia,2020,ZMB,19059394.0,63281615083.0,85.489,14.511,135.26,0.985,0.0,83.979,15.23,-13.99199999999999,0.85489,0.14511,0.10351108118035998,0.3989574144859356,79.68998418778004,Transition Leader
Zambia,2021,ZMB,19603610.0,66191936884.0,91.986,8.014,86.91,0.847,0.0,90.688,17.72,-7.49499999999999,0.91986,0.08013999999999999,0.06651004040651402,0.4387557581103598,85.11018536149254,Transition Leader
Zambia,2022,ZMB,20152935.0,68469600029.0,88.906,11.094,111.97,0.719,0.0,87.776,19.47,-10.574999999999989,0.8890600000000001,0.11094,0.0856878290682013,0.4198887582083701,82.49973564642052,Transition Leader
Zambia,2023,ZMB,20723967.0,,89.003,10.997,111.0,0.771,0.0,87.821,19.46,-10.477999999999994,0.89003,0.10997,0.08494551242806417,0.4204829461922964,82.58540638218284,Transition Leader
Zambia,2024,ZMB,21314962.0,,87.475,12.525,119.68,0.862,0.0,86.207,19.72,-12.006,0.8747499999999999,0.12525,0.09158809844496144,0.4111229540331275,81.36214184937288,Transition Leader
Zimbabwe,2000,ZWE,11892055.0,26765004403.0,45.637,54.363,476.4,0.0,0.0,45.637,6.99,0.0,0.45637,0.5436300000000001,0.3645769560426105,0.48466749975497403,50.53778859525935,Mixed Performer
Zimbabwe,2001,ZWE,11971904.0,26781181341.0,37.468,62.532,544.3,0.0,0.0,37.468,7.9,-8.168999999999997,0.37468000000000007,0.62532,0.41653912085221007,0.4346270704694698,43.5867280357368,Mixed Performer
Zimbabwe,2002,ZWE,12087661.0,24872482259.0,44.406,55.594,487.18,0.0,0.0,44.406,8.58,-1.2310000000000016,0.44406,0.55594,0.37282661932166034,0.477126825443497,49.479836898610955,Mixed Performer
Zimbabwe,2003,ZWE,12232324.0,20952016540.0,60.751,39.249,351.54,0.0,0.0,60.751,8.79,15.113999999999997,0.60751,0.39249,0.26902473368433943,0.5772505635597374,63.38374011128758,Emerging Improver
Zimbabwe,2004,ZWE,12365901.0,19792844101.0,56.584,43.416,384.77,0.0,0.0,56.584,9.72,10.947000000000003,0.56584,0.43416,0.2944548181706869,0.5517249828481819,59.86490428845557,Mixed Performer
Zimbabwe,2005,ZWE,12483433.0,18444472497.0,52.457,47.543,419.87,0.0,0.0,52.457,9.36,6.82,0.52457,0.47543,0.32131596669523693,0.5264444281093796,56.337967254259766,Mixed Performer
Zimbabwe,2006,ZWE,12636442.0,18043000167.0,67.794,32.206,294.49,0.0,0.0,66.541,7.98,22.156999999999996,0.67794,0.32206,0.2253658013958614,0.6203935117122414,69.3481576407871,Emerging Improver
Zimbabwe,2007,ZWE,12804062.0,17769105175.0,71.579,28.421,261.84,0.0,0.0,70.789,7.6,25.941999999999993,0.7157899999999999,0.28421,0.2003795763438227,0.6435790943840047,72.59159700716451,Emerging Improver
Zimbabwe,2008,ZWE,12959154.0,15050245186.0,75.885,24.115,226.74,0.0,0.0,74.836,7.63,30.248000000000005,0.75885,0.24115,0.17351842781927268,0.6699561403508772,76.24238140978134,Transition Leader
Zimbabwe,2009,ZWE,13142791.0,16275797005.0,75.72,24.28,226.34,0.0,0.0,74.897,7.29,30.083,0.7572,0.24280000000000002,0.17321231786457697,0.6689454082132706,76.13587317658462,Transition Leader
Zimbabwe,2010,ZWE,13356551.0,17918418386.0,67.94,32.06,292.82,0.0,0.0,67.13,8.64,22.302999999999997,0.6794,0.32060000000000005,0.22408779233500672,0.6212878565127904,69.48112303931669,Emerging Improver
Zimbabwe,2011,ZWE,13595421.0,19554105000.0,57.688,42.312,377.32,0.0,0.0,56.707,9.17,12.051000000000002,0.5768800000000001,0.42312,0.288753520264479,0.5584876996961678,60.77127748883054,Emerging Improver
Zimbabwe,2012,ZWE,13817887.0,22811427551.0,60.219,39.781,357.38,0.0,0.0,58.907,9.15,14.582,0.60219,0.39781,0.27349393902289704,0.5739917181221209,62.90392729625939,Emerging Improver
Zimbabwe,2013,ZWE,14013811.0,23261956135.0,53.774,46.226,410.9,0.0,0.0,52.411,9.54,8.137,0.53774,0.46226,0.31445145096118526,0.5345119082622758,57.4207923499045,Mixed Performer
Zimbabwe,2014,ZWE,14207367.0,23818844326.0,55.172,44.828,396.55,0.0,0.0,55.071,9.86,9.534999999999997,0.55172,0.44828,0.30346975633647605,0.5430755660099971,58.662589581738054,Mixed Performer
Zimbabwe,2015,ZWE,14399008.0,24246158745.0,52.555,47.445,420.23,0.104,0.0,52.033,9.59,6.917999999999999,0.52555,0.47445000000000004,0.3215914656544631,0.5270447417426247,56.39888448477779,Mixed Performer
Zimbabwe,2016,ZWE,14600297.0,24362052665.0,44.909,55.091,488.15,0.139,0.0,41.562,7.17,-0.7280000000000015,0.44909,0.55091,0.37356893596179747,0.4802080270508674,49.80929700671807,Mixed Performer
Zimbabwe,2017,ZWE,14812484.0,25576014023.0,54.702,45.298,403.97,0.132,0.0,52.583,7.55,9.064999999999998,0.54702,0.45298000000000005,0.30914809599608184,0.540196510830148,58.19544526255017,Mixed Performer
Zimbabwe,2018,ZWE,15034457.0,26786271482.0,55.673,44.327,395.55,0.106,0.0,53.552,9.43,10.036000000000001,0.5567300000000001,0.44327,0.3027044814497368,0.5461445163187298,59.02835570853752,Mixed Performer
Zimbabwe,2019,ZWE,15271377.0,25146416205.0,51.651,48.349,429.25,0.236,0.0,49.175,8.48,6.014000000000003,0.51651,0.48349,0.32849424513285175,0.5215071547584044,55.600851193054766,Mixed Performer
Zimbabwe,2020,ZWE,15526887.0,23178707175.0,58.569,41.431,371.09,0.298,0.0,56.781,6.71,12.932000000000002,0.58569,0.41430999999999996,0.28398585772009305,0.5638843967460551,61.500019508188494,Emerging Improver
Zimbabwe,2021,ZWE,15797220.0,25140088767.0,70.712,29.288,269.55,0.233,0.0,69.195,8.57,25.075000000000003,0.7071200000000001,0.29288000000000003,0.20627984572058283,0.638268156424581,71.84422620335414,Emerging Improver
Zimbabwe,2022,ZWE,16069061.0,25901585881.0,67.338,32.662,297.54,0.336,0.0,65.772,8.94,21.700999999999993,0.67338,0.32662,0.22769988980041633,0.6176002156228559,68.97430598933244,Emerging Improver
Zimbabwe,2023,ZWE,16340829.0,,56.156,43.844,392.39,0.3,0.0,54.655,9.99,10.518999999999998,0.56156,0.43844,0.3002862128076405,0.5491032049397236,59.42299275390484,Mixed Performer
Zimbabwe,2024,ZWE,16634366.0,,57.115,42.885,384.02,0.39,0.0,55.556,10.26,11.478000000000002,0.57115,0.42885,0.2938808620056324,0.5549777026364795,60.24664398940639,Emerging Improver
